// Auto-generated by tools/generate_emoji.py — DO NOT EDIT
// This header should only be included from src/emoji_data.cpp.
#ifndef MOVA_EMOJI_BITMAPS_H
#define MOVA_EMOJI_BITMAPS_H

#include <cstdint>
#include <pgmspace.h>

namespace mova {

static const uint8_t EMOJI_NEUTRAL[] PROGMEM = {
    0xFF, 0xD8, 0xFF, 0xE0, 0x00, 0x10, 0x4A, 0x46, 0x49, 0x46, 0x00, 0x01, 0x01, 0x00, 0x00, 0x01,
    0x00, 0x01, 0x00, 0x00, 0xFF, 0xDB, 0x00, 0x43, 0x00, 0x05, 0x03, 0x04, 0x04, 0x04, 0x03, 0x05,
    0x04, 0x04, 0x04, 0x05, 0x05, 0x05, 0x06, 0x07, 0x0C, 0x08, 0x07, 0x07, 0x07, 0x07, 0x0F, 0x0B,
    0x0B, 0x09, 0x0C, 0x11, 0x0F, 0x12, 0x12, 0x11, 0x0F, 0x11, 0x11, 0x13, 0x16, 0x1C, 0x17, 0x13,
    0x14, 0x1A, 0x15, 0x11, 0x11, 0x18, 0x21, 0x18, 0x1A, 0x1D, 0x1D, 0x1F, 0x1F, 0x1F, 0x13, 0x17,
    0x22, 0x24, 0x22, 0x1E, 0x24, 0x1C, 0x1E, 0x1F, 0x1E, 0xFF, 0xDB, 0x00, 0x43, 0x01, 0x05, 0x05,
    0x05, 0x07, 0x06, 0x07, 0x0E, 0x08, 0x08, 0x0E, 0x1E, 0x14, 0x11, 0x14, 0x1E, 0x1E, 0x1E, 0x1E,
    0x1E, 0x1E, 0x1E, 0x1E, 0x1E, 0x1E, 0x1E, 0x1E, 0x1E, 0x1E, 0x1E, 0x1E, 0x1E, 0x1E, 0x1E, 0x1E,
    0x1E, 0x1E, 0x1E, 0x1E, 0x1E, 0x1E, 0x1E, 0x1E, 0x1E, 0x1E, 0x1E, 0x1E, 0x1E, 0x1E, 0x1E, 0x1E,
    0x1E, 0x1E, 0x1E, 0x1E, 0x1E, 0x1E, 0x1E, 0x1E, 0x1E, 0x1E, 0x1E, 0x1E, 0x1E, 0x1E, 0xFF, 0xC0,
    0x00, 0x11, 0x08, 0x00, 0xF0, 0x01, 0x40, 0x03, 0x01, 0x22, 0x00, 0x02, 0x11, 0x01, 0x03, 0x11,
    0x01, 0xFF, 0xC4, 0x00, 0x1F, 0x00, 0x00, 0x01, 0x05, 0x01, 0x01, 0x01, 0x01, 0x01, 0x01, 0x00,
    0x00, 0x00, 0x00, 0x00, 0x00, 0x00, 0x00, 0x01, 0x02, 0x03, 0x04, 0x05, 0x06, 0x07, 0x08, 0x09,
    0x0A, 0x0B, 0xFF, 0xC4, 0x00, 0xB5, 0x10, 0x00, 0x02, 0x01, 0x03, 0x03, 0x02, 0x04, 0x03, 0x05,
    0x05, 0x04, 0x04, 0x00, 0x00, 0x01, 0x7D, 0x01, 0x02, 0x03, 0x00, 0x04, 0x11, 0x05, 0x12, 0x21,
    0x31, 0x41, 0x06, 0x13, 0x51, 0x61, 0x07, 0x22, 0x71, 0x14, 0x32, 0x81, 0x91, 0xA1, 0x08, 0x23,
    0x42, 0xB1, 0xC1, 0x15, 0x52, 0xD1, 0xF0, 0x24, 0x33, 0x62, 0x72, 0x82, 0x09, 0x0A, 0x16, 0x17,
    0x18, 0x19, 0x1A, 0x25, 0x26, 0x27, 0x28, 0x29, 0x2A, 0x34, 0x35, 0x36, 0x37, 0x38, 0x39, 0x3A,
    0x43, 0x44, 0x45, 0x46, 0x47, 0x48, 0x49, 0x4A, 0x53, 0x54, 0x55, 0x56, 0x57, 0x58, 0x59, 0x5A,
    0x63, 0x64, 0x65, 0x66, 0x67, 0x68, 0x69, 0x6A, 0x73, 0x74, 0x75, 0x76, 0x77, 0x78, 0x79, 0x7A,
    0x83, 0x84, 0x85, 0x86, 0x87, 0x88, 0x89, 0x8A, 0x92, 0x93, 0x94, 0x95, 0x96, 0x97, 0x98, 0x99,
    0x9A, 0xA2, 0xA3, 0xA4, 0xA5, 0xA6, 0xA7, 0xA8, 0xA9, 0xAA, 0xB2, 0xB3, 0xB4, 0xB5, 0xB6, 0xB7,
    0xB8, 0xB9, 0xBA, 0xC2, 0xC3, 0xC4, 0xC5, 0xC6, 0xC7, 0xC8, 0xC9, 0xCA, 0xD2, 0xD3, 0xD4, 0xD5,
    0xD6, 0xD7, 0xD8, 0xD9, 0xDA, 0xE1, 0xE2, 0xE3, 0xE4, 0xE5, 0xE6, 0xE7, 0xE8, 0xE9, 0xEA, 0xF1,
    0xF2, 0xF3, 0xF4, 0xF5, 0xF6, 0xF7, 0xF8, 0xF9, 0xFA, 0xFF, 0xC4, 0x00, 0x1F, 0x01, 0x00, 0x03,
    0x01, 0x01, 0x01, 0x01, 0x01, 0x01, 0x01, 0x01, 0x01, 0x00, 0x00, 0x00, 0x00, 0x00, 0x00, 0x01,
    0x02, 0x03, 0x04, 0x05, 0x06, 0x07, 0x08, 0x09, 0x0A, 0x0B, 0xFF, 0xC4, 0x00, 0xB5, 0x11, 0x00,
    0x02, 0x01, 0x02, 0x04, 0x04, 0x03, 0x04, 0x07, 0x05, 0x04, 0x04, 0x00, 0x01, 0x02, 0x77, 0x00,
    0x01, 0x02, 0x03, 0x11, 0x04, 0x05, 0x21, 0x31, 0x06, 0x12, 0x41, 0x51, 0x07, 0x61, 0x71, 0x13,
    0x22, 0x32, 0x81, 0x08, 0x14, 0x42, 0x91, 0xA1, 0xB1, 0xC1, 0x09, 0x23, 0x33, 0x52, 0xF0, 0x15,
    0x62, 0x72, 0xD1, 0x0A, 0x16, 0x24, 0x34, 0xE1, 0x25, 0xF1, 0x17, 0x18, 0x19, 0x1A, 0x26, 0x27,
    0x28, 0x29, 0x2A, 0x35, 0x36, 0x37, 0x38, 0x39, 0x3A, 0x43, 0x44, 0x45, 0x46, 0x47, 0x48, 0x49,
    0x4A, 0x53, 0x54, 0x55, 0x56, 0x57, 0x58, 0x59, 0x5A, 0x63, 0x64, 0x65, 0x66, 0x67, 0x68, 0x69,
    0x6A, 0x73, 0x74, 0x75, 0x76, 0x77, 0x78, 0x79, 0x7A, 0x82, 0x83, 0x84, 0x85, 0x86, 0x87, 0x88,
    0x89, 0x8A, 0x92, 0x93, 0x94, 0x95, 0x96, 0x97, 0x98, 0x99, 0x9A, 0xA2, 0xA3, 0xA4, 0xA5, 0xA6,
    0xA7, 0xA8, 0xA9, 0xAA, 0xB2, 0xB3, 0xB4, 0xB5, 0xB6, 0xB7, 0xB8, 0xB9, 0xBA, 0xC2, 0xC3, 0xC4,
    0xC5, 0xC6, 0xC7, 0xC8, 0xC9, 0xCA, 0xD2, 0xD3, 0xD4, 0xD5, 0xD6, 0xD7, 0xD8, 0xD9, 0xDA, 0xE2,
    0xE3, 0xE4, 0xE5, 0xE6, 0xE7, 0xE8, 0xE9, 0xEA, 0xF2, 0xF3, 0xF4, 0xF5, 0xF6, 0xF7, 0xF8, 0xF9,
    0xFA, 0xFF, 0xDA, 0x00, 0x0C, 0x03, 0x01, 0x00, 0x02, 0x11, 0x03, 0x11, 0x00, 0x3F, 0x00, 0xF8,
    0xCA, 0x8A, 0x28, 0xA0, 0x02, 0x8A, 0x28, 0xA0, 0x02, 0x8A, 0x28, 0xA0, 0x02, 0x8A, 0x28, 0xA0,
    0x02, 0x8A, 0x28, 0xA0, 0x02, 0x8A, 0x28, 0xA0, 0x02, 0x8A, 0x28, 0xA0, 0x02, 0x8A, 0x28, 0xA0,
    0x02, 0x8A, 0x28, 0xA0, 0x02, 0x8A, 0x28, 0xA0, 0x02, 0x8A, 0x28, 0xA0, 0x02, 0x8A, 0x28, 0xA0,
    0x02, 0x8A, 0x28, 0xA0, 0x02, 0x8A, 0x28, 0xA0, 0x02, 0x8A, 0x28, 0xA0, 0x02, 0x8A, 0x28, 0xA0,
    0x02, 0x8A, 0x28, 0xA0, 0x02, 0x8A, 0x28, 0xA0, 0x02, 0x8A, 0x28, 0xA0, 0x02, 0x8A, 0x28, 0xA0,
    0x02, 0x8A, 0x28, 0xA0, 0x02, 0x8A, 0x28, 0xA0, 0x02, 0x8A, 0x28, 0xA0, 0x02, 0x8A, 0x28, 0xA0,
    0x02, 0x8A, 0x28, 0xA0, 0x02, 0x8A, 0x28, 0xA0, 0x02, 0x8A, 0x28, 0xA0, 0x02, 0x8A, 0x28, 0xA0,
    0x02, 0x8A, 0x28, 0xA0, 0x02, 0x8A, 0x28, 0xA0, 0x02, 0x8A, 0x28, 0xA0, 0x02, 0x8A, 0x28, 0xA0,
    0x02, 0x8A, 0x28, 0xA0, 0x02, 0x8A, 0x28, 0xA0, 0x02, 0x8A, 0x28, 0xA0, 0x02, 0x8A, 0x28, 0xA0,
    0x02, 0x8A, 0x28, 0xA0, 0x02, 0x8A, 0x28, 0xA0, 0x02, 0x8A, 0x28, 0xA0, 0x02, 0x8A, 0x28, 0xA0,
    0x02, 0x8A, 0x28, 0xA0, 0x02, 0x8A, 0x28, 0xA0, 0x02, 0x8A, 0x28, 0xA0, 0x02, 0x8A, 0x28, 0xA0,
    0x02, 0x8A, 0x28, 0xA0, 0x02, 0x8A, 0x28, 0xA0, 0x02, 0x8A, 0x28, 0xA0, 0x02, 0x8A, 0x28, 0xA0,
    0x02, 0x8A, 0x28, 0xA0, 0x02, 0x8A, 0x28, 0xA0, 0x02, 0x8A, 0x28, 0xA0, 0x02, 0x8A, 0x28, 0xA0,
    0x02, 0x8A, 0x28, 0xA0, 0x02, 0x8A, 0x28, 0xA0, 0x02, 0x8A, 0x28, 0xA0, 0x02, 0x8A, 0x28, 0xA0,
    0x02, 0x8A, 0x28, 0xA0, 0x02, 0x8A, 0x28, 0xA0, 0x02, 0x8A, 0x28, 0xA0, 0x02, 0x8A, 0x28, 0xA0,
    0x02, 0x8A, 0x28, 0xA0, 0x02, 0x8A, 0x28, 0xA0, 0x02, 0x8A, 0x28, 0xA0, 0x02, 0x8A, 0x28, 0xA0,
    0x02, 0x8A, 0x28, 0xA0, 0x02, 0x8A, 0x28, 0xA0, 0x02, 0x8A, 0x28, 0xA0, 0x02, 0x8A, 0x28, 0xA0,
    0x02, 0x8A, 0x28, 0xA0, 0x02, 0x8A, 0x28, 0xA0, 0x02, 0x8A, 0x28, 0xA0, 0x02, 0x8A, 0x28, 0xA0,
    0x02, 0x8A, 0x28, 0xA0, 0x02, 0x8A, 0x28, 0xA0, 0x02, 0x8A, 0x28, 0xA0, 0x02, 0x8A, 0x28, 0xA0,
    0x02, 0x8A, 0x28, 0xA0, 0x02, 0x8A, 0x28, 0xA0, 0x02, 0x8A, 0x28, 0xA0, 0x02, 0x8A, 0x28, 0xA0,
    0x02, 0x8A, 0x28, 0xA0, 0x02, 0x8A, 0x28, 0xA0, 0x02, 0x8A, 0x28, 0xA0, 0x02, 0x8A, 0x28, 0xA0,
    0x02, 0x8A, 0x28, 0xA0, 0x02, 0x8A, 0x28, 0xA0, 0x02, 0x8A, 0x28, 0xA0, 0x02, 0x8A, 0x28, 0xA0,
    0x02, 0x8A, 0x28, 0xA0, 0x02, 0x8A, 0x28, 0xA0, 0x02, 0x8A, 0x28, 0xA0, 0x02, 0x8A, 0x28, 0xA0,
    0x02, 0x8A, 0x28, 0xA0, 0x02, 0x8A, 0x28, 0xA0, 0x02, 0x8A, 0x28, 0xA0, 0x02, 0x8A, 0x28, 0xA0,
    0x02, 0x8A, 0x28, 0xA0, 0x02, 0x8A, 0x28, 0xA0, 0x02, 0x8A, 0x28, 0xA0, 0x02, 0x8A, 0x28, 0xA0,
    0x02, 0x8A, 0x28, 0xA0, 0x02, 0x8A, 0x28, 0xA0, 0x02, 0x8A, 0x28, 0xA0, 0x02, 0x8A, 0x28, 0xA0,
    0x02, 0x8A, 0x28, 0xA0, 0x02, 0x8A, 0x28, 0xA0, 0x02, 0xB6, 0xBC, 0x0D, 0xE1, 0x9D, 0x57, 0xC6,
    0x5E, 0x2F, 0xD2, 0xBC, 0x2D, 0xA2, 0x43, 0xE6, 0xDF, 0xEA, 0x77, 0x29, 0x6F, 0x16, 0x55, 0x8A,
    0xA6, 0x4F, 0x32, 0x3E, 0xD0, 0x48, 0x45, 0x5C, 0xB3, 0x10, 0x0E, 0x15, 0x49, 0xED, 0x58, 0xB5,
    0xEB, 0x3F, 0xB1, 0xF6, 0xA9, 0x61, 0xA3, 0xFE, 0xD2, 0x5E, 0x0E, 0xBB, 0xD4, 0x67, 0xF2, 0x21,
    0x92, 0xE6, 0x5B, 0x55, 0x6D, 0x8C, 0xD9, 0x96, 0x78, 0x24, 0x86, 0x25, 0xC2, 0x82, 0x7E, 0x69,
    0x24, 0x45, 0xCF, 0x41, 0x9C, 0x9C, 0x00, 0x4D, 0x00, 0x7D, 0xF3, 0xF0, 0x3B, 0xE0, 0xEF, 0x84,
    0x7E, 0x13, 0xF8, 0x76, 0x0B, 0x3D, 0x1E, 0xCE, 0x1B, 0xAD, 0x60, 0xC4, 0x56, 0xF7, 0x59, 0x96,
    0x05, 0x17, 0x37, 0x25, 0xB6, 0x96, 0x00, 0xF2, 0x52, 0x2C, 0xA2, 0xE2, 0x30, 0x70, 0x36, 0x82,
    0x77, 0x36, 0x58, 0xED, 0x7C, 0x51, 0xF8, 0x75, 0xE1, 0x1F, 0x89, 0x3E, 0x1D, 0x97, 0x45, 0xF1,
    0x5E, 0x93, 0x0D, 0xD2, 0x98, 0x9D, 0x2D, 0xEE, 0xC2, 0x28, 0xB9, 0xB3, 0x2D, 0xB4, 0x97, 0x86,
    0x42, 0x09, 0x46, 0xCA, 0x21, 0x3D, 0x9B, 0x68, 0x0C, 0x19, 0x72, 0x0F, 0x59, 0x45, 0x00, 0x7E,
    0x4D, 0x7C, 0x69, 0xF8, 0x79, 0xAA, 0xFC, 0x2F, 0xF8, 0x87, 0xA8, 0x78, 0x47, 0x54, 0x97, 0xED,
    0x3F, 0x67, 0xDB, 0x25, 0xAD, 0xE2, 0xC2, 0xD1, 0xA5, 0xDC, 0x0E, 0x32, 0x92, 0x28, 0x6F, 0xC5,
    0x58, 0x02, 0xC0, 0x3A, 0xBA, 0x86, 0x6D, 0xB9, 0xAE, 0x32, 0xBE, 0x8C, 0xFF, 0x00, 0x82, 0x86,
    0x6A, 0x96, 0x1A, 0x87, 0xC7, 0xB8, 0x2D, 0x2C, 0xE7, 0xF3, 0x66, 0xD3, 0x34, 0x4B, 0x7B, 0x5B,
    0xC5, 0xD8, 0xC3, 0xCB, 0x94, 0xC9, 0x2C, 0xC1, 0x72, 0x46, 0x0F, 0xEE, 0xE6, 0x8D, 0xB2, 0x32,
    0x3E, 0x6C, 0x75, 0x04, 0x0F, 0x9C, 0xE8, 0x00, 0xA2, 0x8A, 0x28, 0x00, 0xA2, 0x8A, 0x28, 0x00,
    0xAD, 0xAF, 0x03, 0x78, 0x67, 0x55, 0xF1, 0x97, 0x8B, 0xF4, 0xAF, 0x0B, 0x68, 0x90, 0xF9, 0xB7,
    0xFA, 0x9D, 0xCA, 0x5B, 0xC5, 0x95, 0x62, 0xA9, 0x93, 0xCC, 0x8F, 0xB4, 0x12, 0x11, 0x57, 0x2C,
    0xC4, 0x03, 0x85, 0x52, 0x7B, 0x56, 0x2D, 0x7A, 0xCF, 0xEC, 0x7D, 0xAA, 0x58, 0x68, 0xFF, 0x00,
    0xB4, 0x97, 0x83, 0xAE, 0xF5, 0x19, 0xFC, 0x88, 0x64, 0xB9, 0x96, 0xD5, 0x5B, 0x63, 0x36, 0x65,
    0x9E, 0x09, 0x21, 0x89, 0x70, 0xA0, 0x9F, 0x9A, 0x49, 0x11, 0x73, 0xD0, 0x67, 0x27, 0x00, 0x13,
    0x40, 0x1F, 0x7C, 0xFC, 0x0E, 0xF8, 0x3B, 0xE1, 0x1F, 0x84, 0xFE, 0x1D, 0x82, 0xCF, 0x47, 0xB3,
    0x86, 0xEB, 0x58, 0x31, 0x15, 0xBD, 0xD6, 0x65, 0x81, 0x45, 0xCD, 0xC9, 0x6D, 0xA5, 0x80, 0x3C,
    0x94, 0x8B, 0x28, 0xB8, 0x8C, 0x1C, 0x0D, 0xA0, 0x9D, 0xCD, 0x96, 0x3B, 0x5F, 0x14, 0x7E, 0x1D,
    0x78, 0x47, 0xE2, 0x4F, 0x87, 0x65, 0xD1, 0x7C, 0x57, 0xA4, 0xC3, 0x74, 0xA6, 0x27, 0x4B, 0x7B,
    0xB0, 0x8A, 0x2E, 0x6C, 0xCB, 0x6D, 0x25, 0xE1, 0x90, 0x82, 0x51, 0xB2, 0x88, 0x4F, 0x66, 0xDA,
    0x03, 0x06, 0x5C, 0x83, 0xD6, 0x51, 0x40, 0x1F, 0x93, 0x5F, 0x1A, 0x7E, 0x1E, 0x6A, 0xBF, 0x0B,
    0xFE, 0x21, 0xEA, 0x1E, 0x11, 0xD5, 0x25, 0xFB, 0x4F, 0xD9, 0xF6, 0xC9, 0x6B, 0x78, 0xB0, 0xB4,
    0x69, 0x77, 0x03, 0x8C, 0xA4, 0x8A, 0x1B, 0xF1, 0x56, 0x00, 0xB0, 0x0E, 0xAE, 0xA1, 0x9B, 0x6E,
    0x6B, 0x8C, 0xAF, 0xA3, 0x3F, 0xE0, 0xA1, 0x9A, 0xA5, 0x86, 0xA1, 0xF1, 0xEE, 0x0B, 0x4B, 0x39,
    0xFC, 0xD9, 0xB4, 0xCD, 0x12, 0xDE, 0xD6, 0xF1, 0x76, 0x30, 0xF2, 0xE5, 0x32, 0x4B, 0x30, 0x5C,
    0x91, 0x83, 0xFB, 0xB9, 0xA3, 0x6C, 0x8C, 0x8F, 0x9B, 0x1D, 0x41, 0x03, 0xE7, 0x3A, 0x00, 0x28,
    0xA2, 0x8A, 0x00, 0x28, 0xA2, 0x8A, 0x00, 0x28, 0xA2, 0x8A, 0x00, 0x28, 0xA2, 0x8A, 0x00, 0x28,
    0xA2, 0x8A, 0x00, 0x28, 0xA2, 0x8A, 0x00, 0x28, 0xA2, 0x8A, 0x00, 0x28, 0xA2, 0x8A, 0x00, 0x28,
    0xA2, 0x8A, 0x00, 0x28, 0xA2, 0x8A, 0x00, 0x28, 0xA2, 0x8A, 0x00, 0x28, 0xA2, 0x8A, 0x00, 0x28,
    0xA2, 0x8A, 0x00, 0xFA, 0xE7, 0xE0, 0x77, 0xED, 0x89, 0x26, 0x85, 0xE1, 0xD8, 0x34, 0x1F, 0x89,
    0x7A, 0x66, 0xA7, 0xAC, 0xB5, 0xA4, 0x45, 0x61, 0xD5, 0xEC, 0x9D, 0x24, 0xB9, 0x98, 0x0D, 0xA1,
    0x12, 0x64, 0x90, 0xA8, 0x66, 0x03, 0x76, 0x65, 0xDF, 0x93, 0x85, 0xCA, 0x96, 0x2C, 0xE7, 0x6B,
    0xE2, 0x8F, 0xED, 0xA9, 0xA7, 0x4D, 0xE1, 0xD9, 0x6C, 0xFE, 0x1C, 0xF8, 0x7B, 0x53, 0x83, 0x54,
    0xB8, 0x89, 0xD0, 0x5F, 0xEA, 0xCB, 0x12, 0x2D, 0x99, 0xF9, 0x70, 0xE9, 0x12, 0x34, 0x82, 0x56,
    0xC1, 0x7C, 0x6E, 0x2A, 0x14, 0x85, 0x24, 0x38, 0xCA, 0xD7, 0xC5, 0x94, 0x50, 0x04, 0xF7, 0xF7,
    0x77, 0x57, 0xF7, 0xD7, 0x17, 0xD7, 0xD7, 0x33, 0x5D, 0x5D, 0xDC, 0xCA, 0xD3, 0x4F, 0x3C, 0xD2,
    0x17, 0x92, 0x57, 0x63, 0x96, 0x76, 0x63, 0xCB, 0x31, 0x24, 0x92, 0x4F, 0x24, 0x9A, 0x82, 0x8A,
    0x28, 0x00, 0xA2, 0x8A, 0x28, 0x00, 0xA2, 0x8A, 0x28, 0x00, 0xA2, 0x8A, 0x28, 0x03, 0xEB, 0x9F,
    0x81, 0xDF, 0xB6, 0x24, 0x9A, 0x17, 0x87, 0x60, 0xD0, 0x7E, 0x25, 0xE9, 0x9A, 0x9E, 0xB2, 0xD6,
    0x91, 0x15, 0x87, 0x57, 0xB2, 0x74, 0x92, 0xE6, 0x60, 0x36, 0x84, 0x49, 0x92, 0x42, 0xA1, 0x98,
    0x0D, 0xD9, 0x97, 0x7E, 0x4E, 0x17, 0x2A, 0x58, 0xB3, 0x9D, 0xAF, 0x8A, 0x3F, 0xB6, 0xA6, 0x9D,
    0x37, 0x87, 0x65, 0xB3, 0xF8, 0x73, 0xE1, 0xED, 0x4E, 0x0D, 0x52, 0xE2, 0x27, 0x41, 0x7F, 0xAB,
    0x2C, 0x48, 0xB6, 0x67, 0xE5, 0xC3, 0xA4, 0x48, 0xD2, 0x09, 0x5B, 0x05, 0xF1, 0xB8, 0xA8, 0x52,
    0x14, 0x90, 0xE3, 0x2B, 0x5F, 0x16, 0x51, 0x40, 0x13, 0xDF, 0xDD, 0xDD, 0x5F, 0xDF, 0x5C, 0x5F,
    0x5F, 0x5C, 0xCD, 0x75, 0x77, 0x73, 0x2B, 0x4D, 0x3C, 0xF3, 0x48, 0x5E, 0x49, 0x5D, 0x8E, 0x59,
    0xD9, 0x8F, 0x2C, 0xC4, 0x92, 0x49, 0x3C, 0x92, 0x6A, 0x0A, 0x28, 0xA0, 0x02, 0x8A, 0x28, 0xA0,
    0x02, 0x8A, 0x28, 0xA0, 0x02, 0x8A, 0x28, 0xA0, 0x02, 0x8A, 0x28, 0xA0, 0x02, 0x8A, 0x28, 0xA0,
    0x02, 0x8A, 0x28, 0xA0, 0x02, 0x8A, 0x28, 0xA0, 0x02, 0x8A, 0x28, 0xA0, 0x02, 0x8A, 0x28, 0xA0,
    0x02, 0x8A, 0x28, 0xA0, 0x02, 0x8A, 0x28, 0xA0, 0x02, 0x8A, 0x28, 0xA0, 0x02, 0x8A, 0x28, 0xA0,
    0x02, 0x8A, 0x28, 0xA0, 0x02, 0x8A, 0x28, 0xA0, 0x02, 0x8A, 0x28, 0xA0, 0x02, 0x8A, 0x28, 0xA0,
    0x02, 0x8A, 0x28, 0xA0, 0x02, 0x8A, 0x28, 0xA0, 0x02, 0x8A, 0x28, 0xA0, 0x02, 0x8A, 0x28, 0xA0,
    0x02, 0x8A, 0x28, 0xA0, 0x02, 0x8A, 0x28, 0xA0, 0x02, 0x8A, 0x28, 0xA0, 0x02, 0x8A, 0x28, 0xA0,
    0x02, 0x8A, 0x28, 0xA0, 0x02, 0x8A, 0x28, 0xA0, 0x02, 0x8A, 0x28, 0xA0, 0x02, 0x8A, 0x28, 0xA0,
    0x02, 0x8A, 0x28, 0xA0, 0x02, 0x8A, 0x28, 0xA0, 0x02, 0x8A, 0x28, 0xA0, 0x02, 0x8A, 0x28, 0xA0,
    0x02, 0x8A, 0x28, 0xA0, 0x02, 0x8A, 0x28, 0xA0, 0x02, 0x8A, 0x28, 0xA0, 0x02, 0x8A, 0x28, 0xA0,
    0x02, 0x8A, 0x28, 0xA0, 0x02, 0x8A, 0x28, 0xA0, 0x02, 0x8A, 0x28, 0xA0, 0x02, 0x8A, 0x28, 0xA0,
    0x02, 0x8A, 0x28, 0xA0, 0x02, 0x8A, 0x28, 0xA0, 0x02, 0x8A, 0x28, 0xA0, 0x02, 0x8A, 0x28, 0xA0,
    0x02, 0x8A, 0x28, 0xA0, 0x02, 0x8A, 0x28, 0xA0, 0x02, 0x8A, 0x28, 0xA0, 0x02, 0x8A, 0x28, 0xA0,
    0x02, 0x8A, 0x28, 0xA0, 0x02, 0x8A, 0x28, 0xA0, 0x02, 0x8A, 0x28, 0xA0, 0x02, 0x8A, 0x28, 0xA0,
    0x02, 0x8A, 0x28, 0xA0, 0x0F, 0x73, 0xF8, 0x5B, 0xFB, 0x2F, 0xF8, 0xFB, 0xE2, 0x27, 0x81, 0x34,
    0xEF, 0x18, 0xE8, 0x9A, 0xBF, 0x86, 0x6D, 0xEC, 0x35, 0x0F, 0x37, 0xCA, 0x8E, 0xF2, 0xE6, 0x75,
    0x95, 0x7C, 0xB9, 0x5E, 0x23, 0xB8, 0x2C, 0x2C, 0x3E, 0xF2, 0x1C, 0x60, 0x9E, 0x31, 0xF4, 0xAE,
    0x9B, 0xFE, 0x18, 0xAB, 0xE2, 0x9F, 0xFD, 0x07, 0xFC, 0x19, 0xFF, 0x00, 0x81, 0x97, 0x3F, 0xFC,
    0x8F, 0x5E, 0x19, 0xA2, 0x7C, 0x42, 0xF1, 0xF6, 0x87, 0xA5, 0xC3, 0xA5, 0xE8, 0x9E, 0x38, 0xF1,
    0x36, 0x99, 0x61, 0x06, 0xEF, 0x2A, 0xD6, 0xCF, 0x55, 0x9E, 0x18, 0xA3, 0xDC, 0xC5, 0x8E, 0xD4,
    0x56, 0x00, 0x65, 0x89, 0x27, 0x03, 0xA9, 0x26, 0xAE, 0xFF, 0x00, 0xC2, 0xD8, 0xF8, 0xA7, 0xFF,
    0x00, 0x45, 0x2F, 0xC6, 0x7F, 0xF8, 0x3D, 0xB9, 0xFF, 0x00, 0xE2, 0xE8, 0x03, 0xD9, 0xBF, 0xE1,
    0x8A, 0xBE, 0x29, 0xFF, 0x00, 0xD0, 0x7F, 0xC1, 0x9F, 0xF8, 0x19, 0x73, 0xFF, 0x00, 0xC8, 0xF4,
    0x7F, 0xC3, 0x15, 0x7C, 0x53, 0xFF, 0x00, 0xA0, 0xFF, 0x00, 0x83, 0x3F, 0xF0, 0x32, 0xE7, 0xFF,
    0x00, 0x91, 0xEB, 0xC6, 0x7F, 0xE1, 0x6C, 0x7C, 0x53, 0xFF, 0x00, 0xA2, 0x97, 0xE3, 0x3F, 0xFC,
    0x1E, 0xDC, 0xFF, 0x00, 0xF1, 0x74, 0x7F, 0xC2, 0xD8, 0xF8, 0xA7, 0xFF, 0x00, 0x45, 0x2F, 0xC6,
    0x7F, 0xF8, 0x3D, 0xB9, 0xFF, 0x00, 0xE2, 0xE8, 0x03, 0xD9, 0xBF, 0xE1, 0x8A, 0xBE, 0x29, 0xFF,
    0x00, 0xD0, 0x7F, 0xC1, 0x9F, 0xF8, 0x19, 0x73, 0xFF, 0x00, 0xC8, 0xF4, 0x7F, 0xC3, 0x15, 0x7C,
    0x53, 0xFF, 0x00, 0xA0, 0xFF, 0x00, 0x83, 0x3F, 0xF0, 0x32, 0xE7, 0xFF, 0x00, 0x91, 0xEB, 0xC6,
    0x7F, 0xE1, 0x6C, 0x7C, 0x53, 0xFF, 0x00, 0xA2, 0x97, 0xE3, 0x3F, 0xFC, 0x1E, 0xDC, 0xFF, 0x00,
    0xF1, 0x74, 0x7F, 0xC2, 0xD8, 0xF8, 0xA7, 0xFF, 0x00, 0x45, 0x2F, 0xC6, 0x7F, 0xF8, 0x3D, 0xB9,
    0xFF, 0x00, 0xE2, 0xE8, 0x03, 0xD9, 0xBF, 0xE1, 0x8A, 0xBE, 0x29, 0xFF, 0x00, 0xD0, 0x7F, 0xC1,
    0x9F, 0xF8, 0x19, 0x73, 0xFF, 0x00, 0xC8, 0xF5, 0x99, 0xE2, 0xCF, 0xD9, 0x13, 0xE2, 0x4F, 0x86,
    0xBC, 0x2B, 0xAB, 0x78, 0x8E, 0xFB, 0x5B, 0xF0, 0x94, 0x96, 0x9A, 0x55, 0x8C, 0xD7, 0xB3, 0xA4,
    0x37, 0x57, 0x06, 0x46, 0x48, 0x90, 0xBB, 0x05, 0x06, 0x00, 0x0B, 0x61, 0x4E, 0x32, 0x40, 0xCF,
    0x71, 0x5E, 0x59, 0xFF, 0x00, 0x0B, 0x63, 0xE2, 0x9F, 0xFD, 0x14, 0xBF, 0x19, 0xFF, 0x00, 0xE0,
    0xF6, 0xE7, 0xFF, 0x00, 0x8B, 0xA8, 0x6F, 0xFE, 0x26, 0xFC, 0x49, 0xBF, 0xB1, 0xB8, 0xB1, 0xBE,
    0xF8, 0x85, 0xE2, 0xDB, 0xAB, 0x4B, 0x98, 0x9A, 0x19, 0xE0, 0x9B, 0x59, 0xB8, 0x78, 0xE5, 0x46,
    0x18, 0x64, 0x65, 0x2F, 0x86, 0x52, 0x09, 0x04, 0x1E, 0x08, 0x34, 0x01, 0xC9, 0x51, 0x45, 0x14,
    0x00, 0x51, 0x45, 0x14, 0x00, 0x51, 0x45, 0x14, 0x00, 0x51, 0x45, 0x14, 0x00, 0x51, 0x45, 0x14,
    0x00, 0x51, 0x45, 0x14, 0x00, 0x51, 0x45, 0x14, 0x00, 0x51, 0x45, 0x14, 0x00, 0x51, 0x45, 0x14,
    0x00, 0x51, 0x45, 0x14, 0x00, 0x51, 0x45, 0x14, 0x00, 0x51, 0x45, 0x14, 0x00, 0x51, 0x45, 0x14,
    0x00, 0x51, 0x45, 0x14, 0x00, 0x51, 0x45, 0x14, 0x00, 0x51, 0x45, 0x14, 0x00, 0x51, 0x45, 0x14,
    0x00, 0x51, 0x45, 0x14, 0x00, 0x51, 0x45, 0x14, 0x00, 0x51, 0x45, 0x14, 0x00, 0x51, 0x45, 0x14,
    0x00, 0x51, 0x45, 0x14, 0x00, 0x51, 0x45, 0x14, 0x00, 0x51, 0x45, 0x14, 0x00, 0x51, 0x45, 0x14,
    0x00, 0x51, 0x45, 0x14, 0x00, 0x51, 0x45, 0x14, 0x00, 0x51, 0x45, 0x14, 0x00, 0x51, 0x45, 0x14,
    0x00, 0x51, 0x45, 0x14, 0x00, 0x51, 0x45, 0x14, 0x00, 0x51, 0x45, 0x14, 0x00, 0x51, 0x45, 0x14,
    0x00, 0x51, 0x45, 0x14, 0x00, 0x51, 0x45, 0x14, 0x00, 0x51, 0x45, 0x14, 0x00, 0x51, 0x45, 0x14,
    0x00, 0x51, 0x45, 0x14, 0x00, 0x51, 0x45, 0x14, 0x00, 0x51, 0x45, 0x14, 0x00, 0x51, 0x45, 0x14,
    0x00, 0x51, 0x45, 0x14, 0x00, 0x51, 0x45, 0x14, 0x00, 0x51, 0x45, 0x14, 0x00, 0x51, 0x45, 0x14,
    0x00, 0x51, 0x45, 0x14, 0x00, 0x51, 0x45, 0x14, 0x00, 0x51, 0x45, 0x14, 0x00, 0x51, 0x45, 0x14,
    0x00, 0x51, 0x45, 0x14, 0x00, 0x51, 0x45, 0x14, 0x00, 0x51, 0x45, 0x14, 0x00, 0x51, 0x45, 0x14,
    0x00, 0x51, 0x45, 0x14, 0x00, 0x51, 0x45, 0x14, 0x00, 0x51, 0x45, 0x14, 0x00, 0x51, 0x45, 0x14,
    0x00, 0x51, 0x45, 0x14, 0x00, 0x51, 0x45, 0x14, 0x00, 0x51, 0x45, 0x14, 0x00, 0x51, 0x45, 0x14,
    0x00, 0x51, 0x45, 0x14, 0x00, 0x51, 0x45, 0x14, 0x00, 0x51, 0x45, 0x14, 0x00, 0x51, 0x45, 0x14,
    0x00, 0x51, 0x45, 0x14, 0x00, 0x51, 0x45, 0x14, 0x00, 0x51, 0x45, 0x14, 0x00, 0x51, 0x45, 0x14,
    0x00, 0x51, 0x45, 0x14, 0x00, 0x51, 0x45, 0x14, 0x00, 0x51, 0x45, 0x14, 0x00, 0x51, 0x45, 0x14,
    0x00, 0x51, 0x45, 0x14, 0x00, 0x51, 0x45, 0x14, 0x00, 0x51, 0x45, 0x14, 0x00, 0x51, 0x45, 0x14,
    0x00, 0x51, 0x45, 0x14, 0x00, 0x51, 0x45, 0x14, 0x00, 0x51, 0x45, 0x14, 0x00, 0x51, 0x45, 0x14,
    0x00, 0x51, 0x45, 0x14, 0x00, 0x51, 0x45, 0x14, 0x00, 0x51, 0x45, 0x14, 0x00, 0x51, 0x45, 0x14,
    0x00, 0x51, 0x45, 0x14, 0x00, 0x51, 0x45, 0x14, 0x00, 0x51, 0x45, 0x14, 0x00, 0x51, 0x45, 0x14,
    0x00, 0x51, 0x45, 0x14, 0x00, 0x51, 0x45, 0x14, 0x00, 0x51, 0x45, 0x14, 0x00, 0x51, 0x45, 0x14,
    0x00, 0x51, 0x45, 0x14, 0x00, 0x51, 0x45, 0x14, 0x00, 0x51, 0x45, 0x14, 0x00, 0x51, 0x45, 0x14,
    0x00, 0x51, 0x45, 0x14, 0x00, 0x51, 0x45, 0x14, 0x00, 0x51, 0x45, 0x14, 0x00, 0x51, 0x45, 0x14,
    0x00, 0x51, 0x45, 0x14, 0x00, 0x51, 0x45, 0x14, 0x00, 0x51, 0x45, 0x14, 0x00, 0x51, 0x45, 0x14,
    0x00, 0x51, 0x45, 0x14, 0x00, 0x51, 0x45, 0x14, 0x00, 0x51, 0x45, 0x14, 0x01, 0xFF, 0xD9,
};

static const uint8_t EMOJI_GRINNING[] PROGMEM = {
    0xFF, 0xD8, 0xFF, 0xE0, 0x00, 0x10, 0x4A, 0x46, 0x49, 0x46, 0x00, 0x01, 0x01, 0x00, 0x00, 0x01,
    0x00, 0x01, 0x00, 0x00, 0xFF, 0xDB, 0x00, 0x43, 0x00, 0x05, 0x03, 0x04, 0x04, 0x04, 0x03, 0x05,
    0x04, 0x04, 0x04, 0x05, 0x05, 0x05, 0x06, 0x07, 0x0C, 0x08, 0x07, 0x07, 0x07, 0x07, 0x0F, 0x0B,
    0x0B, 0x09, 0x0C, 0x11, 0x0F, 0x12, 0x12, 0x11, 0x0F, 0x11, 0x11, 0x13, 0x16, 0x1C, 0x17, 0x13,
    0x14, 0x1A, 0x15, 0x11, 0x11, 0x18, 0x21, 0x18, 0x1A, 0x1D, 0x1D, 0x1F, 0x1F, 0x1F, 0x13, 0x17,
    0x22, 0x24, 0x22, 0x1E, 0x24, 0x1C, 0x1E, 0x1F, 0x1E, 0xFF, 0xDB, 0x00, 0x43, 0x01, 0x05, 0x05,
    0x05, 0x07, 0x06, 0x07, 0x0E, 0x08, 0x08, 0x0E, 0x1E, 0x14, 0x11, 0x14, 0x1E, 0x1E, 0x1E, 0x1E,
    0x1E, 0x1E, 0x1E, 0x1E, 0x1E, 0x1E, 0x1E, 0x1E, 0x1E, 0x1E, 0x1E, 0x1E, 0x1E, 0x1E, 0x1E, 0x1E,
    0x1E, 0x1E, 0x1E, 0x1E, 0x1E, 0x1E, 0x1E, 0x1E, 0x1E, 0x1E, 0x1E, 0x1E, 0x1E, 0x1E, 0x1E, 0x1E,
    0x1E, 0x1E, 0x1E, 0x1E, 0x1E, 0x1E, 0x1E, 0x1E, 0x1E, 0x1E, 0x1E, 0x1E, 0x1E, 0x1E, 0xFF, 0xC0,
    0x00, 0x11, 0x08, 0x00, 0xF0, 0x01, 0x40, 0x03, 0x01, 0x22, 0x00, 0x02, 0x11, 0x01, 0x03, 0x11,
    0x01, 0xFF, 0xC4, 0x00, 0x1F, 0x00, 0x00, 0x01, 0x05, 0x01, 0x01, 0x01, 0x01, 0x01, 0x01, 0x00,
    0x00, 0x00, 0x00, 0x00, 0x00, 0x00, 0x00, 0x01, 0x02, 0x03, 0x04, 0x05, 0x06, 0x07, 0x08, 0x09,
    0x0A, 0x0B, 0xFF, 0xC4, 0x00, 0xB5, 0x10, 0x00, 0x02, 0x01, 0x03, 0x03, 0x02, 0x04, 0x03, 0x05,
    0x05, 0x04, 0x04, 0x00, 0x00, 0x01, 0x7D, 0x01, 0x02, 0x03, 0x00, 0x04, 0x11, 0x05, 0x12, 0x21,
    0x31, 0x41, 0x06, 0x13, 0x51, 0x61, 0x07, 0x22, 0x71, 0x14, 0x32, 0x81, 0x91, 0xA1, 0x08, 0x23,
    0x42, 0xB1, 0xC1, 0x15, 0x52, 0xD1, 0xF0, 0x24, 0x33, 0x62, 0x72, 0x82, 0x09, 0x0A, 0x16, 0x17,
    0x18, 0x19, 0x1A, 0x25, 0x26, 0x27, 0x28, 0x29, 0x2A, 0x34, 0x35, 0x36, 0x37, 0x38, 0x39, 0x3A,
    0x43, 0x44, 0x45, 0x46, 0x47, 0x48, 0x49, 0x4A, 0x53, 0x54, 0x55, 0x56, 0x57, 0x58, 0x59, 0x5A,
    0x63, 0x64, 0x65, 0x66, 0x67, 0x68, 0x69, 0x6A, 0x73, 0x74, 0x75, 0x76, 0x77, 0x78, 0x79, 0x7A,
    0x83, 0x84, 0x85, 0x86, 0x87, 0x88, 0x89, 0x8A, 0x92, 0x93, 0x94, 0x95, 0x96, 0x97, 0x98, 0x99,
    0x9A, 0xA2, 0xA3, 0xA4, 0xA5, 0xA6, 0xA7, 0xA8, 0xA9, 0xAA, 0xB2, 0xB3, 0xB4, 0xB5, 0xB6, 0xB7,
    0xB8, 0xB9, 0xBA, 0xC2, 0xC3, 0xC4, 0xC5, 0xC6, 0xC7, 0xC8, 0xC9, 0xCA, 0xD2, 0xD3, 0xD4, 0xD5,
    0xD6, 0xD7, 0xD8, 0xD9, 0xDA, 0xE1, 0xE2, 0xE3, 0xE4, 0xE5, 0xE6, 0xE7, 0xE8, 0xE9, 0xEA, 0xF1,
    0xF2, 0xF3, 0xF4, 0xF5, 0xF6, 0xF7, 0xF8, 0xF9, 0xFA, 0xFF, 0xC4, 0x00, 0x1F, 0x01, 0x00, 0x03,
    0x01, 0x01, 0x01, 0x01, 0x01, 0x01, 0x01, 0x01, 0x01, 0x00, 0x00, 0x00, 0x00, 0x00, 0x00, 0x01,
    0x02, 0x03, 0x04, 0x05, 0x06, 0x07, 0x08, 0x09, 0x0A, 0x0B, 0xFF, 0xC4, 0x00, 0xB5, 0x11, 0x00,
    0x02, 0x01, 0x02, 0x04, 0x04, 0x03, 0x04, 0x07, 0x05, 0x04, 0x04, 0x00, 0x01, 0x02, 0x77, 0x00,
    0x01, 0x02, 0x03, 0x11, 0x04, 0x05, 0x21, 0x31, 0x06, 0x12, 0x41, 0x51, 0x07, 0x61, 0x71, 0x13,
    0x22, 0x32, 0x81, 0x08, 0x14, 0x42, 0x91, 0xA1, 0xB1, 0xC1, 0x09, 0x23, 0x33, 0x52, 0xF0, 0x15,
    0x62, 0x72, 0xD1, 0x0A, 0x16, 0x24, 0x34, 0xE1, 0x25, 0xF1, 0x17, 0x18, 0x19, 0x1A, 0x26, 0x27,
    0x28, 0x29, 0x2A, 0x35, 0x36, 0x37, 0x38, 0x39, 0x3A, 0x43, 0x44, 0x45, 0x46, 0x47, 0x48, 0x49,
    0x4A, 0x53, 0x54, 0x55, 0x56, 0x57, 0x58, 0x59, 0x5A, 0x63, 0x64, 0x65, 0x66, 0x67, 0x68, 0x69,
    0x6A, 0x73, 0x74, 0x75, 0x76, 0x77, 0x78, 0x79, 0x7A, 0x82, 0x83, 0x84, 0x85, 0x86, 0x87, 0x88,
    0x89, 0x8A, 0x92, 0x93, 0x94, 0x95, 0x96, 0x97, 0x98, 0x99, 0x9A, 0xA2, 0xA3, 0xA4, 0xA5, 0xA6,
    0xA7, 0xA8, 0xA9, 0xAA, 0xB2, 0xB3, 0xB4, 0xB5, 0xB6, 0xB7, 0xB8, 0xB9, 0xBA, 0xC2, 0xC3, 0xC4,
    0xC5, 0xC6, 0xC7, 0xC8, 0xC9, 0xCA, 0xD2, 0xD3, 0xD4, 0xD5, 0xD6, 0xD7, 0xD8, 0xD9, 0xDA, 0xE2,
    0xE3, 0xE4, 0xE5, 0xE6, 0xE7, 0xE8, 0xE9, 0xEA, 0xF2, 0xF3, 0xF4, 0xF5, 0xF6, 0xF7, 0xF8, 0xF9,
    0xFA, 0xFF, 0xDA, 0x00, 0x0C, 0x03, 0x01, 0x00, 0x02, 0x11, 0x03, 0x11, 0x00, 0x3F, 0x00, 0xF8,
    0xCA, 0x8A, 0x28, 0xA0, 0x02, 0x8A, 0x28, 0xA0, 0x02, 0x8A, 0x28, 0xA0, 0x02, 0x8A, 0x28, 0xA0,
    0x02, 0x8A, 0x28, 0xA0, 0x02, 0x8A, 0x28, 0xA0, 0x02, 0x8A, 0x28, 0xA0, 0x02, 0x8A, 0x28, 0xA0,
    0x02, 0x8A, 0x28, 0xA0, 0x02, 0x8A, 0x28, 0xA0, 0x02, 0x8A, 0x28, 0xA0, 0x02, 0x8A, 0x28, 0xA0,
    0x02, 0x8A, 0x28, 0xA0, 0x02, 0x8A, 0x28, 0xA0, 0x02, 0x8A, 0x28, 0xA0, 0x02, 0x8A, 0x28, 0xA0,
    0x02, 0x8A, 0x28, 0xA0, 0x02, 0x8A, 0x28, 0xA0, 0x02, 0x8A, 0x28, 0xA0, 0x02, 0x8A, 0x28, 0xA0,
    0x02, 0x8A, 0x28, 0xA0, 0x02, 0x8A, 0x28, 0xA0, 0x02, 0x8A, 0x28, 0xA0, 0x02, 0x8A, 0x28, 0xA0,
    0x02, 0x8A, 0x28, 0xA0, 0x02, 0x8A, 0x28, 0xA0, 0x02, 0x8A, 0x28, 0xA0, 0x02, 0x8A, 0x28, 0xA0,
    0x02, 0x8A, 0x28, 0xA0, 0x02, 0x8A, 0x28, 0xA0, 0x02, 0x8A, 0x28, 0xA0, 0x02, 0x8A, 0x28, 0xA0,
    0x02, 0x8A, 0x28, 0xA0, 0x02, 0x8A, 0x28, 0xA0, 0x02, 0x8A, 0x28, 0xA0, 0x02, 0x8A, 0x28, 0xA0,
    0x02, 0x8A, 0x28, 0xA0, 0x02, 0x8A, 0x28, 0xA0, 0x02, 0x8A, 0x28, 0xA0, 0x02, 0x8A, 0x28, 0xA0,
    0x02, 0x8A, 0x28, 0xA0, 0x02, 0x8A, 0x28, 0xA0, 0x02, 0x8A, 0x28, 0xA0, 0x02, 0x8A, 0x28, 0xA0,
    0x02, 0x8A, 0x28, 0xA0, 0x02, 0x8A, 0x28, 0xA0, 0x02, 0x8A, 0x28, 0xA0, 0x02, 0x8A, 0x28, 0xA0,
    0x02, 0x8A, 0x28, 0xA0, 0x02, 0x8A, 0x28, 0xA0, 0x02, 0x8A, 0x28, 0xA0, 0x02, 0x8A, 0x28, 0xA0,
    0x02, 0x8A, 0x28, 0xA0, 0x02, 0x8A, 0x28, 0xA0, 0x02, 0x8A, 0x28, 0xA0, 0x02, 0x8A, 0x28, 0xA0,
    0x02, 0x8A, 0x28, 0xA0, 0x02, 0x8A, 0x28, 0xA0, 0x02, 0x8A, 0x28, 0xA0, 0x02, 0x8A, 0x28, 0xA0,
    0x02, 0x8A, 0x28, 0xA0, 0x02, 0x8A, 0x28, 0xA0, 0x02, 0x8A, 0x28, 0xA0, 0x02, 0x8A, 0x28, 0xA0,
    0x02, 0x8A, 0x28, 0xA0, 0x02, 0x8A, 0x28, 0xA0, 0x02, 0x8A, 0x28, 0xA0, 0x02, 0x8A, 0x28, 0xA0,
    0x02, 0x8A, 0x28, 0xA0, 0x02, 0x8A, 0x28, 0xA0, 0x02, 0x8A, 0x28, 0xA0, 0x02, 0x8A, 0x28, 0xA0,
    0x02, 0x8A, 0x28, 0xA0, 0x02, 0x8A, 0x28, 0xA0, 0x02, 0x8A, 0x28, 0xA0, 0x02, 0x8A, 0x28, 0xA0,
    0x02, 0x8A, 0x28, 0xA0, 0x02, 0x8A, 0x28, 0xA0, 0x02, 0x8A, 0x28, 0xA0, 0x02, 0x8A, 0x28, 0xA0,
    0x02, 0x8A, 0x28, 0xA0, 0x02, 0x8A, 0x28, 0xA0, 0x02, 0x8A, 0x28, 0xA0, 0x02, 0x8A, 0x28, 0xA0,
    0x02, 0x8A, 0x28, 0xA0, 0x02, 0x8A, 0x28, 0xA0, 0x02, 0x8A, 0x28, 0xA0, 0x02, 0x8A, 0x28, 0xA0,
    0x02, 0x8A, 0x28, 0xA0, 0x02, 0x8A, 0x28, 0xA0, 0x02, 0x8A, 0x28, 0xA0, 0x02, 0x8A, 0x28, 0xA0,
    0x02, 0x8A, 0x28, 0xA0, 0x02, 0x8A, 0x28, 0xA0, 0x02, 0x8A, 0x28, 0xA0, 0x02, 0x8A, 0x28, 0xA0,
    0x02, 0x8A, 0x28, 0xA0, 0x02, 0x8A, 0x28, 0xA0, 0x02, 0x8A, 0x28, 0xA0, 0x02, 0x8A, 0x28, 0xA0,
    0x02, 0x8A, 0x28, 0xA0, 0x02, 0x8A, 0x28, 0xA0, 0x02, 0x8A, 0x28, 0xA0, 0x02, 0x8A, 0x28, 0xA0,
    0x02, 0x8A, 0x28, 0xA0, 0x02, 0x8A, 0x28, 0xA0, 0x02, 0xB6, 0xBC, 0x0D, 0xE1, 0x9D, 0x57, 0xC6,
    0x5E, 0x2F, 0xD2, 0xBC, 0x2D, 0xA2, 0x43, 0xE6, 0xDF, 0xEA, 0x77, 0x29, 0x6F, 0x16, 0x55, 0x8A,
    0xA6, 0x4F, 0x32, 0x3E, 0xD0, 0x48, 0x45, 0x5C, 0xB3, 0x10, 0x0E, 0x15, 0x49, 0xED, 0x58, 0xB5,
    0xEB, 0x3F, 0xB1, 0xF6, 0xA9, 0x61, 0xA3, 0xFE, 0xD2, 0x5E, 0x0E, 0xBB, 0xD4, 0x67, 0xF2, 0x21,
    0x92, 0xE6, 0x5B, 0x55, 0x6D, 0x8C, 0xD9, 0x96, 0x78, 0x24, 0x86, 0x25, 0xC2, 0x82, 0x7E, 0x69,
    0x24, 0x45, 0xCF, 0x41, 0x9C, 0x9C, 0x00, 0x4D, 0x00, 0x7D, 0xF3, 0xF0, 0x3B, 0xE0, 0xEF, 0x84,
    0x7E, 0x13, 0xF8, 0x76, 0x0B, 0x3D, 0x1E, 0xCE, 0x1B, 0xAD, 0x60, 0xC4, 0x56, 0xF7, 0x59, 0x96,
    0x05, 0x17, 0x37, 0x25, 0xB6, 0x96, 0x00, 0xF2, 0x52, 0x2C, 0xA2, 0xE2, 0x30, 0x70, 0x36, 0x82,
    0x77, 0x36, 0x58, 0xED, 0x7C, 0x51, 0xF8, 0x75, 0xE1, 0x1F, 0x89, 0x3E, 0x1D, 0x97, 0x45, 0xF1,
    0x5E, 0x93, 0x0D, 0xD2, 0x98, 0x9D, 0x2D, 0xEE, 0xC2, 0x28, 0xB9, 0xB3, 0x2D, 0xB4, 0x97, 0x86,
    0x42, 0x09, 0x46, 0xCA, 0x21, 0x3D, 0x9B, 0x68, 0x0C, 0x19, 0x72, 0x0F, 0x59, 0x45, 0x00, 0x7E,
    0x4D, 0x7C, 0x69, 0xF8, 0x79, 0xAA, 0xFC, 0x2F, 0xF8, 0x87, 0xA8, 0x78, 0x47, 0x54, 0x97, 0xED,
    0x3F, 0x67, 0xDB, 0x25, 0xAD, 0xE2, 0xC2, 0xD1, 0xA5, 0xDC, 0x0E, 0x32, 0x92, 0x28, 0x6F, 0xC5,
    0x58, 0x02, 0xC0, 0x3A, 0xBA, 0x86, 0x6D, 0xB9, 0xAE, 0x32, 0xBE, 0x8C, 0xFF, 0x00, 0x82, 0x86,
    0x6A, 0x96, 0x1A, 0x87, 0xC7, 0xB8, 0x2D, 0x2C, 0xE7, 0xF3, 0x66, 0xD3, 0x34, 0x4B, 0x7B, 0x5B,
    0xC5, 0xD8, 0xC3, 0xCB, 0x94, 0xC9, 0x2C, 0xC1, 0x72, 0x46, 0x0F, 0xEE, 0xE6, 0x8D, 0xB2, 0x32,
    0x3E, 0x6C, 0x75, 0x04, 0x0F, 0x9C, 0xE8, 0x00, 0xA2, 0x8A, 0x28, 0x00, 0xA2, 0x8A, 0x28, 0x00,
    0xAD, 0xAF, 0x03, 0x78, 0x67, 0x55, 0xF1, 0x97, 0x8B, 0xF4, 0xAF, 0x0B, 0x68, 0x90, 0xF9, 0xB7,
    0xFA, 0x9D, 0xCA, 0x5B, 0xC5, 0x95, 0x62, 0xA9, 0x93, 0xCC, 0x8F, 0xB4, 0x12, 0x11, 0x57, 0x2C,
    0xC4, 0x03, 0x85, 0x52, 0x7B, 0x56, 0x2D, 0x7A, 0xCF, 0xEC, 0x7D, 0xAA, 0x58, 0x68, 0xFF, 0x00,
    0xB4, 0x97, 0x83, 0xAE, 0xF5, 0x19, 0xFC, 0x88, 0x64, 0xB9, 0x96, 0xD5, 0x5B, 0x63, 0x36, 0x65,
    0x9E, 0x09, 0x21, 0x89, 0x70, 0xA0, 0x9F, 0x9A, 0x49, 0x11, 0x73, 0xD0, 0x67, 0x27, 0x00, 0x13,
    0x40, 0x1F, 0x7C, 0xFC, 0x0E, 0xF8, 0x3B, 0xE1, 0x1F, 0x84, 0xFE, 0x1D, 0x82, 0xCF, 0x47, 0xB3,
    0x86, 0xEB, 0x58, 0x31, 0x15, 0xBD, 0xD6, 0x65, 0x81, 0x45, 0xCD, 0xC9, 0x6D, 0xA5, 0x80, 0x3C,
    0x94, 0x8B, 0x28, 0xB8, 0x8C, 0x1C, 0x0D, 0xA0, 0x9D, 0xCD, 0x96, 0x3B, 0x5F, 0x14, 0x7E, 0x1D,
    0x78, 0x47, 0xE2, 0x4F, 0x87, 0x65, 0xD1, 0x7C, 0x57, 0xA4, 0xC3, 0x74, 0xA6, 0x27, 0x4B, 0x7B,
    0xB0, 0x8A, 0x2E, 0x6C, 0xCB, 0x6D, 0x25, 0xE1, 0x90, 0x82, 0x51, 0xB2, 0x88, 0x4F, 0x66, 0xDA,
    0x03, 0x06, 0x5C, 0x83, 0xD6, 0x51, 0x40, 0x1F, 0x93, 0x5F, 0x1A, 0x7E, 0x1E, 0x6A, 0xBF, 0x0B,
    0xFE, 0x21, 0xEA, 0x1E, 0x11, 0xD5, 0x25, 0xFB, 0x4F, 0xD9, 0xF6, 0xC9, 0x6B, 0x78, 0xB0, 0xB4,
    0x69, 0x77, 0x03, 0x8C, 0xA4, 0x8A, 0x1B, 0xF1, 0x56, 0x00, 0xB0, 0x0E, 0xAE, 0xA1, 0x9B, 0x6E,
    0x6B, 0x8C, 0xAF, 0xA3, 0x3F, 0xE0, 0xA1, 0x9A, 0xA5, 0x86, 0xA1, 0xF1, 0xEE, 0x0B, 0x4B, 0x39,
    0xFC, 0xD9, 0xB4, 0xCD, 0x12, 0xDE, 0xD6, 0xF1, 0x76, 0x30, 0xF2, 0xE5, 0x32, 0x4B, 0x30, 0x5C,
    0x91, 0x83, 0xFB, 0xB9, 0xA3, 0x6C, 0x8C, 0x8F, 0x9B, 0x1D, 0x41, 0x03, 0xE7, 0x3A, 0x00, 0x28,
    0xA2, 0x8A, 0x00, 0x28, 0xA2, 0x8A, 0x00, 0x28, 0xA2, 0x8A, 0x00, 0x28, 0xA2, 0x8A, 0x00, 0x28,
    0xA2, 0x8A, 0x00, 0x28, 0xA2, 0x8A, 0x00, 0x28, 0xA2, 0x8A, 0x00, 0x28, 0xA2, 0x8A, 0x00, 0x28,
    0xA2, 0x8A, 0x00, 0x28, 0xA2, 0x8A, 0x00, 0x28, 0xA2, 0x8A, 0x00, 0x28, 0xA2, 0x8A, 0x00, 0x28,
    0xA2, 0x8A, 0x00, 0xFA, 0xE7, 0xE0, 0x77, 0xED, 0x89, 0x26, 0x85, 0xE1, 0xD8, 0x34, 0x1F, 0x89,
    0x7A, 0x66, 0xA7, 0xAC, 0xB5, 0xA4, 0x45, 0x61, 0xD5, 0xEC, 0x9D, 0x24, 0xB9, 0x98, 0x0D, 0xA1,
    0x12, 0x64, 0x90, 0xA8, 0x66, 0x03, 0x76, 0x65, 0xDF, 0x93, 0x85, 0xCA, 0x96, 0x2C, 0xE7, 0x6B,
    0xE2, 0x8F, 0xED, 0xA9, 0xA7, 0x4D, 0xE1, 0xD9, 0x6C, 0xFE, 0x1C, 0xF8, 0x7B, 0x53, 0x83, 0x54,
    0xB8, 0x89, 0xD0, 0x5F, 0xEA, 0xCB, 0x12, 0x2D, 0x99, 0xF9, 0x70, 0xE9, 0x12, 0x34, 0x82, 0x56,
    0xC1, 0x7C, 0x6E, 0x2A, 0x14, 0x85, 0x24, 0x38, 0xCA, 0xD7, 0xC5, 0x94, 0x50, 0x04, 0xF7, 0xF7,
    0x77, 0x57, 0xF7, 0xD7, 0x17, 0xD7, 0xD7, 0x33, 0x5D, 0x5D, 0xDC, 0xCA, 0xD3, 0x4F, 0x3C, 0xD2,
    0x17, 0x92, 0x57, 0x63, 0x96, 0x76, 0x63, 0xCB, 0x31, 0x24, 0x92, 0x4F, 0x24, 0x9A, 0x82, 0x8A,
    0x28, 0x00, 0xA2, 0x8A, 0x28, 0x00, 0xA2, 0x8A, 0x28, 0x00, 0xA2, 0x8A, 0x28, 0x03, 0xEB, 0x9F,
    0x81, 0xDF, 0xB6, 0x24, 0x9A, 0x17, 0x87, 0x60, 0xD0, 0x7E, 0x25, 0xE9, 0x9A, 0x9E, 0xB2, 0xD6,
    0x91, 0x15, 0x87, 0x57, 0xB2, 0x74, 0x92, 0xE6, 0x60, 0x36, 0x84, 0x49, 0x92, 0x42, 0xA1, 0x98,
    0x0D, 0xD9, 0x97, 0x7E, 0x4E, 0x17, 0x2A, 0x58, 0xB3, 0x9D, 0xAF, 0x8A, 0x3F, 0xB6, 0xA6, 0x9D,
    0x37, 0x87, 0x65, 0xB3, 0xF8, 0x73, 0xE1, 0xED, 0x4E, 0x0D, 0x52, 0xE2, 0x27, 0x41, 0x7F, 0xAB,
    0x2C, 0x48, 0xB6, 0x67, 0xE5, 0xC3, 0xA4, 0x48, 0xD2, 0x09, 0x5B, 0x05, 0xF1, 0xB8, 0xA8, 0x52,
    0x14, 0x90, 0xE3, 0x2B, 0x5F, 0x16, 0x51, 0x40, 0x13, 0xDF, 0xDD, 0xDD, 0x5F, 0xDF, 0x5C, 0x5F,
    0x5F, 0x5C, 0xCD, 0x75, 0x77, 0x73, 0x2B, 0x4D, 0x3C, 0xF3, 0x48, 0x5E, 0x49, 0x5D, 0x8E, 0x59,
    0xD9, 0x8F, 0x2C, 0xC4, 0x92, 0x49, 0x3C, 0x92, 0x6A, 0x0A, 0x28, 0xA0, 0x02, 0x8A, 0x28, 0xA0,
    0x02, 0x8A, 0x28, 0xA0, 0x02, 0x8A, 0x28, 0xA0, 0x02, 0x8A, 0x28, 0xA0, 0x02, 0x8A, 0x28, 0xA0,
    0x02, 0x8A, 0x28, 0xA0, 0x02, 0x8A, 0x28, 0xA0, 0x02, 0x8A, 0x28, 0xA0, 0x02, 0x8A, 0x28, 0xA0,
    0x02, 0x8A, 0x28, 0xA0, 0x02, 0x8A, 0x28, 0xA0, 0x02, 0x8A, 0x28, 0xA0, 0x02, 0x8A, 0x28, 0xA0,
    0x02, 0x8A, 0x28, 0xA0, 0x02, 0x8A, 0x28, 0xA0, 0x02, 0x8A, 0x28, 0xA0, 0x02, 0x8A, 0x28, 0xA0,
    0x02, 0x8A, 0x28, 0xA0, 0x02, 0x8A, 0x28, 0xA0, 0x02, 0x8A, 0x28, 0xA0, 0x02, 0x8A, 0x28, 0xA0,
    0x02, 0x8A, 0x28, 0xA0, 0x02, 0x8A, 0x28, 0xA0, 0x02, 0x8A, 0x28, 0xA0, 0x02, 0x8A, 0x28, 0xA0,
    0x02, 0x8A, 0x28, 0xA0, 0x02, 0x8A, 0x28, 0xA0, 0x02, 0x8A, 0x28, 0xA0, 0x02, 0x8A, 0x28, 0xA0,
    0x02, 0x8A, 0x28, 0xA0, 0x02, 0x8A, 0x28, 0xA0, 0x02, 0x8A, 0x28, 0xA0, 0x02, 0x8A, 0x28, 0xA0,
    0x02, 0x8A, 0x28, 0xA0, 0x02, 0x8A, 0x28, 0xA0, 0x02, 0x8A, 0x28, 0xA0, 0x02, 0x8A, 0x28, 0xA0,
    0x02, 0x8A, 0x28, 0xA0, 0x02, 0x8A, 0x28, 0xA0, 0x02, 0x8A, 0x28, 0xA0, 0x02, 0x8A, 0x28, 0xA0,
    0x02, 0x8A, 0x28, 0xA0, 0x02, 0x8A, 0x28, 0xA0, 0x02, 0x8A, 0x28, 0xA0, 0x02, 0x8A, 0x28, 0xA0,
    0x02, 0x8A, 0x28, 0xA0, 0x02, 0x8A, 0x28, 0xA0, 0x02, 0x8A, 0x28, 0xA0, 0x02, 0x8A, 0x28, 0xA0,
    0x02, 0x8A, 0x28, 0xA0, 0x02, 0x8A, 0x28, 0xA0, 0x02, 0x8A, 0x28, 0xA0, 0x02, 0x8A, 0x28, 0xA0,
    0x02, 0xBE, 0xB3, 0xFD, 0xB6, 0x7C, 0x27, 0xE1, 0x59, 0x3E, 0x16, 0x7C, 0x3F, 0xF8, 0x8D, 0xE0,
    0x8F, 0x0D, 0x68, 0xBE, 0x1F, 0xD2, 0x75, 0x0F, 0xF5, 0xB0, 0xDB, 0x58, 0xC5, 0x6B, 0x71, 0x2F,
    0xDA, 0xA0, 0x49, 0xA0, 0xDE, 0xB1, 0x2E, 0xD3, 0xB5, 0x62, 0x90, 0x1C, 0xB1, 0xC1, 0x61, 0x8C,
    0x82, 0x48, 0xF9, 0x32, 0xBE, 0xB3, 0xFD, 0x91, 0xBE, 0x23, 0x78, 0x57, 0xC4, 0xDF, 0x0F, 0x2F,
    0x7F, 0x67, 0xDF, 0x88, 0x32, 0x79, 0x36, 0xDA, 0xA7, 0x9D, 0x0E, 0x8F, 0x72, 0xEB, 0x16, 0xCF,
    0xDF, 0x1D, 0xDE, 0x42, 0x96, 0x42, 0x16, 0x65, 0x94, 0xB4, 0xB1, 0x3B, 0x6E, 0xCB, 0xB0, 0x51,
    0x82, 0xA8, 0xAC, 0x01, 0xF2, 0x65, 0x15, 0xE8, 0xDF, 0x1C, 0x7E, 0x0E, 0xF8, 0xBB, 0xE1, 0x3F,
    0x88, 0xA7, 0xB3, 0xD6, 0x2C, 0xE6, 0xBA, 0xD1, 0xCC, 0xA1, 0x6C, 0xB5, 0x98, 0xA0, 0x61, 0x6D,
    0x72, 0x1B, 0x71, 0x50, 0x4F, 0x21, 0x25, 0xC2, 0x36, 0x63, 0x27, 0x23, 0x69, 0x23, 0x72, 0xE1,
    0x8F, 0x9C, 0xD0, 0x01, 0x45, 0x14, 0x50, 0x01, 0x45, 0x14, 0x50, 0x01, 0x45, 0x15, 0xD6, 0xFC,
    0x2F, 0xF8, 0x75, 0xE2, 0xEF, 0x89, 0x3E, 0x22, 0x8B, 0x45, 0xF0, 0xA6, 0x93, 0x35, 0xD3, 0x19,
    0x51, 0x2E, 0x2E, 0xCA, 0x30, 0xB6, 0xB3, 0x0D, 0xB8, 0x87, 0x9A, 0x40, 0x08, 0x45, 0xC2, 0x39,
    0x1D, 0xDB, 0x69, 0x0A, 0x19, 0xB0, 0x08, 0x07, 0xB6, 0x7F, 0xC1, 0x3F, 0x7C, 0x07, 0xA5, 0x78,
    0xB3, 0xC7, 0x1E, 0x25, 0xD5, 0x3C, 0x41, 0xA3, 0xE8, 0xBA, 0xC6, 0x93, 0xA6, 0xE9, 0xA9, 0x6E,
    0xD6, 0xBA, 0x8D, 0xB2, 0xCF, 0x89, 0xE7, 0x94, 0x34, 0x72, 0x2A, 0x3A, 0x95, 0xE1, 0x60, 0x94,
    0x13, 0x90, 0x46, 0xE0, 0x06, 0x41, 0x38, 0xF0, 0x0F, 0x1D, 0xEA, 0x1A, 0x56, 0xAD, 0xE3, 0x8D,
    0x7B, 0x54, 0xD0, 0xAC, 0xBE, 0xC1, 0xA4, 0xDE, 0x6A, 0x57, 0x17, 0x16, 0x36, 0xBE, 0x52, 0xC7,
    0xE4, 0x40, 0xF2, 0xB3, 0x47, 0x1E, 0xC4, 0x25, 0x57, 0x6A, 0x90, 0x30, 0xA4, 0x81, 0x8C, 0x0E,
    0x2B, 0xEB, 0x2F, 0x8E, 0x9E, 0x29, 0xF0, 0xAF, 0xC0, 0x7F, 0x81, 0xAD, 0xF0, 0x27, 0xC2, 0x17,
    0xDF, 0xDA, 0x3E, 0x25, 0xD4, 0x2D, 0x99, 0x75, 0x6B, 0xC4, 0x8A, 0x25, 0x31, 0xA4, 0xD8, 0x33,
    0x3C, 0xC3, 0x04, 0x6F, 0x92, 0x33, 0xE5, 0xA2, 0x12, 0x5D, 0x22, 0xDA, 0x4B, 0xFC, 0xA8, 0x5F,
    0xE3, 0x3A, 0x00, 0x28, 0xA2, 0x8A, 0x00, 0x28, 0xA2, 0x8A, 0x00, 0x28, 0xA2, 0x8A, 0x00, 0x28,
    0xA2, 0x8A, 0x00, 0x28, 0xA2, 0x8A, 0x00, 0x28, 0xA2, 0x8A, 0x00, 0x28, 0xA2, 0x8A, 0x00, 0x28,
    0xA2, 0x8A, 0x00, 0x28, 0xA2, 0x8A, 0x00, 0x28, 0xA2, 0x8A, 0x00, 0x28, 0xA2, 0x8A, 0x00, 0x28,
    0xA2, 0x8A, 0x00, 0x28, 0xA2, 0x8A, 0x00, 0x28, 0xA2, 0x8A, 0x00, 0x28, 0xA2, 0x8A, 0x00, 0xFA,
    0x9B, 0xE1, 0x07, 0xED, 0x51, 0xE7, 0x69, 0x76, 0x5E, 0x06, 0xF8, 0xCD, 0xA2, 0x59, 0x78, 0x97,
    0xC3, 0xD2, 0x79, 0x56, 0xF2, 0xEA, 0x57, 0x10, 0xF9, 0xF2, 0xA2, 0x2B, 0x12, 0x24, 0xB8, 0x89,
    0x83, 0x0B, 0x8D, 0xAC, 0x22, 0xE4, 0x05, 0x70, 0x10, 0xB1, 0xF3, 0x1C, 0xF3, 0xD0, 0x5F, 0xFE,
    0xCD, 0xDF, 0x09, 0x7E, 0x2A, 0xD8, 0xDC, 0x78, 0x83, 0xE0, 0x7F, 0x8F, 0x61, 0xB4, 0x58, 0xE2,
    0x63, 0x26, 0x99, 0x36, 0xFB, 0x88, 0xE3, 0x7C, 0x6D, 0x89, 0x58, 0x39, 0x17, 0x16, 0xEA, 0xCD,
    0x1C, 0x84, 0xB4, 0x82, 0x42, 0x41, 0xCA, 0x0D, 0xA0, 0x03, 0xF1, 0xCD, 0x4F, 0x61, 0x77, 0x75,
    0x61, 0x7D, 0x6F, 0x7D, 0x63, 0x73, 0x35, 0xAD, 0xDD, 0xB4, 0xAB, 0x34, 0x13, 0xC3, 0x21, 0x49,
    0x22, 0x75, 0x39, 0x57, 0x56, 0x1C, 0xAB, 0x02, 0x01, 0x04, 0x72, 0x08, 0xA0, 0x0F, 0x72, 0xF1,
    0x27, 0xEC, 0x93, 0xF1, 0xA7, 0x4A, 0xBE, 0x4B, 0x7B, 0x1D, 0x1F, 0x4C, 0xD7, 0xA2, 0x68, 0x83,
    0x9B, 0x8B, 0x0D, 0x4A, 0x24, 0x8D, 0x4E, 0x48, 0xD8, 0x44, 0xE6, 0x36, 0xDC, 0x30, 0x0F, 0x0A,
    0x46, 0x18, 0x73, 0x9C, 0x81, 0xC0, 0x5F, 0xFC, 0x1D, 0xF8, 0xB1, 0x65, 0x7D, 0x71, 0x67, 0x37,
    0xC3, 0x6F, 0x16, 0xB4, 0xB0, 0x4A, 0xD1, 0x3B, 0x43, 0xA4, 0xCD, 0x34, 0x64, 0xA9, 0xC1, 0x2A,
    0xE8, 0xA5, 0x5D, 0x78, 0xE1, 0x94, 0x90, 0x47, 0x20, 0x91, 0x5B, 0x3E, 0x1B, 0xFD, 0xA1, 0xFE,
    0x34, 0xE8, 0x16, 0x2F, 0x67, 0x63, 0xF1, 0x03, 0x53, 0x9A, 0x27, 0x94, 0xCA, 0x5A, 0xFD, 0x22,
    0xBD, 0x93, 0x24, 0x01, 0x80, 0xF3, 0xAB, 0xB0, 0x5E, 0x07, 0xCA, 0x0E, 0x33, 0x93, 0x8C, 0x93,
    0x9F, 0x40, 0xB0, 0xFD, 0xB3, 0xFE, 0x2C, 0x5B, 0x58, 0xDB, 0xDB, 0xCD, 0xA5, 0xF8, 0x4A, 0xF2,
    0x58, 0xA2, 0x54, 0x7B, 0x89, 0xAC, 0xA6, 0x12, 0x4C, 0x40, 0xC1, 0x76, 0x09, 0x32, 0xA8, 0x63,
    0xD4, 0xED, 0x55, 0x19, 0x3C, 0x00, 0x38, 0xA0, 0x0F, 0x1F, 0xFF, 0x00, 0x85, 0x4F, 0xF1, 0x4F,
    0xFE, 0x89, 0xA7, 0x8C, 0xFF, 0x00, 0xF0, 0x45, 0x73, 0xFF, 0x00, 0xC4, 0x57, 0xA0, 0x68, 0x9F,
    0xB2, 0x7F, 0xC6, 0xDD, 0x43, 0x54, 0x86, 0xCE, 0xEF, 0xC3, 0x96, 0x5A, 0x44, 0x32, 0x6E, 0xDD,
    0x79, 0x79, 0xA9, 0xC0, 0xD1, 0x47, 0x85, 0x24, 0x6E, 0x10, 0xBB, 0xBF, 0x24, 0x00, 0x30, 0xA7,
    0x92, 0x33, 0x81, 0x92, 0x3A, 0x6F, 0xF8, 0x6D, 0x5F, 0x8A, 0x7F, 0xF4, 0x00, 0xF0, 0x67, 0xFE,
    0x01, 0xDC, 0xFF, 0x00, 0xF2, 0x45, 0x79, 0xFE, 0xB7, 0xFB, 0x48, 0xFC, 0x6D, 0xD6, 0x34, 0xB9,
    0xB4, 0xEB, 0xBF, 0x1F, 0x5E, 0xC5, 0x0C, 0xDB, 0x77, 0x35, 0x9D, 0xB4, 0x16, 0xB2, 0x8C, 0x30,
    0x61, 0xB6, 0x58, 0x63, 0x57, 0x5E, 0x40, 0xCE, 0x18, 0x64, 0x64, 0x1C, 0x82, 0x45, 0x00, 0x7B,
    0x36, 0x89, 0xFB, 0x2A, 0x78, 0x37, 0xC0, 0x7A, 0x5C, 0x3E, 0x2A, 0xF8, 0xD9, 0xF1, 0x06, 0xCA,
    0x1B, 0x08, 0x37, 0x19, 0x6C, 0x6C, 0xC9, 0x86, 0x29, 0x64, 0x56, 0x2E, 0x23, 0x59, 0x9B, 0xF7,
    0x93, 0x6E, 0x89, 0x1F, 0x31, 0xC7, 0x1A, 0xC8, 0x49, 0x3B, 0x4F, 0xCB, 0x93, 0x0F, 0x8F, 0xFF,
    0x00, 0x69, 0xDF, 0x0B, 0xF8, 0x1B, 0x49, 0x7F, 0x05, 0xFE, 0xCF, 0xFE, 0x1B, 0xD3, 0x2C, 0xF4,
    0xE4, 0x89, 0x73, 0xAC, 0x49, 0x6C, 0xC8, 0xAC, 0xE6, 0x2D, 0x85, 0xD2, 0x17, 0x01, 0xA4, 0x95,
    0x71, 0x17, 0xEF, 0xA6, 0x2C, 0x58, 0xA3, 0x06, 0x46, 0x18, 0x63, 0xF2, 0x9E, 0xB7, 0xAB, 0x6A,
    0xBA, 0xE6, 0xA9, 0x36, 0xA9, 0xAD, 0xEA, 0x77, 0xBA, 0x9D, 0xFC, 0xFB, 0x7C, 0xDB, 0xAB, 0xC9,
    0xDA, 0x69, 0x64, 0xDA, 0xA1, 0x46, 0xE7, 0x62, 0x49, 0xC2, 0x80, 0x06, 0x4F, 0x40, 0x05, 0x52,
    0xA0, 0x09, 0xEF, 0xEE, 0xEE, 0xAF, 0xEF, 0xAE, 0x2F, 0xAF, 0xAE, 0x66, 0xBA, 0xBB, 0xB9, 0x95,
    0xA6, 0x9E, 0x79, 0xA4, 0x2F, 0x24, 0xAE, 0xC7, 0x2C, 0xEC, 0xC7, 0x96, 0x62, 0x49, 0x24, 0x9E,
    0x49, 0x35, 0x05, 0x14, 0x50, 0x01, 0x45, 0x14, 0x50, 0x01, 0x45, 0x14, 0x50, 0x01, 0x45, 0x14,
    0x50, 0x01, 0x45, 0x14, 0x50, 0x01, 0x45, 0x14, 0x50, 0x01, 0x45, 0x14, 0x50, 0x01, 0x45, 0x14,
    0x50, 0x01, 0x45, 0x14, 0x50, 0x01, 0x45, 0x14, 0x50, 0x01, 0x45, 0x14, 0x50, 0x01, 0x45, 0x14,
    0x50, 0x01, 0x45, 0x14, 0x50, 0x01, 0x45, 0x14, 0x50, 0x01, 0x45, 0x14, 0x50, 0x01, 0x45, 0x14,
    0x50, 0x01, 0x45, 0x14, 0x50, 0x01, 0x45, 0x14, 0x50, 0x01, 0x45, 0x14, 0x50, 0x01, 0x45, 0x14,
    0x50, 0x01, 0x45, 0x14, 0x50, 0x01, 0x45, 0x14, 0x50, 0x01, 0x45, 0x14, 0x50, 0x01, 0x45, 0x14,
    0x50, 0x01, 0x45, 0x14, 0x50, 0x01, 0x45, 0x14, 0x50, 0x01, 0x45, 0x14, 0x50, 0x01, 0x45, 0x14,
    0x50, 0x01, 0x45, 0x14, 0x50, 0x01, 0x45, 0x14, 0x50, 0x01, 0x45, 0x14, 0x50, 0x01, 0x45, 0x14,
    0x50, 0x01, 0x45, 0x14, 0x50, 0x01, 0x45, 0x14, 0x50, 0x01, 0x45, 0x14, 0x50, 0x01, 0x45, 0x14,
    0x50, 0x01, 0x45, 0x14, 0x50, 0x01, 0x45, 0x14, 0x50, 0x01, 0x45, 0x14, 0x50, 0x01, 0x45, 0x14,
    0x50, 0x01, 0x45, 0x14, 0x50, 0x01, 0x45, 0x14, 0x50, 0x01, 0x45, 0x14, 0x50, 0x01, 0x45, 0x14,
    0x50, 0x01, 0x45, 0x14, 0x50, 0x01, 0x45, 0x14, 0x50, 0x01, 0x45, 0x14, 0x50, 0x01, 0x45, 0x14,
    0x50, 0x01, 0x45, 0x14, 0x50, 0x01, 0x45, 0x14, 0x50, 0x01, 0x45, 0x14, 0x50, 0x01, 0x45, 0x14,
    0x50, 0x01, 0x45, 0x14, 0x50, 0x01, 0x45, 0x14, 0x50, 0x01, 0x45, 0x14, 0x50, 0x01, 0x45, 0x14,
    0x50, 0x01, 0x45, 0x14, 0x50, 0x01, 0x45, 0x14, 0x50, 0x01, 0x45, 0x14, 0x50, 0x01, 0x45, 0x14,
    0x50, 0x01, 0x45, 0x14, 0x50, 0x01, 0x45, 0x14, 0x50, 0x01, 0x45, 0x14, 0x50, 0x01, 0x45, 0x14,
    0x50, 0x01, 0x45, 0x14, 0x50, 0x01, 0x45, 0x14, 0x50, 0x01, 0x45, 0x14, 0x50, 0x01, 0x45, 0x14,
    0x50, 0x01, 0x45, 0x14, 0x50, 0x01, 0x45, 0x14, 0x50, 0x01, 0x45, 0x14, 0x50, 0x01, 0x45, 0x14,
    0x50, 0x01, 0x45, 0x14, 0x50, 0x01, 0x45, 0x14, 0x50, 0x01, 0x45, 0x14, 0x50, 0x01, 0x45, 0x14,
    0x50, 0x01, 0x45, 0x14, 0x50, 0x01, 0x45, 0x14, 0x50, 0x01, 0x45, 0x14, 0x50, 0x01, 0x45, 0x14,
    0x50, 0x01, 0x45, 0x14, 0x50, 0x01, 0x45, 0x14, 0x50, 0x01, 0x45, 0x14, 0x50, 0x01, 0x45, 0x14,
    0x50, 0x01, 0x45, 0x14, 0x50, 0x01, 0x45, 0x14, 0x50, 0x01, 0x45, 0x14, 0x50, 0x01, 0x45, 0x14,
    0x50, 0x07, 0xFF, 0xD9,
};

static const uint8_t EMOJI_COOL[] PROGMEM = {
    0xFF, 0xD8, 0xFF, 0xE0, 0x00, 0x10, 0x4A, 0x46, 0x49, 0x46, 0x00, 0x01, 0x01, 0x00, 0x00, 0x01,
    0x00, 0x01, 0x00, 0x00, 0xFF, 0xDB, 0x00, 0x43, 0x00, 0x05, 0x03, 0x04, 0x04, 0x04, 0x03, 0x05,
    0x04, 0x04, 0x04, 0x05, 0x05, 0x05, 0x06, 0x07, 0x0C, 0x08, 0x07, 0x07, 0x07, 0x07, 0x0F, 0x0B,
    0x0B, 0x09, 0x0C, 0x11, 0x0F, 0x12, 0x12, 0x11, 0x0F, 0x11, 0x11, 0x13, 0x16, 0x1C, 0x17, 0x13,
    0x14, 0x1A, 0x15, 0x11, 0x11, 0x18, 0x21, 0x18, 0x1A, 0x1D, 0x1D, 0x1F, 0x1F, 0x1F, 0x13, 0x17,
    0x22, 0x24, 0x22, 0x1E, 0x24, 0x1C, 0x1E, 0x1F, 0x1E, 0xFF, 0xDB, 0x00, 0x43, 0x01, 0x05, 0x05,
    0x05, 0x07, 0x06, 0x07, 0x0E, 0x08, 0x08, 0x0E, 0x1E, 0x14, 0x11, 0x14, 0x1E, 0x1E, 0x1E, 0x1E,
    0x1E, 0x1E, 0x1E, 0x1E, 0x1E, 0x1E, 0x1E, 0x1E, 0x1E, 0x1E, 0x1E, 0x1E, 0x1E, 0x1E, 0x1E, 0x1E,
    0x1E, 0x1E, 0x1E, 0x1E, 0x1E, 0x1E, 0x1E, 0x1E, 0x1E, 0x1E, 0x1E, 0x1E, 0x1E, 0x1E, 0x1E, 0x1E,
    0x1E, 0x1E, 0x1E, 0x1E, 0x1E, 0x1E, 0x1E, 0x1E, 0x1E, 0x1E, 0x1E, 0x1E, 0x1E, 0x1E, 0xFF, 0xC0,
    0x00, 0x11, 0x08, 0x00, 0xF0, 0x01, 0x40, 0x03, 0x01, 0x22, 0x00, 0x02, 0x11, 0x01, 0x03, 0x11,
    0x01, 0xFF, 0xC4, 0x00, 0x1F, 0x00, 0x00, 0x01, 0x05, 0x01, 0x01, 0x01, 0x01, 0x01, 0x01, 0x00,
    0x00, 0x00, 0x00, 0x00, 0x00, 0x00, 0x00, 0x01, 0x02, 0x03, 0x04, 0x05, 0x06, 0x07, 0x08, 0x09,
    0x0A, 0x0B, 0xFF, 0xC4, 0x00, 0xB5, 0x10, 0x00, 0x02, 0x01, 0x03, 0x03, 0x02, 0x04, 0x03, 0x05,
    0x05, 0x04, 0x04, 0x00, 0x00, 0x01, 0x7D, 0x01, 0x02, 0x03, 0x00, 0x04, 0x11, 0x05, 0x12, 0x21,
    0x31, 0x41, 0x06, 0x13, 0x51, 0x61, 0x07, 0x22, 0x71, 0x14, 0x32, 0x81, 0x91, 0xA1, 0x08, 0x23,
    0x42, 0xB1, 0xC1, 0x15, 0x52, 0xD1, 0xF0, 0x24, 0x33, 0x62, 0x72, 0x82, 0x09, 0x0A, 0x16, 0x17,
    0x18, 0x19, 0x1A, 0x25, 0x26, 0x27, 0x28, 0x29, 0x2A, 0x34, 0x35, 0x36, 0x37, 0x38, 0x39, 0x3A,
    0x43, 0x44, 0x45, 0x46, 0x47, 0x48, 0x49, 0x4A, 0x53, 0x54, 0x55, 0x56, 0x57, 0x58, 0x59, 0x5A,
    0x63, 0x64, 0x65, 0x66, 0x67, 0x68, 0x69, 0x6A, 0x73, 0x74, 0x75, 0x76, 0x77, 0x78, 0x79, 0x7A,
    0x83, 0x84, 0x85, 0x86, 0x87, 0x88, 0x89, 0x8A, 0x92, 0x93, 0x94, 0x95, 0x96, 0x97, 0x98, 0x99,
    0x9A, 0xA2, 0xA3, 0xA4, 0xA5, 0xA6, 0xA7, 0xA8, 0xA9, 0xAA, 0xB2, 0xB3, 0xB4, 0xB5, 0xB6, 0xB7,
    0xB8, 0xB9, 0xBA, 0xC2, 0xC3, 0xC4, 0xC5, 0xC6, 0xC7, 0xC8, 0xC9, 0xCA, 0xD2, 0xD3, 0xD4, 0xD5,
    0xD6, 0xD7, 0xD8, 0xD9, 0xDA, 0xE1, 0xE2, 0xE3, 0xE4, 0xE5, 0xE6, 0xE7, 0xE8, 0xE9, 0xEA, 0xF1,
    0xF2, 0xF3, 0xF4, 0xF5, 0xF6, 0xF7, 0xF8, 0xF9, 0xFA, 0xFF, 0xC4, 0x00, 0x1F, 0x01, 0x00, 0x03,
    0x01, 0x01, 0x01, 0x01, 0x01, 0x01, 0x01, 0x01, 0x01, 0x00, 0x00, 0x00, 0x00, 0x00, 0x00, 0x01,
    0x02, 0x03, 0x04, 0x05, 0x06, 0x07, 0x08, 0x09, 0x0A, 0x0B, 0xFF, 0xC4, 0x00, 0xB5, 0x11, 0x00,
    0x02, 0x01, 0x02, 0x04, 0x04, 0x03, 0x04, 0x07, 0x05, 0x04, 0x04, 0x00, 0x01, 0x02, 0x77, 0x00,
    0x01, 0x02, 0x03, 0x11, 0x04, 0x05, 0x21, 0x31, 0x06, 0x12, 0x41, 0x51, 0x07, 0x61, 0x71, 0x13,
    0x22, 0x32, 0x81, 0x08, 0x14, 0x42, 0x91, 0xA1, 0xB1, 0xC1, 0x09, 0x23, 0x33, 0x52, 0xF0, 0x15,
    0x62, 0x72, 0xD1, 0x0A, 0x16, 0x24, 0x34, 0xE1, 0x25, 0xF1, 0x17, 0x18, 0x19, 0x1A, 0x26, 0x27,
    0x28, 0x29, 0x2A, 0x35, 0x36, 0x37, 0x38, 0x39, 0x3A, 0x43, 0x44, 0x45, 0x46, 0x47, 0x48, 0x49,
    0x4A, 0x53, 0x54, 0x55, 0x56, 0x57, 0x58, 0x59, 0x5A, 0x63, 0x64, 0x65, 0x66, 0x67, 0x68, 0x69,
    0x6A, 0x73, 0x74, 0x75, 0x76, 0x77, 0x78, 0x79, 0x7A, 0x82, 0x83, 0x84, 0x85, 0x86, 0x87, 0x88,
    0x89, 0x8A, 0x92, 0x93, 0x94, 0x95, 0x96, 0x97, 0x98, 0x99, 0x9A, 0xA2, 0xA3, 0xA4, 0xA5, 0xA6,
    0xA7, 0xA8, 0xA9, 0xAA, 0xB2, 0xB3, 0xB4, 0xB5, 0xB6, 0xB7, 0xB8, 0xB9, 0xBA, 0xC2, 0xC3, 0xC4,
    0xC5, 0xC6, 0xC7, 0xC8, 0xC9, 0xCA, 0xD2, 0xD3, 0xD4, 0xD5, 0xD6, 0xD7, 0xD8, 0xD9, 0xDA, 0xE2,
    0xE3, 0xE4, 0xE5, 0xE6, 0xE7, 0xE8, 0xE9, 0xEA, 0xF2, 0xF3, 0xF4, 0xF5, 0xF6, 0xF7, 0xF8, 0xF9,
    0xFA, 0xFF, 0xDA, 0x00, 0x0C, 0x03, 0x01, 0x00, 0x02, 0x11, 0x03, 0x11, 0x00, 0x3F, 0x00, 0xF8,
    0xCA, 0x8A, 0x28, 0xA0, 0x02, 0x8A, 0x28, 0xA0, 0x02, 0x8A, 0x28, 0xA0, 0x02, 0x8A, 0x28, 0xA0,
    0x02, 0x8A, 0x28, 0xA0, 0x02, 0x8A, 0x28, 0xA0, 0x02, 0x8A, 0x28, 0xA0, 0x02, 0x8A, 0x28, 0xA0,
    0x02, 0x8A, 0x28, 0xA0, 0x02, 0x8A, 0x28, 0xA0, 0x02, 0x8A, 0x28, 0xA0, 0x02, 0x8A, 0x28, 0xA0,
    0x02, 0x8A, 0x28, 0xA0, 0x02, 0x8A, 0x28, 0xA0, 0x02, 0x8A, 0x28, 0xA0, 0x02, 0x8A, 0x28, 0xA0,
    0x02, 0x8A, 0x28, 0xA0, 0x02, 0x8A, 0x28, 0xA0, 0x02, 0x8A, 0x28, 0xA0, 0x02, 0x8A, 0x28, 0xA0,
    0x02, 0x8A, 0x28, 0xA0, 0x02, 0x8A, 0x28, 0xA0, 0x02, 0x8A, 0x28, 0xA0, 0x02, 0x8A, 0x28, 0xA0,
    0x02, 0x8A, 0x28, 0xA0, 0x02, 0x8A, 0x28, 0xA0, 0x02, 0x8A, 0x28, 0xA0, 0x02, 0x8A, 0x28, 0xA0,
    0x02, 0x8A, 0x28, 0xA0, 0x02, 0x8A, 0x28, 0xA0, 0x02, 0x8A, 0x28, 0xA0, 0x02, 0x8A, 0x28, 0xA0,
    0x02, 0x8A, 0x28, 0xA0, 0x02, 0x8A, 0x28, 0xA0, 0x02, 0x8A, 0x28, 0xA0, 0x02, 0x8A, 0x28, 0xA0,
    0x02, 0x8A, 0x28, 0xA0, 0x02, 0x8A, 0x28, 0xA0, 0x02, 0x8A, 0x28, 0xA0, 0x02, 0x8A, 0x28, 0xA0,
    0x02, 0x8A, 0x28, 0xA0, 0x02, 0x8A, 0x28, 0xA0, 0x02, 0x8A, 0x28, 0xA0, 0x02, 0x8A, 0x28, 0xA0,
    0x02, 0x8A, 0x28, 0xA0, 0x02, 0x8A, 0x28, 0xA0, 0x02, 0x8A, 0x28, 0xA0, 0x02, 0x8A, 0x28, 0xA0,
    0x02, 0x8A, 0x28, 0xA0, 0x02, 0x8A, 0x28, 0xA0, 0x02, 0x8A, 0x28, 0xA0, 0x02, 0x8A, 0x28, 0xA0,
    0x02, 0x8A, 0x28, 0xA0, 0x02, 0x8A, 0x28, 0xA0, 0x02, 0x8A, 0x28, 0xA0, 0x02, 0x8A, 0x28, 0xA0,
    0x02, 0x8A, 0x28, 0xA0, 0x02, 0x8A, 0x28, 0xA0, 0x02, 0x8A, 0x28, 0xA0, 0x02, 0x8A, 0x28, 0xA0,
    0x02, 0x8A, 0x28, 0xA0, 0x02, 0x8A, 0x28, 0xA0, 0x02, 0x8A, 0x28, 0xA0, 0x02, 0x8A, 0x28, 0xA0,
    0x02, 0x8A, 0x28, 0xA0, 0x02, 0x8A, 0x28, 0xA0, 0x02, 0x8A, 0x28, 0xA0, 0x02, 0x8A, 0x28, 0xA0,
    0x02, 0x8A, 0x28, 0xA0, 0x02, 0x8A, 0x28, 0xA0, 0x02, 0x8A, 0x28, 0xA0, 0x02, 0x8A, 0x28, 0xA0,
    0x02, 0x8A, 0x28, 0xA0, 0x02, 0x8A, 0x28, 0xA0, 0x02, 0x8A, 0x28, 0xA0, 0x02, 0x8A, 0x28, 0xA0,
    0x02, 0x8A, 0x28, 0xA0, 0x02, 0x8A, 0x28, 0xA0, 0x02, 0x8A, 0x28, 0xA0, 0x02, 0x8A, 0x28, 0xA0,
    0x02, 0x8A, 0x28, 0xA0, 0x02, 0x8A, 0x28, 0xA0, 0x02, 0x8A, 0x28, 0xA0, 0x02, 0x8A, 0x28, 0xA0,
    0x02, 0x8A, 0x28, 0xA0, 0x02, 0x8A, 0x28, 0xA0, 0x02, 0x8A, 0x28, 0xA0, 0x02, 0x8A, 0x28, 0xA0,
    0x02, 0x8A, 0x28, 0xA0, 0x02, 0x8A, 0x28, 0xA0, 0x02, 0x8A, 0x28, 0xA0, 0x02, 0x8A, 0x28, 0xA0,
    0x02, 0x8A, 0x28, 0xA0, 0x02, 0x8A, 0x28, 0xA0, 0x02, 0x8A, 0x28, 0xA0, 0x02, 0x8A, 0x28, 0xA0,
    0x02, 0x8A, 0x28, 0xA0, 0x02, 0x8A, 0x28, 0xA0, 0x02, 0x8A, 0x28, 0xA0, 0x02, 0x8A, 0x28, 0xA0,
    0x02, 0x8A, 0x28, 0xA0, 0x02, 0x8A, 0x28, 0xA0, 0x02, 0x8A, 0x28, 0xA0, 0x02, 0x8A, 0x28, 0xA0,
    0x02, 0x8A, 0x28, 0xA0, 0x02, 0xB6, 0xFC, 0x05, 0xA4, 0xDB, 0x6B, 0xFE, 0x39, 0xD0, 0x34, 0x2B,
    0xC7, 0x96, 0x3B, 0x6D, 0x47, 0x53, 0xB6, 0xB4, 0x99, 0xA2, 0x20, 0x3A, 0xA4, 0x92, 0xAA, 0x31,
    0x52, 0x41, 0x00, 0xE0, 0x9C, 0x64, 0x1F, 0xA5, 0x62, 0x57, 0x55, 0xF0, 0x77, 0xFE, 0x4A, 0xE7,
    0x83, 0x7F, 0xEC, 0x3D, 0x63, 0xFF, 0x00, 0xA5, 0x09, 0x58, 0x62, 0xA4, 0xE1, 0x42, 0x72, 0x8E,
    0xE9, 0x3F, 0xC8, 0xBA, 0x6A, 0xF2, 0x49, 0x9F, 0xA3, 0x1E, 0x1C, 0xD1, 0x74, 0xAF, 0x0E, 0xE8,
    0x76, 0x9A, 0x26, 0x89, 0x63, 0x15, 0x8E, 0x9F, 0x67, 0x1F, 0x97, 0x04, 0x11, 0x8E, 0x14, 0x75,
    0x3C, 0x9E, 0x49, 0x24, 0x92, 0x58, 0xE4, 0x92, 0x49, 0x24, 0x92, 0x4D, 0x68, 0x51, 0x45, 0x7F,
    0x3B, 0x4A, 0x52, 0x9C, 0x9C, 0xA4, 0xEE, 0xD9, 0xF5, 0xC9, 0x24, 0xAC, 0x82, 0x8A, 0x28, 0xA9,
    0x18, 0x54, 0x57, 0x96, 0xD6, 0xD7, 0xB6, 0x73, 0x59, 0xDE, 0x5B, 0xC5, 0x73, 0x6D, 0x3C, 0x6D,
    0x14, 0xD0, 0xCA, 0x81, 0xD2, 0x44, 0x61, 0x86, 0x56, 0x53, 0xC1, 0x04, 0x12, 0x08, 0x3D, 0x6A,
    0x5A, 0x29, 0xA6, 0xD3, 0xBA, 0x11, 0xF9, 0xCF, 0xF1, 0xF7, 0xC3, 0x1A, 0x57, 0x83, 0xBE, 0x2E,
    0xEB, 0xDE, 0x1D, 0xD1, 0x12, 0x58, 0xF4, 0xFB, 0x69, 0x22, 0x78, 0x12, 0x47, 0xDE, 0x50, 0x49,
    0x0A, 0x48, 0x57, 0x27, 0x92, 0x01, 0x72, 0x06, 0x72, 0x70, 0x06, 0x49, 0x39, 0x27, 0x85, 0xAF,
    0xAD, 0x3E, 0x38, 0xE8, 0x1F, 0x00, 0xAF, 0x7E, 0x28, 0xEB, 0x17, 0x5E, 0x35, 0xF1, 0xBF, 0x88,
    0x34, 0xCD, 0x7D, 0xFC, 0x8F, 0xB5, 0xDA, 0xDA, 0xC2, 0xCD, 0x1C, 0x78, 0x82, 0x30, 0x98, 0x22,
    0xDD, 0xFA, 0xA0, 0x53, 0xF7, 0x8F, 0x24, 0xF4, 0xE8, 0x38, 0xAF, 0xF8, 0x45, 0xBF, 0x65, 0x9F,
    0xFA, 0x29, 0x3E, 0x2A, 0xFF, 0x00, 0xC0, 0x77, 0xFF, 0x00, 0xE4, 0x4A, 0xFD, 0xAB, 0x2E, 0xCF,
    0x57, 0xD5, 0x29, 0x73, 0xD2, 0xA9, 0x29, 0x72, 0xC6, 0xEF, 0x92, 0x4E, 0xEE, 0xCA, 0xEE, 0xFD,
    0x6F, 0xDF, 0xA9, 0xF3, 0x75, 0xB0, 0xBF, 0xBC, 0x95, 0xA4, 0x92, 0xBB, 0xEA, 0x8F, 0x00, 0xAD,
    0xBF, 0x01, 0x69, 0x36, 0xDA, 0xFF, 0x00, 0x8E, 0x74, 0x0D, 0x0A, 0xF1, 0xE5, 0x8E, 0xDB, 0x51,
    0xD4, 0xED, 0xAD, 0x26, 0x68, 0x88, 0x0E, 0xA9, 0x24, 0xAA, 0x8C, 0x54, 0x90, 0x40, 0x38, 0x27,
    0x19, 0x07, 0xE9, 0x5E, 0xC9, 0xFF, 0x00, 0x08, 0xB7, 0xEC, 0xB3, 0xFF, 0x00, 0x45, 0x27, 0xC5,
    0x5F, 0xF8, 0x0E, 0xFF, 0x00, 0xFC, 0x89, 0x5B, 0x5E, 0x02, 0xF0, 0xDF, 0xEC, 0xDB, 0x07, 0x8E,
    0x74, 0x09, 0xF4, 0x2F, 0x88, 0x1E, 0x25, 0xBA, 0xD5, 0xA3, 0xD4, 0xED, 0x9E, 0xC6, 0x09, 0x60,
    0x70, 0x92, 0xCE, 0x25, 0x53, 0x1A, 0xB1, 0xFB, 0x2A, 0xF0, 0x5B, 0x00, 0xF2, 0x3A, 0xF5, 0x1D,
    0x6B, 0x6C, 0x46, 0x7B, 0x15, 0x4A, 0x5C, 0xB4, 0x6A, 0x27, 0x67, 0xFF, 0x00, 0x2E, 0xE5, 0xDB,
    0xD0, 0x98, 0x61, 0x5F, 0x32, 0xBC, 0x97, 0xDE, 0x8F, 0xAA, 0x7C, 0x39, 0xA2, 0xE9, 0x5E, 0x1D,
    0xD0, 0xED, 0x34, 0x4D, 0x12, 0xC6, 0x2B, 0x1D, 0x3E, 0xCE, 0x3F, 0x2E, 0x08, 0x23, 0x1C, 0x28,
    0xEA, 0x79, 0x3C, 0x92, 0x49, 0x24, 0xB1, 0xC9, 0x24, 0x92, 0x49, 0x24, 0x9A, 0xD0, 0xA2, 0x8A,
    0xFC, 0x42, 0x52, 0x94, 0xE4, 0xE5, 0x27, 0x76, 0xCF, 0xA6, 0x49, 0x25, 0x64, 0x14, 0x51, 0x45,
    0x48, 0xC2, 0xA2, 0xBC, 0xB6, 0xB6, 0xBD, 0xB3, 0x9A, 0xCE, 0xF2, 0xDE, 0x2B, 0x9B, 0x69, 0xE3,
    0x68, 0xA6, 0x86, 0x54, 0x0E, 0x92, 0x23, 0x0C, 0x32, 0xB2, 0x9E, 0x08, 0x20, 0x90, 0x41, 0xEB,
    0x52, 0xD1, 0x4D, 0x36, 0x9D, 0xD0, 0x8F, 0xCE, 0x7F, 0x8F, 0xBE, 0x18, 0xD2, 0xBC, 0x1D, 0xF1,
    0x77, 0x5E, 0xF0, 0xEE, 0x88, 0x92, 0xC7, 0xA7, 0xDB, 0x49, 0x13, 0xC0, 0x92, 0x3E, 0xF2, 0x82,
    0x48, 0x52, 0x42, 0xB9, 0x3C, 0x90, 0x0B, 0x90, 0x33, 0x93, 0x80, 0x32, 0x49, 0xC9, 0x3C, 0x2D,
    0x7A, 0xAF, 0xED, 0x69, 0xFF, 0x00, 0x27, 0x05, 0xE2, 0x6F, 0xFB, 0x74, 0xFF, 0x00, 0xD2, 0x48,
    0x6B, 0xCA, 0xAB, 0xFA, 0x0B, 0x2A, 0xA9, 0x2A, 0x98, 0x1A, 0x33, 0x9B, 0xBB, 0x70, 0x8B, 0x6F,
    0xCD, 0xA4, 0x7C, 0x9D, 0x74, 0xA3, 0x56, 0x49, 0x77, 0x61, 0x45, 0x14, 0x57, 0x79, 0x90, 0x51,
    0x45, 0x14, 0x00, 0x51, 0x45, 0x14, 0x00, 0x51, 0x45, 0x14, 0x00, 0x51, 0x45, 0x14, 0x00, 0x51,
    0x45, 0x14, 0x00, 0x51, 0x45, 0x14, 0x00, 0x51, 0x45, 0x14, 0x00, 0x51, 0x45, 0x14, 0x00, 0x51,
    0x45, 0x14, 0x00, 0x57, 0x4B, 0xF0, 0xAA, 0xE6, 0xDA, 0xCB, 0xE2, 0x87, 0x85, 0x2F, 0x2F, 0x2E,
    0x22, 0xB6, 0xB6, 0x83, 0x5A, 0xB3, 0x96, 0x69, 0xA5, 0x70, 0x89, 0x1A, 0x2C, 0xE8, 0x59, 0x99,
    0x8F, 0x00, 0x00, 0x09, 0x24, 0xF4, 0xAE, 0x6A, 0x8A, 0xCE, 0xB5, 0x35, 0x56, 0x9C, 0xA0, 0xFA,
    0xA6, 0xBE, 0xF1, 0xC5, 0xF2, 0xB4, 0xCF, 0xD5, 0x2A, 0x2B, 0xF3, 0xCB, 0xC3, 0x9F, 0x1B, 0xFE,
    0x29, 0x78, 0x7B, 0x43, 0xB4, 0xD1, 0x74, 0xAF, 0x15, 0xCB, 0x15, 0x8D, 0x9C, 0x7E, 0x55, 0xBC,
    0x72, 0x5A, 0x41, 0x31, 0x44, 0x1D, 0x17, 0x74, 0x88, 0xCD, 0x81, 0xD0, 0x02, 0x78, 0x00, 0x01,
    0x80, 0x00, 0xAD, 0x0F, 0xF8, 0x68, 0x7F, 0x8C, 0x3F, 0xF4, 0x37, 0xFF, 0x00, 0xE5, 0x36, 0xD3,
    0xFF, 0x00, 0x8D, 0x57, 0xE5, 0x52, 0xE0, 0x2C, 0x7A, 0x93, 0xE5, 0xA9, 0x0B, 0x7A, 0xBF, 0xFE,
    0x45, 0xFE, 0x67, 0xBA, 0xB3, 0x5A, 0x56, 0xD5, 0x3F, 0xC3, 0xFC, 0xCF, 0xBF, 0x68, 0xAF, 0x80,
    0xBF, 0xE1, 0xA1, 0xFE, 0x30, 0xFF, 0x00, 0xD0, 0xDF, 0xFF, 0x00, 0x94, 0xDB, 0x4F, 0xFE, 0x35,
    0x47, 0xFC, 0x34, 0x3F, 0xC6, 0x1F, 0xFA, 0x1B, 0xFF, 0x00, 0xF2, 0x9B, 0x69, 0xFF, 0x00, 0xC6,
    0xAA, 0x7F, 0xD4, 0x2C, 0xC7, 0xF9, 0xE1, 0xF7, 0xCB, 0xFF, 0x00, 0x91, 0x1F, 0xF6, 0xAD, 0x1E,
    0xCF, 0xF0, 0xFF, 0x00, 0x33, 0xEF, 0xDA, 0x2B, 0xE0, 0x2F, 0xF8, 0x68, 0x7F, 0x8C, 0x3F, 0xF4,
    0x37, 0xFF, 0x00, 0xE5, 0x36, 0xD3, 0xFF, 0x00, 0x8D, 0x54, 0x37, 0x9F, 0x1F, 0xFE, 0x2F, 0x5D,
    0xD9, 0xCD, 0x6B, 0x2F, 0x8C, 0x65, 0x58, 0xE6, 0x8D, 0xA3, 0x63, 0x15, 0x95, 0xBC, 0x4E, 0x01,
    0x18, 0x3B, 0x5D, 0x23, 0x0C, 0xA7, 0x9E, 0x19, 0x48, 0x23, 0xA8, 0x20, 0xD3, 0x5C, 0x05, 0x98,
    0x5F, 0x59, 0xC3, 0xEF, 0x97, 0xFF, 0x00, 0x22, 0x1F, 0xDA, 0xB4, 0x7B, 0x3F, 0xC3, 0xFC, 0xC3,
    0xF6, 0xAA, 0xB9, 0xB6, 0xBB, 0xF8, 0xFB, 0xE2, 0x79, 0x6D, 0x6E, 0x22, 0x9E, 0x35, 0x92, 0xDE,
    0x22, 0xD1, 0xB8, 0x60, 0x1D, 0x2D, 0xE2, 0x47, 0x5C, 0x8E, 0xEA, 0xCA, 0xCA, 0x47, 0x62, 0x08,
    0x3C, 0x8A, 0xF3, 0x0A, 0x28, 0xAF, 0xD4, 0x70, 0x78, 0x75, 0x86, 0xC3, 0xD3, 0xA0, 0x9D, 0xF9,
    0x52, 0x57, 0xF4, 0x56, 0x3C, 0x3A, 0x93, 0xE7, 0x9B, 0x97, 0x70, 0xAE, 0x97, 0xE1, 0x55, 0xCD,
    0xB5, 0x97, 0xC5, 0x0F, 0x0A, 0x5E, 0x5E, 0x5C, 0x45, 0x6D, 0x6D, 0x06, 0xB5, 0x67, 0x2C, 0xD3,
    0x4A, 0xE1, 0x12, 0x34, 0x59, 0xD0, 0xB3, 0x33, 0x1E, 0x00, 0x00, 0x12, 0x49, 0xE9, 0x5C, 0xD5,
    0x15, 0xAD, 0x6A, 0x6A, 0xAD, 0x39, 0x41, 0xF5, 0x4D, 0x7D, 0xE4, 0xC5, 0xF2, 0xB4, 0xCF, 0xD5,
    0x2A, 0x2B, 0xF3, 0xCB, 0xC3, 0x9F, 0x1B, 0xFE, 0x29, 0x78, 0x7B, 0x43, 0xB4, 0xD1, 0x74, 0xAF,
    0x15, 0xCB, 0x15, 0x8D, 0x9C, 0x7E, 0x55, 0xBC, 0x72, 0x5A, 0x41, 0x31, 0x44, 0x1D, 0x17, 0x74,
    0x88, 0xCD, 0x81, 0xD0, 0x02, 0x78, 0x00, 0x01, 0x80, 0x00, 0xAD, 0x0F, 0xF8, 0x68, 0x7F, 0x8C,
    0x3F, 0xF4, 0x37, 0xFF, 0x00, 0xE5, 0x36, 0xD3, 0xFF, 0x00, 0x8D, 0x57, 0xE5, 0x52, 0xE0, 0x2C,
    0x7A, 0x93, 0xE5, 0xA9, 0x0B, 0x7A, 0xBF, 0xFE, 0x45, 0xFE, 0x67, 0xBA, 0xB3, 0x5A, 0x56, 0xD5,
    0x3F, 0xC3, 0xFC, 0xCF, 0xBF, 0x68, 0xAF, 0x80, 0xBF, 0xE1, 0xA1, 0xFE, 0x30, 0xFF, 0x00, 0xD0,
    0xDF, 0xFF, 0x00, 0x94, 0xDB, 0x4F, 0xFE, 0x35, 0x47, 0xFC, 0x34, 0x3F, 0xC6, 0x1F, 0xFA, 0x1B,
    0xFF, 0x00, 0xF2, 0x9B, 0x69, 0xFF, 0x00, 0xC6, 0xAA, 0x7F, 0xD4, 0x2C, 0xC7, 0xF9, 0xE1, 0xF7,
    0xCB, 0xFF, 0x00, 0x91, 0x1F, 0xF6, 0xAD, 0x1E, 0xCF, 0xF0, 0xFF, 0x00, 0x33, 0xEF, 0xDA, 0x2B,
    0xE0, 0x2F, 0xF8, 0x68, 0x7F, 0x8C, 0x3F, 0xF4, 0x37, 0xFF, 0x00, 0xE5, 0x36, 0xD3, 0xFF, 0x00,
    0x8D, 0x54, 0x37, 0x9F, 0x1F, 0xFE, 0x2F, 0x5D, 0xD9, 0xCD, 0x6B, 0x2F, 0x8C, 0x65, 0x58, 0xE6,
    0x8D, 0xA3, 0x63, 0x15, 0x95, 0xBC, 0x4E, 0x01, 0x18, 0x3B, 0x5D, 0x23, 0x0C, 0xA7, 0x9E, 0x19,
    0x48, 0x23, 0xA8, 0x20, 0xD3, 0x5C, 0x05, 0x98, 0x5F, 0x59, 0xC3, 0xEF, 0x97, 0xFF, 0x00, 0x22,
    0x1F, 0xDA, 0xB4, 0x7B, 0x3F, 0xC3, 0xFC, 0xC3, 0xF6, 0xAA, 0xB9, 0xB6, 0xBB, 0xF8, 0xFB, 0xE2,
    0x79, 0x6D, 0x6E, 0x22, 0x9E, 0x35, 0x92, 0xDE, 0x22, 0xD1, 0xB8, 0x60, 0x1D, 0x2D, 0xE2, 0x47,
    0x5C, 0x8E, 0xEA, 0xCA, 0xCA, 0x47, 0x62, 0x08, 0x3C, 0x8A, 0xF3, 0x0A, 0x28, 0xAF, 0xD4, 0x70,
    0x78, 0x75, 0x86, 0xC3, 0xD3, 0xA0, 0x9D, 0xF9, 0x52, 0x57, 0xF4, 0x56, 0x3C, 0x3A, 0x93, 0xE7,
    0x9B, 0x97, 0x70, 0xA2, 0x8A, 0x2B, 0xA4, 0x80, 0xA2, 0x8A, 0x28, 0x00, 0xA2, 0x8A, 0x28, 0x00,
    0xA2, 0x8A, 0x28, 0x00, 0xA2, 0x8A, 0x28, 0x00, 0xA2, 0x8A, 0x28, 0x00, 0xA2, 0x8A, 0x28, 0x00,
    0xA2, 0x8A, 0x28, 0x00, 0xA2, 0x8A, 0x28, 0x00, 0xA2, 0x8A, 0x28, 0x00, 0xA2, 0x8A, 0x28, 0x00,
    0xA2, 0x8A, 0x28, 0x00, 0xA2, 0x8A, 0x28, 0x00, 0xA2, 0x8A, 0x28, 0x00, 0xA2, 0x8A, 0x28, 0x00,
    0xA2, 0x8A, 0x28, 0x00, 0xA2, 0x8A, 0x28, 0x00, 0xA2, 0x8A, 0x28, 0x00, 0xA2, 0x8A, 0x28, 0x00,
    0xA2, 0x8A, 0x28, 0x00, 0xA2, 0x8A, 0x28, 0x00, 0xA2, 0x8A, 0x28, 0x00, 0xA2, 0x8A, 0x28, 0x00,
    0xA2, 0x8A, 0x28, 0x00, 0xA2, 0x8A, 0x28, 0x00, 0xA2, 0x8A, 0x28, 0x00, 0xA2, 0x8A, 0x28, 0x00,
    0xA2, 0x8A, 0x28, 0x00, 0xA2, 0x8A, 0x28, 0x00, 0xA2, 0x8A, 0x28, 0x00, 0xA2, 0x8A, 0x28, 0x00,
    0xA2, 0x8A, 0x28, 0x00, 0xA2, 0x8A, 0x28, 0x00, 0xA2, 0x8A, 0x28, 0x00, 0xA2, 0x8A, 0x28, 0x00,
    0xA2, 0x8A, 0x28, 0x00, 0xA2, 0x8A, 0x28, 0x00, 0xA2, 0x8A, 0x28, 0x00, 0xA2, 0x8A, 0x28, 0x00,
    0xA2, 0x8A, 0x28, 0x00, 0xA2, 0x8A, 0x28, 0x00, 0xA2, 0x8A, 0x28, 0x00, 0xA2, 0x8A, 0x28, 0x00,
    0xA2, 0x8A, 0x28, 0x00, 0xA2, 0x8A, 0x28, 0x00, 0xA2, 0x8A, 0x28, 0x00, 0xA2, 0x8A, 0x28, 0x00,
    0xA2, 0x8A, 0x28, 0x00, 0xA2, 0x8A, 0x28, 0x00, 0xA2, 0x8A, 0x28, 0x00, 0xA2, 0x8A, 0x28, 0x00,
    0xA2, 0x8A, 0x28, 0x00, 0xA2, 0x8A, 0x28, 0x03, 0xEB, 0x9F, 0x86, 0x5E, 0x08, 0xD0, 0x3E, 0x22,
    0x7E, 0xC3, 0xBA, 0xC2, 0xF8, 0x73, 0xC2, 0x1A, 0x64, 0x9E, 0x33, 0xD2, 0xA5, 0x9E, 0x17, 0xBF,
    0x7D, 0x35, 0x0D, 0xDD, 0xC3, 0xC5, 0x3A, 0x5D, 0x14, 0x8A, 0x44, 0x56, 0x95, 0x99, 0xA0, 0x75,
    0x89, 0x47, 0x04, 0xB7, 0xCB, 0xC2, 0xF3, 0x5F, 0x23, 0x57, 0xA9, 0xFE, 0xCC, 0xFF, 0x00, 0x17,
    0x6E, 0xBE, 0x10, 0x78, 0xF4, 0xEA, 0xCF, 0x6D, 0x35, 0xF6, 0x8B, 0x7F, 0x10, 0xB6, 0xD5, 0x2C,
    0xE3, 0x90, 0x86, 0x64, 0xDC, 0x0A, 0xCA, 0x8B, 0x90, 0xA6, 0x54, 0xE7, 0x6E, 0xEE, 0x08, 0x67,
    0x5C, 0xAE, 0xFD, 0xC3, 0xDB, 0x3E, 0x31, 0x7E, 0xCC, 0xFA, 0x57, 0x8D, 0xB4, 0xBF, 0xF8, 0x59,
    0x5F, 0x02, 0x2F, 0xAC, 0xAF, 0xAC, 0x35, 0x5D, 0x93, 0xC7, 0xA2, 0xC4, 0x56, 0x28, 0x8E, 0xE6,
    0x22, 0x46, 0x82, 0x47, 0x65, 0x11, 0xE1, 0xB1, 0x98, 0x1C, 0x2E, 0xC2, 0x24, 0x00, 0x8C, 0x2C,
    0x60, 0x03, 0xE4, 0x0A, 0x2A, 0xEE, 0xB7, 0xA4, 0xEA, 0xBA, 0x1E, 0xA9, 0x36, 0x97, 0xAD, 0xE9,
    0x97, 0xBA, 0x65, 0xFC, 0x1B, 0x7C, 0xDB, 0x5B, 0xC8, 0x1A, 0x19, 0x63, 0xDC, 0xA1, 0x86, 0xE4,
    0x60, 0x08, 0xCA, 0x90, 0x46, 0x47, 0x42, 0x0D, 0x52, 0xA0, 0x02, 0x8A, 0x2A, 0x7B, 0x0B, 0x4B,
    0xAB, 0xFB, 0xEB, 0x7B, 0x1B, 0x1B, 0x69, 0xAE, 0xAE, 0xEE, 0x65, 0x58, 0x60, 0x82, 0x18, 0xCB,
    0xC9, 0x2B, 0xB1, 0xC2, 0xA2, 0xA8, 0xE5, 0x98, 0x92, 0x00, 0x03, 0x92, 0x4D, 0x00, 0x41, 0x5F,
    0x5C, 0xFC, 0x38, 0xF0, 0x46, 0x81, 0xE1, 0x3F, 0xD8, 0x83, 0xC5, 0x3E, 0x34, 0xF1, 0xAF, 0x84,
    0x34, 0xCB, 0xCD, 0x47, 0x53, 0x8A, 0xE2, 0x6D, 0x2A, 0xE6, 0x5D, 0x35, 0x24, 0xBC, 0xB6, 0x4B,
    0x85, 0x8E, 0xD6, 0xD9, 0xC3, 0x4A, 0xA1, 0x91, 0x7C, 0xD3, 0xE6, 0x82, 0xA4, 0x8D, 0x8E, 0x1D,
    0x72, 0x4E, 0x2B, 0x33, 0xE0, 0x5F, 0xEC, 0xA7, 0x7F, 0x79, 0x6E, 0xBE, 0x2F, 0xF8, 0xBB, 0x3F,
    0xFC, 0x23, 0x7A, 0x05, 0xA6, 0xDB, 0xA9, 0x34, 0xD9, 0x9D, 0x63, 0x96, 0xE2, 0xDC, 0x46, 0x64,
    0x66, 0x9A, 0x4D, 0xC3, 0xEC, 0xC8, 0x3E, 0x50, 0xC0, 0xFC, 0xF8, 0x12, 0x03, 0xE5, 0x90, 0x1A,
    0xB8, 0xCF, 0xDA, 0xBF, 0xE3, 0x3D, 0x87, 0xC4, 0x7D, 0x53, 0x4E, 0xF0, 0xCF, 0x84, 0x2D, 0x3E,
    0xC1, 0xE0, 0xAF, 0x0F, 0xE6, 0x3B, 0x08, 0xD1, 0x5A, 0x15, 0xBA, 0x60, 0xA1, 0x04, 0xBE, 0x48,
    0xC2, 0xA2, 0x2A, 0x8D, 0xB1, 0xA9, 0x5D, 0xCA, 0xAC, 0xC4, 0xE3, 0x79, 0x45, 0x00, 0xF0, 0xCA,
    0x28, 0xA2, 0x80, 0x0A, 0x28, 0xA2, 0x80, 0x0A, 0x28, 0xA2, 0x80, 0x0A, 0x28, 0xA2, 0x80, 0x0A,
    0x28, 0xA2, 0x80, 0x0A, 0x28, 0xA2, 0x80, 0x0A, 0x28, 0xA2, 0x80, 0x0A, 0x28, 0xA2, 0x80, 0x0A,
    0x28, 0xA2, 0x80, 0x0A, 0x28, 0xA2, 0x80, 0x0A, 0x28, 0xA2, 0x80, 0x0A, 0x28, 0xA2, 0x80, 0x0A,
    0x28, 0xA2, 0x80, 0x0A, 0x28, 0xA2, 0x80, 0x0A, 0x28, 0xA2, 0x80, 0x0A, 0x28, 0xA2, 0x80, 0x0A,
    0xE9, 0xBE, 0x1E, 0xF8, 0xFF, 0x00, 0xC6, 0x5F, 0x0F, 0xF5, 0x46, 0xD4, 0x7C, 0x1D, 0xE2, 0x1B,
    0xDD, 0x22, 0x69, 0x31, 0xE6, 0xAC, 0x4C, 0x1A, 0x29, 0xB0, 0xAC, 0xA3, 0xCC, 0x89, 0x81, 0x49,
    0x30, 0x1D, 0xB1, 0xB9, 0x4E, 0xD2, 0x72, 0x30, 0x79, 0xAE, 0x66, 0x8A, 0x00, 0xFA, 0xFF, 0x00,
    0x44, 0xFD, 0xAE, 0xFC, 0x2B, 0xE2, 0x7D, 0x2E, 0x1D, 0x2B, 0xE3, 0x07, 0xC3, 0x1B, 0x2D, 0x56,
    0x18, 0x77, 0x4F, 0xE6, 0x59, 0xC1, 0x15, 0xD4, 0x4D, 0x38, 0x62, 0x10, 0xAD, 0xB5, 0xC7, 0x09,
    0x88, 0xD9, 0x81, 0x7F, 0x31, 0x8E, 0x73, 0x80, 0x03, 0x7C, 0xB7, 0x7F, 0xB7, 0xFF, 0x00, 0x62,
    0x5F, 0x14, 0x7F, 0xC4, 0xF7, 0x56, 0xD1, 0x3F, 0xB1, 0x2F, 0x6E, 0x7F, 0xD6, 0x58, 0xFD, 0x96,
    0xFE, 0xDF, 0xCA, 0xDB, 0xF2, 0x0F, 0xDD, 0xDA, 0x13, 0x02, 0xE4, 0x28, 0x6F, 0x90, 0xF3, 0x9C,
    0x9F, 0x98, 0x9A, 0xF8, 0xCE, 0x8A, 0x00, 0xFB, 0x33, 0xFB, 0x43, 0xF6, 0x1C, 0xD2, 0x7F, 0xE2,
    0x69, 0x67, 0x65, 0xF6, 0xFB, 0x9B, 0x3F, 0xF4, 0x88, 0x6D, 0x7C, 0xAD, 0x52, 0x4F, 0x3D, 0xD3,
    0xE6, 0x58, 0xF6, 0x4C, 0x44, 0x4D, 0xB8, 0x80, 0x31, 0x21, 0x08, 0x73, 0x86, 0xE3, 0x35, 0x0D,
    0xFF, 0x00, 0xED, 0x61, 0xF0, 0xDB, 0xC2, 0x56, 0x37, 0x09, 0xF0, 0x97, 0xE1, 0x44, 0x3A, 0x7D,
    0xDD, 0xEC, 0x4C, 0x2E, 0x25, 0x9A, 0xD6, 0xDF, 0x4F, 0x8D, 0x5D, 0x47, 0xEE, 0x59, 0x92, 0xDF,
    0x71, 0x9D, 0x41, 0x67, 0x25, 0x4B, 0x21, 0x03, 0x80, 0x7E, 0x62, 0x47, 0xC7, 0x34, 0x50, 0x07,
    0x75, 0xF1, 0x5B, 0xE2, 0xD7, 0x8F, 0x7E, 0x26, 0xDF, 0x19, 0xBC, 0x57, 0xAE, 0xCD, 0x3D, 0xA2,
    0xCB, 0xE6, 0x41, 0xA7, 0x43, 0xFB, 0xAB, 0x48, 0x0E, 0x5C, 0xAE, 0xD8, 0x87, 0x05, 0x94, 0x48,
    0xCA, 0x1D, 0xB7, 0x3E, 0xDE, 0x0B, 0x1A, 0xE1, 0x68, 0xA2, 0x80, 0x0A, 0x28, 0xA2, 0x80, 0x0A,
    0x28, 0xA2, 0x80, 0x0A, 0x28, 0xA2, 0x80, 0x0A, 0x28, 0xA2, 0x80, 0x0A, 0x28, 0xA2, 0x80, 0x0A,
    0x28, 0xA2, 0x80, 0x0A, 0x28, 0xA2, 0x80, 0x0A, 0x28, 0xA2, 0x80, 0x0A, 0x28, 0xA2, 0x80, 0x0A,
    0x28, 0xA2, 0x80, 0x0A, 0x28, 0xA2, 0x80, 0x0A, 0x28, 0xA2, 0x80, 0x0A, 0x28, 0xA2, 0x80, 0x0A,
    0x28, 0xA2, 0x80, 0x0A, 0x28, 0xA2, 0x80, 0x0A, 0x28, 0xA2, 0x80, 0x0A, 0x28, 0xA2, 0x80, 0x0A,
    0x28, 0xA2, 0x80, 0x0A, 0x28, 0xA2, 0x80, 0x0A, 0x28, 0xA2, 0x80, 0x0A, 0x28, 0xA2, 0x80, 0x0A,
    0x28, 0xA2, 0x80, 0x0A, 0x28, 0xA2, 0x80, 0x0A, 0x28, 0xA2, 0x80, 0x0A, 0x28, 0xA2, 0x80, 0x0A,
    0x28, 0xA2, 0x80, 0x0A, 0x28, 0xA2, 0x80, 0x0A, 0x28, 0xA2, 0x80, 0x0A, 0x28, 0xA2, 0x80, 0x0A,
    0x28, 0xA2, 0x80, 0x0A, 0x28, 0xA2, 0x80, 0x0A, 0x28, 0xA2, 0x80, 0x0A, 0x28, 0xA2, 0x80, 0x0A,
    0x28, 0xA2, 0x80, 0x0A, 0x28, 0xA2, 0x80, 0x0A, 0x28, 0xA2, 0x80, 0x0A, 0x28, 0xA2, 0x80, 0x0A,
    0x28, 0xA2, 0x80, 0x0A, 0x28, 0xA2, 0x80, 0x0A, 0x28, 0xA2, 0x80, 0x0A, 0x28, 0xA2, 0x80, 0x0A,
    0x28, 0xA2, 0x80, 0x0A, 0x28, 0xA2, 0x80, 0x0A, 0x28, 0xA2, 0x80, 0x0A, 0x28, 0xA2, 0x80, 0x0A,
    0x28, 0xA2, 0x80, 0x0A, 0x28, 0xA2, 0x80, 0x0A, 0x28, 0xA2, 0x80, 0x0A, 0x28, 0xA2, 0x80, 0x0A,
    0x28, 0xA2, 0x80, 0x0A, 0x28, 0xA2, 0x80, 0x0A, 0x28, 0xA2, 0x80, 0x0A, 0x28, 0xA2, 0x80, 0x0A,
    0x28, 0xA2, 0x80, 0x0A, 0x28, 0xA2, 0x80, 0x0A, 0x28, 0xA2, 0x80, 0x0A, 0x28, 0xA2, 0x80, 0x0A,
    0x28, 0xA2, 0x80, 0x0A, 0x28, 0xA2, 0x80, 0x0A, 0x28, 0xA2, 0x80, 0x0A, 0x28, 0xA2, 0x80, 0x0A,
    0x28, 0xA2, 0x80, 0x0A, 0x28, 0xA2, 0x80, 0x0A, 0x28, 0xA2, 0x80, 0x0A, 0x28, 0xA2, 0x80, 0x0A,
    0x28, 0xA2, 0x80, 0x0A, 0x28, 0xA2, 0x80, 0x0A, 0x28, 0xA2, 0x80, 0x0A, 0x28, 0xA2, 0x80, 0x0A,
    0x28, 0xA2, 0x80, 0x0A, 0x28, 0xA2, 0x80, 0x0A, 0x28, 0xA2, 0x80, 0x0A, 0x28, 0xA2, 0x80, 0x0A,
    0x28, 0xA2, 0x80, 0x0A, 0x28, 0xA2, 0x80, 0x0A, 0x28, 0xA2, 0x80, 0x0A, 0x28, 0xA2, 0x80, 0x0A,
    0x28, 0xA2, 0x80, 0x0A, 0x28, 0xA2, 0x80, 0x0A, 0x28, 0xA2, 0x80, 0x0A, 0x28, 0xA2, 0x80, 0x0A,
    0x28, 0xA2, 0x80, 0x0A, 0x28, 0xA2, 0x80, 0x0A, 0x28, 0xA2, 0x80, 0x0A, 0x28, 0xA2, 0x80, 0x0A,
    0x28, 0xA2, 0x80, 0x0A, 0x28, 0xA2, 0x80, 0x0A, 0x28, 0xA2, 0x80, 0x3F, 0xFF, 0xD9,
};

static const uint8_t EMOJI_FIRE[] PROGMEM = {
    0xFF, 0xD8, 0xFF, 0xE0, 0x00, 0x10, 0x4A, 0x46, 0x49, 0x46, 0x00, 0x01, 0x01, 0x00, 0x00, 0x01,
    0x00, 0x01, 0x00, 0x00, 0xFF, 0xDB, 0x00, 0x43, 0x00, 0x05, 0x03, 0x04, 0x04, 0x04, 0x03, 0x05,
    0x04, 0x04, 0x04, 0x05, 0x05, 0x05, 0x06, 0x07, 0x0C, 0x08, 0x07, 0x07, 0x07, 0x07, 0x0F, 0x0B,
    0x0B, 0x09, 0x0C, 0x11, 0x0F, 0x12, 0x12, 0x11, 0x0F, 0x11, 0x11, 0x13, 0x16, 0x1C, 0x17, 0x13,
    0x14, 0x1A, 0x15, 0x11, 0x11, 0x18, 0x21, 0x18, 0x1A, 0x1D, 0x1D, 0x1F, 0x1F, 0x1F, 0x13, 0x17,
    0x22, 0x24, 0x22, 0x1E, 0x24, 0x1C, 0x1E, 0x1F, 0x1E, 0xFF, 0xDB, 0x00, 0x43, 0x01, 0x05, 0x05,
    0x05, 0x07, 0x06, 0x07, 0x0E, 0x08, 0x08, 0x0E, 0x1E, 0x14, 0x11, 0x14, 0x1E, 0x1E, 0x1E, 0x1E,
    0x1E, 0x1E, 0x1E, 0x1E, 0x1E, 0x1E, 0x1E, 0x1E, 0x1E, 0x1E, 0x1E, 0x1E, 0x1E, 0x1E, 0x1E, 0x1E,
    0x1E, 0x1E, 0x1E, 0x1E, 0x1E, 0x1E, 0x1E, 0x1E, 0x1E, 0x1E, 0x1E, 0x1E, 0x1E, 0x1E, 0x1E, 0x1E,
    0x1E, 0x1E, 0x1E, 0x1E, 0x1E, 0x1E, 0x1E, 0x1E, 0x1E, 0x1E, 0x1E, 0x1E, 0x1E, 0x1E, 0xFF, 0xC0,
    0x00, 0x11, 0x08, 0x00, 0xF0, 0x01, 0x40, 0x03, 0x01, 0x22, 0x00, 0x02, 0x11, 0x01, 0x03, 0x11,
    0x01, 0xFF, 0xC4, 0x00, 0x1F, 0x00, 0x00, 0x01, 0x05, 0x01, 0x01, 0x01, 0x01, 0x01, 0x01, 0x00,
    0x00, 0x00, 0x00, 0x00, 0x00, 0x00, 0x00, 0x01, 0x02, 0x03, 0x04, 0x05, 0x06, 0x07, 0x08, 0x09,
    0x0A, 0x0B, 0xFF, 0xC4, 0x00, 0xB5, 0x10, 0x00, 0x02, 0x01, 0x03, 0x03, 0x02, 0x04, 0x03, 0x05,
    0x05, 0x04, 0x04, 0x00, 0x00, 0x01, 0x7D, 0x01, 0x02, 0x03, 0x00, 0x04, 0x11, 0x05, 0x12, 0x21,
    0x31, 0x41, 0x06, 0x13, 0x51, 0x61, 0x07, 0x22, 0x71, 0x14, 0x32, 0x81, 0x91, 0xA1, 0x08, 0x23,
    0x42, 0xB1, 0xC1, 0x15, 0x52, 0xD1, 0xF0, 0x24, 0x33, 0x62, 0x72, 0x82, 0x09, 0x0A, 0x16, 0x17,
    0x18, 0x19, 0x1A, 0x25, 0x26, 0x27, 0x28, 0x29, 0x2A, 0x34, 0x35, 0x36, 0x37, 0x38, 0x39, 0x3A,
    0x43, 0x44, 0x45, 0x46, 0x47, 0x48, 0x49, 0x4A, 0x53, 0x54, 0x55, 0x56, 0x57, 0x58, 0x59, 0x5A,
    0x63, 0x64, 0x65, 0x66, 0x67, 0x68, 0x69, 0x6A, 0x73, 0x74, 0x75, 0x76, 0x77, 0x78, 0x79, 0x7A,
    0x83, 0x84, 0x85, 0x86, 0x87, 0x88, 0x89, 0x8A, 0x92, 0x93, 0x94, 0x95, 0x96, 0x97, 0x98, 0x99,
    0x9A, 0xA2, 0xA3, 0xA4, 0xA5, 0xA6, 0xA7, 0xA8, 0xA9, 0xAA, 0xB2, 0xB3, 0xB4, 0xB5, 0xB6, 0xB7,
    0xB8, 0xB9, 0xBA, 0xC2, 0xC3, 0xC4, 0xC5, 0xC6, 0xC7, 0xC8, 0xC9, 0xCA, 0xD2, 0xD3, 0xD4, 0xD5,
    0xD6, 0xD7, 0xD8, 0xD9, 0xDA, 0xE1, 0xE2, 0xE3, 0xE4, 0xE5, 0xE6, 0xE7, 0xE8, 0xE9, 0xEA, 0xF1,
    0xF2, 0xF3, 0xF4, 0xF5, 0xF6, 0xF7, 0xF8, 0xF9, 0xFA, 0xFF, 0xC4, 0x00, 0x1F, 0x01, 0x00, 0x03,
    0x01, 0x01, 0x01, 0x01, 0x01, 0x01, 0x01, 0x01, 0x01, 0x00, 0x00, 0x00, 0x00, 0x00, 0x00, 0x01,
    0x02, 0x03, 0x04, 0x05, 0x06, 0x07, 0x08, 0x09, 0x0A, 0x0B, 0xFF, 0xC4, 0x00, 0xB5, 0x11, 0x00,
    0x02, 0x01, 0x02, 0x04, 0x04, 0x03, 0x04, 0x07, 0x05, 0x04, 0x04, 0x00, 0x01, 0x02, 0x77, 0x00,
    0x01, 0x02, 0x03, 0x11, 0x04, 0x05, 0x21, 0x31, 0x06, 0x12, 0x41, 0x51, 0x07, 0x61, 0x71, 0x13,
    0x22, 0x32, 0x81, 0x08, 0x14, 0x42, 0x91, 0xA1, 0xB1, 0xC1, 0x09, 0x23, 0x33, 0x52, 0xF0, 0x15,
    0x62, 0x72, 0xD1, 0x0A, 0x16, 0x24, 0x34, 0xE1, 0x25, 0xF1, 0x17, 0x18, 0x19, 0x1A, 0x26, 0x27,
    0x28, 0x29, 0x2A, 0x35, 0x36, 0x37, 0x38, 0x39, 0x3A, 0x43, 0x44, 0x45, 0x46, 0x47, 0x48, 0x49,
    0x4A, 0x53, 0x54, 0x55, 0x56, 0x57, 0x58, 0x59, 0x5A, 0x63, 0x64, 0x65, 0x66, 0x67, 0x68, 0x69,
    0x6A, 0x73, 0x74, 0x75, 0x76, 0x77, 0x78, 0x79, 0x7A, 0x82, 0x83, 0x84, 0x85, 0x86, 0x87, 0x88,
    0x89, 0x8A, 0x92, 0x93, 0x94, 0x95, 0x96, 0x97, 0x98, 0x99, 0x9A, 0xA2, 0xA3, 0xA4, 0xA5, 0xA6,
    0xA7, 0xA8, 0xA9, 0xAA, 0xB2, 0xB3, 0xB4, 0xB5, 0xB6, 0xB7, 0xB8, 0xB9, 0xBA, 0xC2, 0xC3, 0xC4,
    0xC5, 0xC6, 0xC7, 0xC8, 0xC9, 0xCA, 0xD2, 0xD3, 0xD4, 0xD5, 0xD6, 0xD7, 0xD8, 0xD9, 0xDA, 0xE2,
    0xE3, 0xE4, 0xE5, 0xE6, 0xE7, 0xE8, 0xE9, 0xEA, 0xF2, 0xF3, 0xF4, 0xF5, 0xF6, 0xF7, 0xF8, 0xF9,
    0xFA, 0xFF, 0xDA, 0x00, 0x0C, 0x03, 0x01, 0x00, 0x02, 0x11, 0x03, 0x11, 0x00, 0x3F, 0x00, 0xF8,
    0xCA, 0x8A, 0x28, 0xA0, 0x02, 0x8A, 0x28, 0xA0, 0x02, 0x8A, 0x28, 0xA0, 0x02, 0x8A, 0x28, 0xA0,
    0x02, 0x8A, 0x28, 0xA0, 0x02, 0x8A, 0x28, 0xA0, 0x02, 0x8A, 0x28, 0xA0, 0x02, 0x8A, 0x28, 0xA0,
    0x02, 0x8A, 0x28, 0xA0, 0x02, 0x8A, 0x28, 0xA0, 0x02, 0x8A, 0x28, 0xA0, 0x02, 0x8A, 0x28, 0xA0,
    0x02, 0x8A, 0x28, 0xA0, 0x02, 0x8A, 0x28, 0xA0, 0x02, 0x8A, 0x28, 0xA0, 0x02, 0x8A, 0x28, 0xA0,
    0x02, 0x8A, 0x28, 0xA0, 0x02, 0x8A, 0x28, 0xA0, 0x02, 0x8A, 0x28, 0xA0, 0x02, 0x8A, 0x28, 0xA0,
    0x02, 0x8A, 0x28, 0xA0, 0x02, 0x8A, 0x28, 0xA0, 0x02, 0x8A, 0x28, 0xA0, 0x02, 0x8A, 0x28, 0xA0,
    0x02, 0x8A, 0x28, 0xA0, 0x02, 0x8A, 0x28, 0xA0, 0x02, 0x8A, 0x28, 0xA0, 0x02, 0x8A, 0x28, 0xA0,
    0x02, 0x8A, 0x28, 0xA0, 0x02, 0x8A, 0x2A, 0x4B, 0x68, 0x27, 0xBA, 0xB9, 0x8A, 0xDA, 0xDA, 0x19,
    0x27, 0x9E, 0x67, 0x11, 0xC7, 0x1C, 0x6A, 0x59, 0x9D, 0x89, 0xC0, 0x50, 0x07, 0x24, 0x93, 0xC6,
    0x28, 0x6E, 0xDA, 0xB0, 0x4A, 0xE4, 0x74, 0x55, 0xCD, 0x6F, 0x4B, 0xD4, 0x34, 0x5D, 0x56, 0xE3,
    0x4A, 0xD5, 0x6D, 0x24, 0xB4, 0xBD, 0xB6, 0x7D, 0x92, 0xC4, 0xE3, 0x95, 0x3F, 0xC8, 0x82, 0x30,
    0x41, 0x1C, 0x10, 0x41, 0x19, 0x06, 0xA9, 0xD2, 0x8C, 0x94, 0x92, 0x94, 0x5D, 0xD3, 0x1C, 0xA2,
    0xE2, 0xDA, 0x6A, 0xCD, 0x05, 0x14, 0x51, 0x4C, 0x41, 0x45, 0x14, 0x50, 0x01, 0x45, 0x14, 0x50,
    0x01, 0x45, 0x14, 0x50, 0x01, 0x45, 0x14, 0x50, 0x01, 0x45, 0x14, 0x50, 0x01, 0x45, 0x14, 0x50,
    0x01, 0x45, 0x14, 0x50, 0x01, 0x45, 0x14, 0x50, 0x01, 0x45, 0x14, 0x50, 0x01, 0x45, 0x14, 0x50,
    0x01, 0x45, 0x14, 0x50, 0x01, 0x45, 0x14, 0x50, 0x01, 0x45, 0x14, 0x50, 0x01, 0x45, 0x14, 0x50,
    0x01, 0x45, 0x14, 0x50, 0x01, 0x45, 0x14, 0x50, 0x01, 0x45, 0x14, 0x50, 0x01, 0x5F, 0x4F, 0x7E,
    0xCE, 0xBF, 0x0D, 0x27, 0xF0, 0xED, 0xB3, 0x78, 0x9B, 0xC4, 0x36, 0x71, 0xA6, 0xAB, 0x72, 0x80,
    0x59, 0xC3, 0x22, 0x1F, 0x32, 0xCE, 0x32, 0x0E, 0xE2, 0x73, 0xC2, 0xBB, 0x82, 0x38, 0xC6, 0x54,
    0x0C, 0x12, 0x37, 0x32, 0x8C, 0x7F, 0xD9, 0xB7, 0xE1, 0xA4, 0x1F, 0x66, 0x87, 0xC6, 0xBE, 0x20,
    0xB3, 0x90, 0xCE, 0x5F, 0x76, 0x97, 0x6F, 0x32, 0x00, 0xA1, 0x70, 0x08, 0xB8, 0xC7, 0x52, 0x49,
    0xCE, 0xDC, 0x81, 0x8C, 0x6E, 0x19, 0xCA, 0x91, 0xEF, 0xB5, 0xF0, 0x1C, 0x4B, 0x9F, 0x73, 0xF3,
    0x60, 0xE8, 0x3D, 0x3E, 0xD3, 0xFD, 0x17, 0xEB, 0xF7, 0x6D, 0xBF, 0xDC, 0x70, 0xF6, 0x49, 0xC9,
    0xCB, 0x8B, 0xAE, 0xB5, 0xFB, 0x2B, 0xF5, 0x7F, 0xA7, 0xDF, 0xE9, 0xE6, 0xDF, 0x1D, 0xFE, 0x1D,
    0xFF, 0x00, 0xC2, 0x6D, 0xA0, 0xA5, 0xD6, 0x97, 0x0D, 0xBA, 0xEB, 0xB6, 0x5C, 0xC2, 0xEF, 0xF2,
    0x99, 0xE3, 0xE7, 0x30, 0x96, 0xC8, 0x03, 0x24, 0xE5, 0x4B, 0x64, 0x02, 0x08, 0xF9, 0x43, 0x31,
    0xAF, 0x92, 0x6E, 0x60, 0x9E, 0xD6, 0xE6, 0x5B, 0x6B, 0x98, 0x64, 0x82, 0x78, 0x5C, 0xC7, 0x24,
    0x72, 0x29, 0x56, 0x46, 0x07, 0x05, 0x48, 0x3C, 0x82, 0x0F, 0x18, 0xAF, 0xBF, 0xEB, 0xC8, 0xBF,
    0x68, 0x3F, 0x86, 0x90, 0x78, 0x8F, 0x4A, 0x9F, 0xC4, 0xBA, 0x2D, 0x9C, 0x8D, 0xAF, 0xDB, 0x20,
    0x32, 0x47, 0x02, 0x02, 0x6F, 0x63, 0x18, 0x04, 0x11, 0xDD, 0xD5, 0x79, 0x04, 0x64, 0x90, 0x36,
    0xE0, 0xFC, 0xBB, 0x70, 0xE1, 0xBC, 0xFB, 0xEA, 0xED, 0x61, 0x6B, 0xBF, 0x71, 0xEC, 0xFB, 0x5F,
    0xBF, 0x97, 0xE5, 0xE9, 0xB6, 0xFC, 0x41, 0x92, 0x7D, 0x61, 0x3C, 0x4D, 0x15, 0xEF, 0x2D, 0xD7,
    0x7F, 0xF8, 0x3F, 0x9F, 0xAE, 0xFF, 0x00, 0x2C, 0xD1, 0x45, 0x15, 0xFA, 0x31, 0xF0, 0x01, 0x45,
    0x14, 0x50, 0x01, 0x45, 0x14, 0x50, 0x01, 0x45, 0x14, 0x50, 0x01, 0x45, 0x14, 0x50, 0x01, 0x45,
    0x14, 0x50, 0x01, 0x45, 0x14, 0x50, 0x01, 0x45, 0x14, 0x50, 0x01, 0x45, 0x14, 0x50, 0x01, 0x45,
    0x14, 0x50, 0x01, 0x45, 0x14, 0x50, 0x01, 0x45, 0x14, 0x50, 0x01, 0x45, 0x14, 0x50, 0x01, 0x45,
    0x14, 0x50, 0x01, 0x45, 0x14, 0x50, 0x01, 0x45, 0x14, 0x50, 0x01, 0x45, 0x14, 0x50, 0x01, 0x5E,
    0xDD, 0xFB, 0x3E, 0x7C, 0x2A, 0x83, 0x5D, 0x8E, 0x0F, 0x17, 0x78, 0x8E, 0x38, 0xE6, 0xD3, 0x03,
    0x9F, 0xB1, 0x59, 0x92, 0x18, 0x5C, 0x32, 0xB1, 0x52, 0xF2, 0x0F, 0xEE, 0x06, 0x04, 0x6D, 0x3F,
    0x78, 0x8E, 0x7E, 0x5E, 0x1F, 0x1B, 0xE0, 0x6F, 0xC2, 0xA9, 0xFC, 0x61, 0x72, 0x9A, 0xDE, 0xB7,
    0x1C, 0x90, 0x78, 0x7E, 0x17, 0xE0, 0x64, 0xAB, 0x5E, 0xB0, 0x3C, 0xA2, 0x9E, 0xA1, 0x01, 0xE1,
    0x98, 0x7B, 0xAA, 0xF3, 0x92, 0xBF, 0x55, 0x5B, 0x41, 0x05, 0xAD, 0xB4, 0x56, 0xD6, 0xD0, 0xC7,
    0x04, 0x10, 0xA0, 0x8E, 0x38, 0xE3, 0x50, 0xAA, 0x8A, 0x06, 0x02, 0x80, 0x38, 0x00, 0x0E, 0x31,
    0x5F, 0x19, 0xC4, 0x99, 0xFF, 0x00, 0xB1, 0x4F, 0x0B, 0x87, 0x97, 0xBD, 0xD5, 0xAE, 0x9E, 0x4B,
    0xCF, 0xF2, 0xF5, 0xDB, 0xEB, 0xB8, 0x7F, 0x24, 0xF6, 0xAD, 0x62, 0x71, 0x0B, 0xDD, 0xE8, 0xBB,
    0xF9, 0xFA, 0x7E, 0x7E, 0x9B, 0xC9, 0x45, 0x14, 0x57, 0xE7, 0x87, 0xDE, 0x05, 0x14, 0x51, 0x40,
    0x1E, 0x15, 0xFB, 0x42, 0x7C, 0x2A, 0x82, 0xEE, 0xDA, 0xF3, 0xC6, 0x9E, 0x1E, 0x8E, 0x38, 0x2E,
    0x61, 0x46, 0x9F, 0x52, 0xB6, 0xC8, 0x55, 0x99, 0x40, 0xCB, 0x4C, 0xBD, 0x83, 0x81, 0x92, 0xC3,
    0xF8, 0xB9, 0x3F, 0x7B, 0x3B, 0xFE, 0x71, 0xAF, 0xD0, 0x3A, 0xF9, 0xBB, 0xE3, 0xDF, 0xC2, 0x3F,
    0xEC, 0xBF, 0xB4, 0x78, 0xAB, 0xC2, 0xB6, 0xBF, 0xF1, 0x2F, 0xE6, 0x4B, 0xEB, 0x18, 0xD7, 0xFE,
    0x3D, 0xBB, 0x99, 0x23, 0x1F, 0xF3, 0xCF, 0xD5, 0x7F, 0x83, 0xA8, 0xF9, 0x7E, 0xE7, 0xDD, 0xF0,
    0xD6, 0x7D, 0xB6, 0x13, 0x13, 0x2F, 0xF0, 0xB7, 0xF9, 0x3F, 0xD3, 0xEE, 0xEC, 0x7C, 0x4F, 0x10,
    0xE4, 0x9B, 0xE2, 0xB0, 0xEB, 0xFC, 0x4B, 0xF5, 0x5F, 0xAF, 0xDF, 0xDC, 0xF0, 0xDA, 0x28, 0xA2,
    0xBE, 0xEC, 0xF8, 0xB0, 0xA2, 0x8A, 0x28, 0x00, 0xA2, 0x8A, 0x28, 0x00, 0xA2, 0x8A, 0x28, 0x00,
    0xA2, 0x8A, 0x28, 0x00, 0xA2, 0x8A, 0x28, 0x00, 0xA2, 0x8A, 0x28, 0x00, 0xA2, 0x8A, 0x28, 0x00,
    0xA2, 0x8A, 0x28, 0x00, 0xA2, 0x8A, 0x28, 0x00, 0xA2, 0x8A, 0x28, 0x00, 0xA2, 0x8A, 0x28, 0x00,
    0xA2, 0x8A, 0x28, 0x00, 0xA2, 0x8A, 0x28, 0x00, 0xA2, 0x8A, 0x28, 0x00, 0xAE, 0xF7, 0xE0, 0xFF,
    0x00, 0xC3, 0x7D, 0x43, 0xC7, 0x9A, 0xA9, 0x77, 0x32, 0x5A, 0x68, 0xB6, 0xCE, 0x05, 0xDD, 0xD8,
    0x1C, 0xB1, 0xEB, 0xE5, 0x47, 0x9E, 0x0B, 0x91, 0x8E, 0x7A, 0x28, 0x39, 0x39, 0xCA, 0xAB, 0x65,
    0xFC, 0x35, 0xF0, 0x46, 0xAF, 0xE3, 0xAD, 0x78, 0x69, 0xDA, 0x72, 0xF9, 0x56, 0xF1, 0xE1, 0xAE,
    0xEE, 0xDD, 0x72, 0x96, 0xE8, 0x7B, 0x9F, 0x56, 0x38, 0x3B, 0x57, 0xA9, 0x20, 0xF4, 0x00, 0x91,
    0xF6, 0x76, 0x89, 0xA5, 0xE9, 0xFA, 0x2E, 0x95, 0x6F, 0xA5, 0x69, 0x56, 0x91, 0xDA, 0x59, 0x5B,
    0x26, 0xC8, 0xA2, 0x41, 0xC2, 0x8F, 0xE6, 0x49, 0x39, 0x24, 0x9E, 0x49, 0x24, 0x9C, 0x93, 0x5F,
    0x2F, 0xC4, 0x39, 0xEF, 0xD4, 0x63, 0xEC, 0x68, 0xBF, 0xDE, 0x3F, 0xFC, 0x95, 0x7F, 0x9F, 0x6F,
    0xBF, 0xD7, 0xE8, 0xF2, 0x1C, 0x97, 0xEB, 0xB2, 0xF6, 0xB5, 0x57, 0xB8, 0xBF, 0x1F, 0xF8, 0x1D,
    0xFE, 0xEF, 0x49, 0x34, 0xCB, 0x2B, 0x6D, 0x37, 0x4D, 0xB5, 0xD3, 0xAC, 0xA2, 0xF2, 0xAD, 0x6D,
    0x61, 0x48, 0x61, 0x4D, 0xC5, 0xB6, 0xA2, 0x80, 0xAA, 0x32, 0x72, 0x4E, 0x00, 0x1C, 0x9E, 0x6A,
    0xC5, 0x14, 0x57, 0xE6, 0x4D, 0xB6, 0xEE, 0xCF, 0xD1, 0x92, 0x49, 0x59, 0x05, 0x14, 0x51, 0x48,
    0x61, 0x45, 0x14, 0x50, 0x01, 0x45, 0x14, 0x50, 0x07, 0xCA, 0x3F, 0x1C, 0xBE, 0x15, 0x4F, 0xE0,
    0xFB, 0x97, 0xD6, 0xF4, 0x48, 0xE4, 0x9F, 0xC3, 0xF3, 0x3F, 0x23, 0x25, 0x9A, 0xC9, 0x89, 0xE1,
    0x18, 0xF5, 0x28, 0x4F, 0x0A, 0xC7, 0xD9, 0x5B, 0x9C, 0x16, 0xF2, 0xAA, 0xFB, 0xFE, 0xE6, 0x08,
    0x2E, 0xAD, 0xA5, 0xB6, 0xB9, 0x86, 0x39, 0xE0, 0x99, 0x0C, 0x72, 0x47, 0x22, 0x86, 0x57, 0x52,
    0x30, 0x54, 0x83, 0xC1, 0x04, 0x71, 0x8A, 0xF9, 0x07, 0xE3, 0x57, 0xC3, 0xBB, 0xDF, 0x04, 0x6B,
    0xD2, 0x5C, 0x41, 0x0E, 0xFD, 0x0A, 0xF2, 0x66, 0x36, 0x53, 0x26, 0x48, 0x8B, 0x39, 0x22, 0x17,
    0xC9, 0x24, 0x32, 0x8E, 0x84, 0x9F, 0x98, 0x0C, 0xF5, 0x0C, 0x17, 0xF4, 0x8E, 0x1C, 0xCF, 0x9E,
    0x29, 0x7D, 0x5B, 0x10, 0xFD, 0xF5, 0xB3, 0xEF, 0xFF, 0x00, 0x07, 0xF3, 0x3F, 0x3E, 0xCF, 0xF2,
    0x45, 0x86, 0x7F, 0x58, 0xA0, 0xBD, 0xC7, 0xBA, 0xED, 0xFF, 0x00, 0x03, 0xF2, 0x3C, 0xFA, 0x8A,
    0x28, 0xAF, 0xAE, 0x3E, 0x58, 0x28, 0xA2, 0x8A, 0x00, 0x28, 0xA2, 0x8A, 0x00, 0x28, 0xA2, 0x8A,
    0x00, 0x28, 0xA2, 0x8A, 0x00, 0x28, 0xA2, 0x8A, 0x00, 0x28, 0xA2, 0x8A, 0x00, 0x28, 0xA2, 0x8A,
    0x00, 0x28, 0xA2, 0x8A, 0x00, 0x28, 0xA2, 0x8A, 0x00, 0x28, 0xA2, 0x8A, 0x00, 0x28, 0xA2, 0x8A,
    0x00, 0x28, 0xA2, 0x8A, 0x00, 0x28, 0xA2, 0x8A, 0x00, 0xFA, 0xDB, 0xF6, 0x65, 0xD3, 0xA0, 0xB2,
    0xF8, 0x4D, 0x67, 0x73, 0x13, 0x48, 0xCF, 0xA8, 0x5C, 0xCF, 0x71, 0x28, 0x62, 0x30, 0xAC, 0x1C,
    0xC5, 0x85, 0xE3, 0xA6, 0xD8, 0x94, 0xF3, 0x9E, 0x49, 0xFA, 0x0F, 0x4D, 0xAC, 0xBF, 0x08, 0x69,
    0xD3, 0xE8, 0xFE, 0x13, 0xD1, 0xF4, 0x9B, 0x96, 0x8D, 0xE7, 0xB2, 0xB1, 0x82, 0xDE, 0x46, 0x8C,
    0x92, 0xA5, 0x92, 0x35, 0x52, 0x41, 0x20, 0x1C, 0x64, 0x7A, 0x0A, 0xD4, 0xAF, 0xC5, 0x31, 0xF5,
    0xFE, 0xB1, 0x8A, 0xA9, 0x57, 0xBB, 0x6F, 0xF1, 0xD0, 0xFD, 0x83, 0x05, 0x47, 0xD8, 0x61, 0xA9,
    0xD3, 0xEC, 0x92, 0xFC, 0x02, 0x8A, 0x28, 0xAE, 0x43, 0xA8, 0x2B, 0x57, 0xC3, 0x3A, 0x79, 0xBE,
    0xD4, 0x03, 0x3A, 0x83, 0x04, 0x24, 0x34, 0x99, 0xC7, 0x3E, 0x83, 0x1D, 0xF2, 0x47, 0xE5, 0x9A,
    0xCD, 0x86, 0x37, 0x96, 0x54, 0x8A, 0x31, 0xB9, 0xDD, 0x82, 0xA8, 0xCF, 0x52, 0x7A, 0x57, 0xA0,
    0xE9, 0x16, 0x6B, 0x61, 0xA7, 0xC7, 0x6E, 0x31, 0xB8, 0x0C, 0xB9, 0x1D, 0xD8, 0xF5, 0xFF, 0x00,
    0x3E, 0x80, 0x57, 0x3E, 0x22, 0xAF, 0x24, 0x6C, 0xB7, 0x67, 0x9D, 0x98, 0xE2, 0xBD, 0x8D, 0x3B,
    0x2D, 0xD9, 0xCD, 0x78, 0xC3, 0x4F, 0x30, 0x5D, 0x7D, 0xB6, 0x35, 0x02, 0x29, 0x8E, 0x1B, 0x18,
    0xE1, 0xFE, 0x9E, 0xE0, 0x67, 0xEB, 0x9A, 0xC0, 0xAF, 0x4A, 0xBB, 0x82, 0x3B, 0xAB, 0x69, 0x2D,
    0xE5, 0x19, 0x49, 0x14, 0xA9, 0xF6, 0xF7, 0x1E, 0xF5, 0xE7, 0x97, 0xB6, 0xD2, 0xD9, 0xDD, 0x49,
    0x6D, 0x30, 0x1B, 0xD0, 0xE0, 0xE0, 0xE4, 0x1E, 0xE0, 0xFE, 0x55, 0x38, 0x6A, 0xBC, 0xD1, 0xE5,
    0x7B, 0xA2, 0x32, 0xCC, 0x57, 0xB5, 0x87, 0xB3, 0x96, 0xEB, 0xF2, 0x20, 0xA2, 0x8A, 0x2B, 0xA8,
    0xF5, 0x02, 0xB9, 0x3F, 0x8C, 0x7A, 0x74, 0x1A, 0xA7, 0xC2, 0xDF, 0x11, 0xDB, 0x5C, 0x34, 0x8A,
    0x89, 0x63, 0x25, 0xC0, 0x28, 0x40, 0x3B, 0xA1, 0x1E, 0x6A, 0x8E, 0x41, 0xE0, 0xB2, 0x00, 0x7D,
    0xB3, 0xD3, 0xAD, 0x75, 0x94, 0x56, 0xB4, 0x2A, 0xBA, 0x35, 0x63, 0x51, 0x6F, 0x16, 0x9F, 0xDC,
    0x65, 0x5A, 0x92, 0xAB, 0x4E, 0x54, 0xDE, 0xCD, 0x35, 0xF7, 0x9F, 0x9F, 0x94, 0x55, 0xCD, 0x73,
    0x4E, 0x9F, 0x47, 0xD6, 0xAF, 0xB4, 0x9B, 0x96, 0x8D, 0xE7, 0xB2, 0xB9, 0x92, 0xDE, 0x46, 0x8C,
    0x92, 0xA5, 0x91, 0x8A, 0x92, 0x09, 0x00, 0xE3, 0x23, 0xD0, 0x55, 0x3A, 0xFD, 0xC2, 0x32, 0x52,
    0x4A, 0x4B, 0x66, 0x7E, 0x37, 0x28, 0xB8, 0xB6, 0x9E, 0xE1, 0x45, 0x14, 0x53, 0x10, 0x51, 0x45,
    0x14, 0x00, 0x51, 0x45, 0x14, 0x00, 0x51, 0x45, 0x14, 0x00, 0x51, 0x45, 0x14, 0x00, 0x51, 0x45,
    0x14, 0x00, 0x51, 0x45, 0x14, 0x00, 0x51, 0x45, 0x14, 0x00, 0x51, 0x45, 0x14, 0x00, 0x51, 0x45,
    0x14, 0x00, 0x51, 0x45, 0x14, 0x00, 0x51, 0x45, 0x14, 0x00, 0x56, 0xEF, 0xC3, 0xFD, 0x2D, 0x35,
    0xAF, 0x1C, 0xE8, 0x9A, 0x54, 0xB6, 0x92, 0x5D, 0xC1, 0x73, 0x7D, 0x0A, 0x4F, 0x12, 0x06, 0xCB,
    0x45, 0xBC, 0x79, 0x9F, 0x77, 0x90, 0x02, 0x6E, 0x24, 0x8E, 0x80, 0x13, 0xC6, 0x2B, 0x0A, 0xBD,
    0x47, 0xF6, 0x5F, 0xD3, 0x7E, 0xDD, 0xF1, 0x56, 0x0B, 0xAF, 0x3B, 0xCB, 0xFE, 0xCE, 0xB3, 0x9A,
    0xE7, 0x6E, 0xDC, 0xF9, 0x99, 0x02, 0x2D, 0xB9, 0xCF, 0x1F, 0xEB, 0x73, 0x9E, 0x7E, 0xEE, 0x3B,
    0xE4, 0x71, 0xE6, 0x35, 0xFE, 0xAF, 0x84, 0xA9, 0x53, 0xB2, 0x7F, 0x7D, 0xB4, 0xFC, 0x4E, 0xBC,
    0x05, 0x1F, 0x6F, 0x8A, 0xA7, 0x4F, 0xBB, 0x5F, 0x77, 0x53, 0xEB, 0x2A, 0x28, 0xA2, 0xBF, 0x15,
    0x3F, 0x5F, 0x0A, 0x28, 0xAB, 0xBA, 0x35, 0x8B, 0xEA, 0x17, 0xC9, 0x02, 0xF0, 0xA3, 0xE6, 0x90,
    0xE7, 0x18, 0x5C, 0xF3, 0x8F, 0x7A, 0x4D, 0xA8, 0xAB, 0xB2, 0x27, 0x35, 0x08, 0xB9, 0x4B, 0x64,
    0x6E, 0x78, 0x33, 0x4F, 0x20, 0x36, 0xA3, 0x2A, 0x8F, 0x98, 0x15, 0x87, 0xA1, 0xEF, 0x82, 0x7D,
    0xBA, 0x63, 0xF3, 0xAE, 0x9A, 0x91, 0x15, 0x51, 0x02, 0x22, 0x85, 0x55, 0x18, 0x00, 0x0C, 0x00,
    0x29, 0x6B, 0xC8, 0xA9, 0x37, 0x39, 0x73, 0x33, 0xE4, 0x71, 0x35, 0xDD, 0x7A, 0x8E, 0x6C, 0x2B,
    0x0F, 0xC5, 0xDA, 0x79, 0xB9, 0xB3, 0x17, 0x51, 0x28, 0xF3, 0x60, 0x04, 0xB7, 0x41, 0x94, 0xEA,
    0x7F, 0x2E, 0xBF, 0x9D, 0x6E, 0x51, 0x4A, 0x13, 0x70, 0x92, 0x92, 0x26, 0x85, 0x69, 0x51, 0x9A,
    0x9C, 0x7A, 0x1E, 0x61, 0x45, 0x6A, 0xF8, 0x9B, 0x4F, 0x36, 0x3A, 0x81, 0x64, 0x50, 0x20, 0x98,
    0x96, 0x8F, 0x18, 0xE3, 0xD4, 0x63, 0xB6, 0x09, 0xFC, 0xB1, 0x59, 0x55, 0xEB, 0xC6, 0x4A, 0x4A,
    0xE8, 0xFA, 0xFA, 0x55, 0x23, 0x56, 0x0A, 0x71, 0xD9, 0x85, 0x14, 0x51, 0x54, 0x68, 0x7C, 0x73,
    0xFB, 0x40, 0x69, 0x69, 0xA5, 0x7C, 0x59, 0xD6, 0x92, 0x1B, 0x49, 0x2D, 0xE0, 0xB9, 0x74, 0xBA,
    0x8F, 0x70, 0x6C, 0x48, 0x64, 0x40, 0xCE, 0xEA, 0x4F, 0x50, 0x64, 0xF3, 0x3A, 0x70, 0x08, 0x20,
    0x63, 0x18, 0xAE, 0x0A, 0xBD, 0xCB, 0xF6, 0xBC, 0xD3, 0x7C, 0xAF, 0x11, 0xE8, 0x5A, 0xC7, 0x9D,
    0x9F, 0xB5, 0x59, 0xC9, 0x6D, 0xE5, 0x6D, 0xFB, 0xBE, 0x53, 0xEE, 0xDD, 0x9C, 0xF3, 0x9F, 0x3B,
    0x18, 0xC7, 0x1B, 0x7B, 0xE7, 0x8F, 0x0D, 0xAF, 0xD8, 0xB2, 0x5A, 0xFE, 0xDF, 0x01, 0x4A, 0x7E,
    0x56, 0xFB, 0xB4, 0xFD, 0x0F, 0xC9, 0xF3, 0x7A, 0x3E, 0xC7, 0x1D, 0x56, 0x1E, 0x77, 0xFB, 0xF5,
    0xFD, 0x42, 0x8A, 0x28, 0xAF, 0x50, 0xF3, 0x42, 0x8A, 0x28, 0xA0, 0x02, 0x8A, 0x28, 0xA0, 0x02,
    0x8A, 0x28, 0xA0, 0x02, 0x8A, 0x28, 0xA0, 0x02, 0x8A, 0x28, 0xA0, 0x02, 0x8A, 0x28, 0xA0, 0x02,
    0x8A, 0x28, 0xA0, 0x02, 0x8A, 0x28, 0xA0, 0x02, 0x8A, 0x28, 0xA0, 0x02, 0x8A, 0x28, 0xA0, 0x02,
    0x8A, 0x28, 0xA0, 0x02, 0xBE, 0x86, 0xFD, 0x90, 0x74, 0xB7, 0x5B, 0x6F, 0x10, 0x6B, 0x52, 0x5A,
    0x47, 0xB1, 0xDE, 0x1B, 0x58, 0x2E, 0x08, 0x52, 0xD9, 0x50, 0xCD, 0x22, 0x0F, 0xE2, 0x03, 0xE6,
    0x88, 0x9E, 0xC7, 0x8E, 0xB8, 0xE3, 0xE7, 0x9A, 0xFA, 0xDB, 0xF6, 0x65, 0xD3, 0xA0, 0xB2, 0xF8,
    0x4D, 0x67, 0x73, 0x13, 0x48, 0xCF, 0xA8, 0x5C, 0xCF, 0x71, 0x28, 0x62, 0x30, 0xAC, 0x1C, 0xC5,
    0x85, 0xE3, 0xA6, 0xD8, 0x94, 0xF3, 0x9E, 0x49, 0xFA, 0x0F, 0x9B, 0xE2, 0xBA, 0xDE, 0xCF, 0x2E,
    0x71, 0xFE, 0x66, 0x97, 0xEB, 0xFA, 0x1F, 0x41, 0xC3, 0x34, 0x7D, 0xA6, 0x3D, 0x4B, 0xF9, 0x53,
    0x7F, 0xA7, 0xEA, 0x7A, 0x6D, 0x14, 0x51, 0x5F, 0x96, 0x9F, 0xA5, 0x05, 0x77, 0x9E, 0x1D, 0xD3,
    0xCE, 0x9F, 0xA7, 0x85, 0x91, 0x40, 0x9E, 0x43, 0xBA, 0x4C, 0x60, 0xE3, 0xD0, 0x67, 0xD8, 0x7E,
    0xA4, 0xD7, 0x1B, 0xA4, 0x7F, 0xC8, 0x56, 0xCF, 0xFE, 0xBB, 0xA7, 0xFE, 0x84, 0x2B, 0xD1, 0x6B,
    0x8B, 0x17, 0x36, 0x92, 0x89, 0xE2, 0x67, 0x15, 0x64, 0x94, 0x69, 0xAD, 0x9E, 0xA1, 0x45, 0x14,
    0x57, 0x01, 0xE1, 0x05, 0x14, 0x51, 0x40, 0x15, 0x35, 0x7B, 0x35, 0xBF, 0xD3, 0xE4, 0xB7, 0x38,
    0xDC, 0x46, 0x50, 0x9E, 0xCC, 0x3A, 0x7F, 0x9F, 0x42, 0x6B, 0xCF, 0xA6, 0x8D, 0xE2, 0x95, 0xE2,
    0x90, 0x6D, 0x74, 0x62, 0xAC, 0x33, 0xD0, 0x8E, 0xB5, 0xE9, 0x95, 0xC2, 0x78, 0xAB, 0xFE, 0x43,
    0xD7, 0x3F, 0xF0, 0x1F, 0xFD, 0x00, 0x57, 0x6E, 0x12, 0x6E, 0xEE, 0x27, 0xB5, 0x93, 0xD6, 0x97,
    0x33, 0xA7, 0xD3, 0x73, 0x2E, 0x8A, 0x28, 0xAE, 0xF3, 0xDE, 0x3C, 0x8B, 0xF6, 0xAC, 0xD2, 0xDE,
    0xF3, 0xE1, 0xD5, 0xBE, 0xA1, 0x0D, 0xA4, 0x72, 0x3E, 0x9F, 0x7C, 0x8F, 0x24, 0xC4, 0x2E, 0xE8,
    0xA2, 0x75, 0x64, 0x38, 0x27, 0x9C, 0x17, 0x31, 0x64, 0x0F, 0x40, 0x7B, 0x64, 0x7C, 0xB3, 0x5F,
    0x6B, 0xFC, 0x63, 0xD3, 0xA0, 0xD5, 0x3E, 0x16, 0xF8, 0x8E, 0xDA, 0xE1, 0xA4, 0x54, 0x4B, 0x19,
    0x2E, 0x01, 0x42, 0x01, 0xDD, 0x08, 0xF3, 0x54, 0x72, 0x0F, 0x05, 0x90, 0x03, 0xED, 0x9E, 0x9D,
    0x6B, 0xE2, 0x8A, 0xFD, 0x2F, 0x83, 0xEB, 0x73, 0xE0, 0xA5, 0x07, 0xF6, 0x64, 0xFE, 0xE7, 0xAF,
    0xE7, 0x73, 0xF3, 0xCE, 0x2B, 0xA3, 0xC9, 0x8C, 0x53, 0x5F, 0x69, 0x7E, 0x5A, 0x7F, 0x90, 0x51,
    0x45, 0x15, 0xF5, 0x67, 0xCC, 0x05, 0x14, 0x51, 0x40, 0x05, 0x14, 0x51, 0x40, 0x05, 0x14, 0x51,
    0x40, 0x05, 0x14, 0x51, 0x40, 0x05, 0x14, 0x51, 0x40, 0x05, 0x14, 0x51, 0x40, 0x05, 0x14, 0x51,
    0x40, 0x05, 0x14, 0x51, 0x40, 0x05, 0x14, 0x51, 0x40, 0x05, 0x14, 0x51, 0x40, 0x05, 0x14, 0x51,
    0x40, 0x05, 0x7D, 0x9F, 0xF0, 0x3F, 0x59, 0x83, 0x5B, 0xF8, 0x5B, 0xA1, 0xCD, 0x10, 0x8D, 0x5E,
    0xD6, 0xD9, 0x6C, 0xA5, 0x8D, 0x65, 0x0E, 0x51, 0xA1, 0x1B, 0x3E, 0x6F, 0x42, 0xCA, 0x15, 0xF0,
    0x7A, 0x07, 0x1D, 0x7A, 0x9F, 0x8C, 0x2B, 0xE8, 0x6F, 0xD9, 0x17, 0x5E, 0x43, 0x6D, 0xAC, 0xF8,
    0x62, 0x46, 0x8D, 0x5D, 0x5D, 0x6F, 0xE0, 0x50, 0x8D, 0xB9, 0x81, 0x02, 0x39, 0x09, 0x3F, 0x77,
    0x03, 0x11, 0x60, 0x70, 0x7E, 0x63, 0xD7, 0xB7, 0xCC, 0x71, 0x66, 0x17, 0xDB, 0x60, 0x7D, 0xA2,
    0xDE, 0x0D, 0x3F, 0x96, 0xCC, 0xFA, 0x3E, 0x18, 0xC4, 0xFB, 0x2C, 0x6F, 0x23, 0xDA, 0x4A, 0xDF,
    0x3D, 0xD1, 0xEF, 0xB4, 0x51, 0x45, 0x7E, 0x60, 0x7E, 0x8E, 0x5A, 0xD2, 0x3F, 0xE4, 0x2B, 0x67,
    0xFF, 0x00, 0x5D, 0xD3, 0xFF, 0x00, 0x42, 0x15, 0xE8, 0xB5, 0xE7, 0x5A, 0x47, 0xFC, 0x85, 0x6C,
    0xFF, 0x00, 0xEB, 0xBA, 0x7F, 0xE8, 0x42, 0xBD, 0x16, 0xBC, 0xFC, 0x67, 0xC4, 0x8F, 0x9F, 0xCE,
    0x3E, 0x38, 0xFA, 0x05, 0x14, 0x51, 0x5C, 0x67, 0x8E, 0x14, 0x51, 0x45, 0x00, 0x15, 0xC2, 0x78,
    0xAB, 0xFE, 0x43, 0xD7, 0x3F, 0xF0, 0x1F, 0xFD, 0x00, 0x57, 0x77, 0x5C, 0x27, 0x8A, 0xBF, 0xE4,
    0x3D, 0x73, 0xFF, 0x00, 0x01, 0xFF, 0x00, 0xD0, 0x05, 0x75, 0xE1, 0x3E, 0x37, 0xE8, 0x7A, 0xB9,
    0x47, 0xF1, 0xDF, 0xA7, 0xEA, 0x8C, 0xBA, 0x28, 0xA2, 0xBD, 0x13, 0xE8, 0xCC, 0xBF, 0x16, 0xEB,
    0x30, 0x78, 0x77, 0xC3, 0x1A, 0x96, 0xB9, 0x70, 0x23, 0x64, 0xB2, 0xB6, 0x79, 0x82, 0x3C, 0xA2,
    0x31, 0x23, 0x01, 0xF2, 0xA6, 0xE3, 0xD0, 0xB3, 0x61, 0x47, 0x07, 0x92, 0x38, 0x35, 0xF0, 0x85,
    0x7D, 0x4D, 0xFB, 0x54, 0xEB, 0xC9, 0xA7, 0x7C, 0x3F, 0x8B, 0x45, 0x46, 0x8C, 0xCF, 0xAB, 0x5C,
    0xAA, 0x94, 0x64, 0x62, 0x7C, 0xA8, 0x88, 0x76, 0x65, 0x23, 0x80, 0x43, 0xF9, 0x43, 0x9E, 0xA1,
    0x8E, 0x07, 0x71, 0xF2, 0xCD, 0x7E, 0x91, 0xC1, 0xF8, 0x5F, 0x67, 0x85, 0x95, 0x67, 0xF6, 0x9F,
    0xE0, 0xBF, 0xE0, 0xB6, 0x7E, 0x7D, 0xC5, 0x78, 0x9F, 0x69, 0x89, 0x8D, 0x25, 0xF6, 0x57, 0xE2,
    0xFF, 0x00, 0xE0, 0x58, 0x28, 0xA2, 0x8A, 0xFA, 0xE3, 0xE5, 0x82, 0x8A, 0x28, 0xA0, 0x02, 0x8A,
    0x28, 0xA0, 0x02, 0x8A, 0x28, 0xA0, 0x02, 0x8A, 0x28, 0xA0, 0x02, 0x8A, 0x28, 0xA0, 0x02, 0x8A,
    0x28, 0xA0, 0x02, 0x8A, 0x28, 0xA0, 0x02, 0x8A, 0x28, 0xA0, 0x02, 0x8A, 0x28, 0xA0, 0x02, 0x8A,
    0x28, 0xA0, 0x02, 0x8A, 0x28, 0xA0, 0x02, 0xBB, 0x9F, 0x80, 0xFA, 0xC7, 0xF6, 0x37, 0xC5, 0x5D,
    0x12, 0x57, 0x92, 0xE0, 0x43, 0x75, 0x31, 0xB3, 0x91, 0x21, 0x3F, 0x7F, 0xCD, 0x05, 0x10, 0x30,
    0xC8, 0x05, 0x43, 0x94, 0x63, 0xFE, 0xEE, 0x40, 0x24, 0x0A, 0xE1, 0xA8, 0xAC, 0x71, 0x34, 0x16,
    0x22, 0x8C, 0xA9, 0x4B, 0x69, 0x26, 0xBE, 0xF3, 0x6C, 0x3D, 0x67, 0x42, 0xAC, 0x6A, 0xC7, 0x78,
    0xB4, 0xFE, 0xE3, 0xF4, 0x0E, 0x8A, 0xC7, 0xF0, 0x46, 0xB1, 0xFF, 0x00, 0x09, 0x07, 0x83, 0xF4,
    0x8D, 0x68, 0xC9, 0x6E, 0xF2, 0x5E, 0x59, 0xC7, 0x2C, 0xBE, 0x41, 0xCA, 0x2C, 0x85, 0x46, 0xF5,
    0x1C, 0x9C, 0x6D, 0x6D, 0xCB, 0x82, 0x72, 0x08, 0xC1, 0xE4, 0x56, 0xC5, 0x7E, 0x23, 0x52, 0x0E,
    0x9C, 0xDC, 0x25, 0xBA, 0xD0, 0xFD, 0x86, 0x13, 0x55, 0x22, 0xA5, 0x1D, 0x9E, 0xA5, 0xAD, 0x23,
    0xFE, 0x42, 0xB6, 0x7F, 0xF5, 0xDD, 0x3F, 0xF4, 0x21, 0x5E, 0x8B, 0x5E, 0x6B, 0x69, 0x37, 0xD9,
    0xEE, 0xE1, 0x9F, 0x6E, 0xEF, 0x2E, 0x45, 0x7C, 0x67, 0x19, 0xC1, 0xCE, 0x2B, 0xD1, 0xE1, 0x91,
    0x25, 0x89, 0x25, 0x8C, 0xEE, 0x47, 0x50, 0xCA, 0x71, 0xD4, 0x1E, 0x95, 0xE7, 0x63, 0x16, 0xA9,
    0x9E, 0x1E, 0x73, 0x17, 0xCD, 0x17, 0xD0, 0x7D, 0x14, 0x51, 0x5C, 0x47, 0x8C, 0x14, 0x51, 0x45,
    0x00, 0x15, 0xC2, 0x78, 0xAB, 0xFE, 0x43, 0xD7, 0x3F, 0xF0, 0x1F, 0xFD, 0x00, 0x57, 0x77, 0x5E,
    0x7B, 0xAD, 0xDC, 0xA5, 0xE6, 0xA9, 0x3D, 0xC4, 0x63, 0xE4, 0x66, 0xC2, 0xFB, 0x80, 0x00, 0x07,
    0xF1, 0xC6, 0x6B, 0xAF, 0x06, 0xBD, 0xF6, 0xCF, 0x5B, 0x27, 0x8B, 0xF6, 0xB2, 0x7D, 0x2D, 0xFA,
    0x94, 0xA8, 0xA2, 0xA3, 0xB9, 0x9E, 0x0B, 0x5B, 0x69, 0x6E, 0x6E, 0x66, 0x8E, 0x08, 0x21, 0x43,
    0x24, 0x92, 0x48, 0xC1, 0x55, 0x14, 0x0C, 0x96, 0x24, 0xF0, 0x00, 0x1C, 0xE6, 0xBD, 0x14, 0xAF,
    0xA2, 0x3E, 0x85, 0xBB, 0x1F, 0x2C, 0xFE, 0xD4, 0xFA, 0xC7, 0xDB, 0xFE, 0x24, 0xAE, 0x9A, 0x92,
    0x5C, 0x79, 0x7A, 0x65, 0x9C, 0x71, 0x34, 0x6E, 0x7E, 0x41, 0x23, 0xFE, 0xF0, 0xB2, 0x0C, 0xF7,
    0x56, 0x8C, 0x13, 0x80, 0x49, 0x5C, 0x74, 0x02, 0xBC, 0x9A, 0xAE, 0x6B, 0x9A, 0x8C, 0xFA, 0xC6,
    0xB5, 0x7D, 0xAB, 0x5C, 0xAC, 0x69, 0x3D, 0xED, 0xCC, 0x97, 0x12, 0x2C, 0x60, 0x85, 0x0C, 0xEC,
    0x58, 0x80, 0x09, 0x27, 0x19, 0x3E, 0xA6, 0xA9, 0xD7, 0xED, 0x58, 0x0C, 0x37, 0xD5, 0x70, 0xD0,
    0xA3, 0xFC, 0xA9, 0x7D, 0xFD, 0x7F, 0x13, 0xF2, 0x0C, 0x76, 0x23, 0xEB, 0x38, 0x89, 0xD5, 0xEE,
    0xFF, 0x00, 0x0E, 0x9F, 0x80, 0x51, 0x45, 0x15, 0xD8, 0x72, 0x85, 0x14, 0x51, 0x40, 0x05, 0x14,
    0x51, 0x40, 0x05, 0x14, 0x51, 0x40, 0x05, 0x14, 0x51, 0x40, 0x05, 0x14, 0x51, 0x40, 0x05, 0x14,
    0x51, 0x40, 0x05, 0x14, 0x51, 0x40, 0x05, 0x14, 0x51, 0x40, 0x05, 0x14, 0x51, 0x40, 0x05, 0x14,
    0x51, 0x40, 0x05, 0x14, 0x51, 0x40, 0x05, 0x14, 0x51, 0x40, 0x1F, 0x4F, 0x7E, 0xC9, 0xFA, 0xF3,
    0xDF, 0xF8, 0x32, 0xFB, 0x42, 0x99, 0xA4, 0x67, 0xD2, 0xAE, 0x43, 0x47, 0x94, 0x50, 0xAB, 0x14,
    0xD9, 0x60, 0xA0, 0x8E, 0x49, 0xDE, 0xB2, 0x93, 0x9F, 0xEF, 0x0E, 0x7B, 0x0F, 0x65, 0xAF, 0x93,
    0x7F, 0x66, 0x5F, 0x10, 0x7F, 0x63, 0x7C, 0x49, 0x8A, 0xC2, 0x69, 0x76, 0x5A, 0xEA, 0xD0, 0xB5,
    0xB3, 0x07, 0x9F, 0x62, 0x09, 0x07, 0xCD, 0x1B, 0x10, 0x78, 0x66, 0xC8, 0x28, 0xA3, 0xAE, 0x64,
    0x38, 0xEB, 0x83, 0xF5, 0x95, 0x7E, 0x53, 0xC4, 0xD8, 0x5F, 0xAB, 0xE6, 0x12, 0x69, 0x69, 0x2D,
    0x7E, 0xFD, 0xFF, 0x00, 0x1B, 0x9F, 0xA6, 0xF0, 0xEE, 0x27, 0xDB, 0xE0, 0x62, 0x9B, 0xD6, 0x3A,
    0x7F, 0x97, 0xE1, 0x60, 0xAE, 0x9B, 0xC1, 0x9A, 0x80, 0x05, 0xB4, 0xE9, 0x58, 0xFC, 0xC4, 0xB4,
    0x3D, 0x4F, 0x6C, 0x91, 0xED, 0xD3, 0x3F, 0x9D, 0x73, 0x34, 0xF8, 0x64, 0x78, 0xA5, 0x49, 0x63,
    0x3B, 0x5D, 0x18, 0x32, 0x9C, 0x74, 0x23, 0xA5, 0x7C, 0xDD, 0x48, 0x29, 0xC6, 0xC7, 0xAB, 0x89,
    0xA0, 0xAB, 0xD3, 0x70, 0x67, 0xA6, 0x51, 0x55, 0x34, 0x8B, 0xC5, 0xBF, 0xD3, 0xE3, 0xB8, 0x18,
    0xDC, 0x46, 0x1C, 0x0E, 0xCC, 0x3A, 0xFF, 0x00, 0x9F, 0x42, 0x2A, 0xDD, 0x79, 0x0D, 0x34, 0xEC,
    0xCF, 0x91, 0x9C, 0x5C, 0x24, 0xE2, 0xF7, 0x41, 0x45, 0x15, 0x15, 0xDC, 0xF1, 0xDA, 0xDB, 0x49,
    0x71, 0x29, 0xC2, 0x46, 0xA5, 0x8F, 0xBF, 0xB0, 0xF7, 0xA1, 0x2B, 0x92, 0x93, 0x6E, 0xC8, 0xC5,
    0xF1, 0x86, 0xA0, 0x20, 0xB5, 0xFB, 0x14, 0x6C, 0x44, 0xB3, 0x0C, 0xB6, 0x33, 0xC2, 0x7D, 0x7D,
    0xC8, 0xC7, 0xD3, 0x35, 0xC7, 0xD4, 0xF7, 0xB7, 0x32, 0xDE, 0x5D, 0x49, 0x73, 0x31, 0x1B, 0xDC,
    0xE4, 0xE0, 0x60, 0x0E, 0xC0, 0x7E, 0x55, 0x05, 0x7A, 0xD4, 0x69, 0xFB, 0x38, 0xD8, 0xFA, 0xEC,
    0x26, 0x1D, 0x61, 0xE9, 0x28, 0xF5, 0xEA, 0x15, 0xE7, 0x7F, 0xB4, 0x56, 0xBC, 0xFA, 0x17, 0xC2,
    0xDB, 0xF5, 0x85, 0xA4, 0x49, 0xF5, 0x27, 0x5B, 0x08, 0xD9, 0x51, 0x58, 0x00, 0xE0, 0x97, 0x0D,
    0x9E, 0x80, 0xC6, 0xB2, 0x2E, 0x46, 0x4E, 0x48, 0xC6, 0x3A, 0x8F, 0x44, 0xAF, 0x9B, 0xBF, 0x6B,
    0x5F, 0x10, 0x7D, 0xA7, 0x5E, 0xD2, 0xFC, 0x35, 0x04, 0xB9, 0x8E, 0xCE, 0x13, 0x73, 0x70, 0x12,
    0x7C, 0x83, 0x24, 0x9C, 0x2A, 0xBA, 0x0E, 0x8C, 0xAA, 0xB9, 0x04, 0xF3, 0x89, 0x7B, 0x03, 0xCF,
    0xBB, 0x90, 0x61, 0x7E, 0xB3, 0x8F, 0xA7, 0x16, 0xB4, 0x4E, 0xEF, 0xE5, 0xAF, 0xE7, 0x64, 0x71,
    0xE7, 0x98, 0x9F, 0xAB, 0xE0, 0x67, 0x24, 0xF5, 0x7A, 0x2F, 0x9F, 0xFC, 0x03, 0xC3, 0x68, 0xA2,
    0x8A, 0xFD, 0x78, 0xFC, 0xAC, 0x28, 0xA2, 0x8A, 0x00, 0x28, 0xA2, 0x8A, 0x00, 0x28, 0xA2, 0x8A,
    0x00, 0x28, 0xA2, 0x8A, 0x00, 0x28, 0xA2, 0x8A, 0x00, 0x28, 0xA2, 0x8A, 0x00, 0x28, 0xA2, 0x8A,
    0x00, 0x28, 0xA2, 0x8A, 0x00, 0x28, 0xA2, 0x8A, 0x00, 0x28, 0xA2, 0x8A, 0x00, 0x28, 0xA2, 0x8A,
    0x00, 0x28, 0xA2, 0x8A, 0x00, 0x28, 0xA2, 0x8A, 0x00, 0xB9, 0xA1, 0xEA, 0x33, 0xE8, 0xFA, 0xD5,
    0x8E, 0xAD, 0x6C, 0xB1, 0xBC, 0xF6, 0x57, 0x31, 0xDC, 0x46, 0xB2, 0x02, 0x54, 0xB2, 0x30, 0x60,
    0x08, 0x04, 0x1C, 0x64, 0x7A, 0x8A, 0xFB, 0x5F, 0xC0, 0xFE, 0x32, 0xF0, 0xFF, 0x00, 0x8C, 0xF4,
    0xD6, 0xBD, 0xD0, 0xAF, 0x7C, 0xEF, 0x2B, 0x68, 0x9E, 0x17, 0x52, 0x92, 0xC0, 0xCC, 0x32, 0x15,
    0x94, 0xFE, 0x23, 0x23, 0x2A, 0x4A, 0x9C, 0x13, 0x83, 0x5F, 0x0E, 0x56, 0xA7, 0x85, 0xFC, 0x43,
    0xAC, 0xF8, 0x63, 0x55, 0x5D, 0x53, 0x42, 0xBF, 0x92, 0xCA, 0xEC, 0x23, 0x47, 0xBD, 0x40, 0x60,
    0xCA, 0x7A, 0xAB, 0x2B, 0x02, 0xAC, 0x3A, 0x1C, 0x10, 0x79, 0x00, 0xF5, 0x02, 0xBC, 0x1C, 0xF3,
    0x24, 0x8E, 0x67, 0x04, 0xD3, 0xB4, 0xE3, 0xB7, 0x6F, 0x47, 0xFD, 0x7D, 0xE7, 0xB5, 0x93, 0x67,
    0x12, 0xCB, 0xA6, 0xD3, 0x57, 0x83, 0xDF, 0xBF, 0xC8, 0xFB, 0xBE, 0x8A, 0xF3, 0xBF, 0x84, 0xDF,
    0x15, 0x74, 0x6F, 0x1A, 0xDB, 0x5B, 0xD8, 0x5C, 0xC9, 0x1D, 0x8F, 0x88, 0x0A, 0x37, 0x99, 0x66,
    0x41, 0x0B, 0x2E, 0xD0, 0x09, 0x78, 0x98, 0xF0, 0x41, 0x1C, 0xED, 0xCE, 0xE1, 0x86, 0xEA, 0x06,
    0xE3, 0xE8, 0x95, 0xF9, 0x76, 0x2B, 0x0B, 0x57, 0x0B, 0x51, 0xD2, 0xAD, 0x1B, 0x35, 0xFD, 0x7D,
    0xC7, 0xE9, 0x38, 0x6C, 0x4D, 0x2C, 0x4D, 0x35, 0x52, 0x94, 0xAE, 0x99, 0xA9, 0xE1, 0xDD, 0x50,
    0x69, 0x97, 0x2E, 0x64, 0x56, 0x68, 0x64, 0x5C, 0x30, 0x5C, 0x67, 0x23, 0xA1, 0xE7, 0xF1, 0xFC,
    0xEB, 0x77, 0xFE, 0x12, 0x9D, 0x3F, 0xFE, 0x78, 0xDD, 0x7F, 0xDF, 0x2B, 0xFE, 0x35, 0xC7, 0x51,
    0x5C, 0x53, 0xA1, 0x09, 0xBB, 0xB3, 0x1A, 0xD8, 0x0A, 0x35, 0xA7, 0xCF, 0x25, 0xA9, 0xD8, 0xFF,
    0x00, 0xC2, 0x53, 0xA7, 0xFF, 0x00, 0xCF, 0x1B, 0xAF, 0xFB, 0xE5, 0x7F, 0xC6, 0xB2, 0x3C, 0x47,
    0xAC, 0xA6, 0xA4, 0x91, 0x43, 0x02, 0x48, 0x91, 0x21, 0xDC, 0xDB, 0xC0, 0xC9, 0x6E, 0x83, 0xA7,
    0xA0, 0xCF, 0x7E, 0xF5, 0x8B, 0x45, 0x28, 0x61, 0xE1, 0x17, 0x74, 0x2A, 0x59, 0x7D, 0x1A, 0x53,
    0x53, 0x8A, 0xD5, 0x05, 0x14, 0x57, 0x1F, 0xF1, 0x2B, 0xE2, 0x27, 0x87, 0xFC, 0x0D, 0x66, 0x7F,
    0xB4, 0x26, 0xF3, 0xF5, 0x29, 0x21, 0x32, 0x5A, 0xD8, 0x47, 0x9D, 0xF2, 0xF3, 0x80, 0x49, 0xC1,
    0x08, 0xB9, 0xFE, 0x26, 0xEC, 0xAD, 0x80, 0xC4, 0x62, 0xBB, 0x28, 0x50, 0xA9, 0x88, 0xA8, 0xA9,
    0xD2, 0x8D, 0xE4, 0xFA, 0x23, 0xA6, 0xB5, 0x7A, 0x74, 0x20, 0xEA, 0x54, 0x76, 0x48, 0xDC, 0xF1,
    0x47, 0x88, 0x74, 0x6F, 0x0C, 0x69, 0x4D, 0xAA, 0x6B, 0xB7, 0xF1, 0xD9, 0x5A, 0x07, 0x58, 0xF7,
    0xB0, 0x2C, 0x59, 0x8F, 0x45, 0x55, 0x50, 0x59, 0x8F, 0x53, 0x80, 0x0F, 0x00, 0x9E, 0x80, 0xD7,
    0xC6, 0x3F, 0x11, 0xFC, 0x45, 0xFF, 0x00, 0x09, 0x5F, 0x8D, 0xF5, 0x4D, 0x7C, 0x45, 0xE5, 0x47,
    0x75, 0x37, 0xEE, 0x90, 0xAE, 0xD2, 0x23, 0x55, 0x08, 0x9B, 0x86, 0x4F, 0xCD, 0xB5, 0x57, 0x38,
    0x38, 0xCE, 0x71, 0xC5, 0x1E, 0x38, 0xF1, 0x97, 0x88, 0x3C, 0x67, 0xA9, 0x2D, 0xEE, 0xBB, 0x7B,
    0xE7, 0x79, 0x5B, 0x84, 0x10, 0xA2, 0x84, 0x8A, 0x05, 0x63, 0x92, 0xAA, 0xA3, 0xF0, 0x19, 0x39,
    0x62, 0x14, 0x64, 0x9C, 0x0A, 0xE7, 0xAB, 0xF4, 0xEC, 0x87, 0x21, 0x59, 0x6A, 0x75, 0x26, 0xEF,
    0x36, 0xAC, 0xFB, 0x25, 0xD9, 0x7E, 0xA7, 0xE7, 0x39, 0xDE, 0x74, 0xF3, 0x06, 0xA9, 0xC1, 0x5A,
    0x0B, 0x5F, 0x36, 0xFC, 0xC2, 0x8A, 0x28, 0xAF, 0xA3, 0x3C, 0x00, 0xA2, 0x8A, 0x28, 0x00, 0xA2,
    0x8A, 0x28, 0x00, 0xA2, 0x8A, 0x28, 0x00, 0xA2, 0x8A, 0x28, 0x00, 0xA2, 0x8A, 0x28, 0x00, 0xA2,
    0x8A, 0x28, 0x00, 0xA2, 0x8A, 0x28, 0x00, 0xA2, 0x8A, 0x28, 0x00, 0xA2, 0x8A, 0x28, 0x00, 0xA2,
    0x8A, 0x28, 0x00, 0xA2, 0x8A, 0x28, 0x00, 0xA2, 0x8A, 0x28, 0x00, 0xA2, 0x8A, 0x28, 0x00, 0xA2,
    0x8A, 0x28, 0x02, 0x4B, 0x69, 0xE7, 0xB5, 0xB9, 0x8A, 0xE6, 0xDA, 0x69, 0x20, 0x9E, 0x17, 0x12,
    0x47, 0x24, 0x6C, 0x55, 0x91, 0x81, 0xC8, 0x60, 0x47, 0x20, 0x83, 0xCE, 0x6B, 0xE8, 0xAF, 0x83,
    0xFF, 0x00, 0x1B, 0xE0, 0xBC, 0x8C, 0xE9, 0x3E, 0x3B, 0xBD, 0x8E, 0x0B, 0xBD, 0xE3, 0xEC, 0xFA,
    0x89, 0x8C, 0x24, 0x72, 0xEE, 0x6C, 0x6C, 0x90, 0x28, 0xDA, 0x84, 0x67, 0xEF, 0x60, 0x2E, 0xD1,
    0xCE, 0x08, 0xCB, 0x7C, 0xE3, 0x45, 0x79, 0xD9, 0x8E, 0x57, 0x87, 0xCC, 0x29, 0xF2, 0x55, 0x5A,
    0xF4, 0x7D, 0x57, 0xA1, 0xDF, 0x80, 0xCC, 0x6B, 0xE0, 0x6A, 0x73, 0xD2, 0x7A, 0x75, 0x5D, 0x19,
    0xFA, 0x07, 0x45, 0x7C, 0x33, 0x6D, 0xE3, 0x1F, 0x17, 0x5A, 0xDB, 0x45, 0x6D, 0x6D, 0xE2, 0xAD,
    0x72, 0x08, 0x21, 0x41, 0x1C, 0x71, 0xC7, 0xA8, 0x4A, 0xAA, 0x8A, 0x06, 0x02, 0x80, 0x1B, 0x00,
    0x01, 0xC6, 0x2A, 0x4F, 0xF8, 0x4E, 0x3C, 0x6B, 0xFF, 0x00, 0x43, 0x87, 0x88, 0x3F, 0xF0, 0x65,
    0x37, 0xFF, 0x00, 0x15, 0x5F, 0x1C, 0xF8, 0x2E, 0xB7, 0x4A, 0xAB, 0xEE, 0x67, 0xD6, 0x2E, 0x2E,
    0xA3, 0xFF, 0x00, 0x3E, 0xDF, 0xDE, 0x8F, 0xB8, 0xA8, 0xAF, 0x87, 0x7F, 0xE1, 0x38, 0xF1, 0xAF,
    0xFD, 0x0E, 0x1E, 0x20, 0xFF, 0x00, 0xC1, 0x94, 0xDF, 0xFC, 0x55, 0x1F, 0xF0, 0x9C, 0x78, 0xD7,
    0xFE, 0x87, 0x0F, 0x10, 0x7F, 0xE0, 0xCA, 0x6F, 0xFE, 0x2A, 0x97, 0xFA, 0x97, 0x5F, 0xFE, 0x7E,
    0xAF, 0xB9, 0x87, 0xFA, 0xDD, 0x47, 0xFE, 0x7D, 0xBF, 0xBD, 0x1F, 0x42, 0xFC, 0x64, 0xF8, 0xC5,
    0xA7, 0xF8, 0x72, 0xDA, 0xEB, 0x45, 0xF0, 0xD5, 0xC4, 0x77, 0x7A, 0xF8, 0x76, 0x86, 0x49, 0x02,
    0xEE, 0x8E, 0xC8, 0x80, 0x32, 0x49, 0x23, 0x6B, 0xB8, 0xCE, 0x02, 0x8C, 0x80, 0x41, 0xDD, 0xD3,
    0x6B, 0x7C, 0xCB, 0xAD, 0xEA, 0x9A, 0x86, 0xB5, 0xAA, 0xDC, 0x6A, 0xBA, 0xAD, 0xDC, 0x97, 0x77,
    0xB7, 0x2F, 0xBE, 0x59, 0x5C, 0xF2, 0xC7, 0xF9, 0x00, 0x06, 0x00, 0x03, 0x80, 0x00, 0x03, 0x00,
    0x55, 0x3A, 0x2B, 0xEB, 0xF2, 0xBC, 0xA3, 0x0F, 0x97, 0x53, 0xE5, 0xA6, 0xAF, 0x2E, 0xAD, 0xEE,
    0xFF, 0x00, 0xE0, 0x79, 0x1F, 0x2D, 0x99, 0x66, 0x95, 0xF1, 0xF3, 0xBD, 0x47, 0x65, 0xD1, 0x74,
    0x5F, 0xF0, 0x7C, 0xC2, 0x8A, 0x28, 0xAF, 0x50, 0xF3, 0x42, 0x8A, 0x28, 0xA0, 0x02, 0x8A, 0x28,
    0xA0, 0x02, 0x8A, 0x28, 0xA0, 0x02, 0x8A, 0x28, 0xA0, 0x02, 0x8A, 0x28, 0xA0, 0x02, 0x8A, 0x28,
    0xA0, 0x02, 0x8A, 0x28, 0xA0, 0x02, 0x8A, 0x28, 0xA0, 0x02, 0x8A, 0x28, 0xA0, 0x02, 0x8A, 0x28,
    0xA0, 0x02, 0x8A, 0x28, 0xA0, 0x02, 0x8A, 0x28, 0xA0, 0x02, 0x8A, 0x28, 0xA0, 0x02, 0x8A, 0x28,
    0xA0, 0x02, 0x8A, 0x28, 0xA0, 0x02, 0x8A, 0x28, 0xA0, 0x02, 0x8A, 0x28, 0xA0, 0x02, 0x8A, 0x28,
    0xA0, 0x02, 0x8A, 0x28, 0xA0, 0x02, 0x8A, 0x28, 0xA0, 0x02, 0x8A, 0x28, 0xA0, 0x02, 0x8A, 0x28,
    0xA0, 0x02, 0x8A, 0x28, 0xA0, 0x02, 0x8A, 0x28, 0xA0, 0x02, 0x8A, 0x28, 0xA0, 0x02, 0x8A, 0x28,
    0xA0, 0x02, 0x8A, 0x28, 0xA0, 0x02, 0x8A, 0x28, 0xA0, 0x02, 0x8A, 0x28, 0xA0, 0x02, 0x8A, 0x28,
    0xA0, 0x02, 0x8A, 0x28, 0xA0, 0x02, 0x8A, 0x28, 0xA0, 0x02, 0x8A, 0x28, 0xA0, 0x02, 0x8A, 0x28,
    0xA0, 0x02, 0x8A, 0x28, 0xA0, 0x02, 0x8A, 0x28, 0xA0, 0x02, 0x8A, 0x28, 0xA0, 0x02, 0x8A, 0x28,
    0xA0, 0x02, 0x8A, 0x28, 0xA0, 0x02, 0x8A, 0x28, 0xA0, 0x02, 0x8A, 0x28, 0xA0, 0x02, 0x8A, 0x28,
    0xA0, 0x02, 0x8A, 0x28, 0xA0, 0x02, 0x8A, 0x28, 0xA0, 0x02, 0x8A, 0x28, 0xA0, 0x02, 0x8A, 0x28,
    0xA0, 0x02, 0x8A, 0x28, 0xA0, 0x0F, 0xFF, 0xD9,
};

static const uint8_t EMOJI_CRYING[] PROGMEM = {
    0xFF, 0xD8, 0xFF, 0xE0, 0x00, 0x10, 0x4A, 0x46, 0x49, 0x46, 0x00, 0x01, 0x01, 0x00, 0x00, 0x01,
    0x00, 0x01, 0x00, 0x00, 0xFF, 0xDB, 0x00, 0x43, 0x00, 0x05, 0x03, 0x04, 0x04, 0x04, 0x03, 0x05,
    0x04, 0x04, 0x04, 0x05, 0x05, 0x05, 0x06, 0x07, 0x0C, 0x08, 0x07, 0x07, 0x07, 0x07, 0x0F, 0x0B,
    0x0B, 0x09, 0x0C, 0x11, 0x0F, 0x12, 0x12, 0x11, 0x0F, 0x11, 0x11, 0x13, 0x16, 0x1C, 0x17, 0x13,
    0x14, 0x1A, 0x15, 0x11, 0x11, 0x18, 0x21, 0x18, 0x1A, 0x1D, 0x1D, 0x1F, 0x1F, 0x1F, 0x13, 0x17,
    0x22, 0x24, 0x22, 0x1E, 0x24, 0x1C, 0x1E, 0x1F, 0x1E, 0xFF, 0xDB, 0x00, 0x43, 0x01, 0x05, 0x05,
    0x05, 0x07, 0x06, 0x07, 0x0E, 0x08, 0x08, 0x0E, 0x1E, 0x14, 0x11, 0x14, 0x1E, 0x1E, 0x1E, 0x1E,
    0x1E, 0x1E, 0x1E, 0x1E, 0x1E, 0x1E, 0x1E, 0x1E, 0x1E, 0x1E, 0x1E, 0x1E, 0x1E, 0x1E, 0x1E, 0x1E,
    0x1E, 0x1E, 0x1E, 0x1E, 0x1E, 0x1E, 0x1E, 0x1E, 0x1E, 0x1E, 0x1E, 0x1E, 0x1E, 0x1E, 0x1E, 0x1E,
    0x1E, 0x1E, 0x1E, 0x1E, 0x1E, 0x1E, 0x1E, 0x1E, 0x1E, 0x1E, 0x1E, 0x1E, 0x1E, 0x1E, 0xFF, 0xC0,
    0x00, 0x11, 0x08, 0x00, 0xF0, 0x01, 0x40, 0x03, 0x01, 0x22, 0x00, 0x02, 0x11, 0x01, 0x03, 0x11,
    0x01, 0xFF, 0xC4, 0x00, 0x1F, 0x00, 0x00, 0x01, 0x05, 0x01, 0x01, 0x01, 0x01, 0x01, 0x01, 0x00,
    0x00, 0x00, 0x00, 0x00, 0x00, 0x00, 0x00, 0x01, 0x02, 0x03, 0x04, 0x05, 0x06, 0x07, 0x08, 0x09,
    0x0A, 0x0B, 0xFF, 0xC4, 0x00, 0xB5, 0x10, 0x00, 0x02, 0x01, 0x03, 0x03, 0x02, 0x04, 0x03, 0x05,
    0x05, 0x04, 0x04, 0x00, 0x00, 0x01, 0x7D, 0x01, 0x02, 0x03, 0x00, 0x04, 0x11, 0x05, 0x12, 0x21,
    0x31, 0x41, 0x06, 0x13, 0x51, 0x61, 0x07, 0x22, 0x71, 0x14, 0x32, 0x81, 0x91, 0xA1, 0x08, 0x23,
    0x42, 0xB1, 0xC1, 0x15, 0x52, 0xD1, 0xF0, 0x24, 0x33, 0x62, 0x72, 0x82, 0x09, 0x0A, 0x16, 0x17,
    0x18, 0x19, 0x1A, 0x25, 0x26, 0x27, 0x28, 0x29, 0x2A, 0x34, 0x35, 0x36, 0x37, 0x38, 0x39, 0x3A,
    0x43, 0x44, 0x45, 0x46, 0x47, 0x48, 0x49, 0x4A, 0x53, 0x54, 0x55, 0x56, 0x57, 0x58, 0x59, 0x5A,
    0x63, 0x64, 0x65, 0x66, 0x67, 0x68, 0x69, 0x6A, 0x73, 0x74, 0x75, 0x76, 0x77, 0x78, 0x79, 0x7A,
    0x83, 0x84, 0x85, 0x86, 0x87, 0x88, 0x89, 0x8A, 0x92, 0x93, 0x94, 0x95, 0x96, 0x97, 0x98, 0x99,
    0x9A, 0xA2, 0xA3, 0xA4, 0xA5, 0xA6, 0xA7, 0xA8, 0xA9, 0xAA, 0xB2, 0xB3, 0xB4, 0xB5, 0xB6, 0xB7,
    0xB8, 0xB9, 0xBA, 0xC2, 0xC3, 0xC4, 0xC5, 0xC6, 0xC7, 0xC8, 0xC9, 0xCA, 0xD2, 0xD3, 0xD4, 0xD5,
    0xD6, 0xD7, 0xD8, 0xD9, 0xDA, 0xE1, 0xE2, 0xE3, 0xE4, 0xE5, 0xE6, 0xE7, 0xE8, 0xE9, 0xEA, 0xF1,
    0xF2, 0xF3, 0xF4, 0xF5, 0xF6, 0xF7, 0xF8, 0xF9, 0xFA, 0xFF, 0xC4, 0x00, 0x1F, 0x01, 0x00, 0x03,
    0x01, 0x01, 0x01, 0x01, 0x01, 0x01, 0x01, 0x01, 0x01, 0x00, 0x00, 0x00, 0x00, 0x00, 0x00, 0x01,
    0x02, 0x03, 0x04, 0x05, 0x06, 0x07, 0x08, 0x09, 0x0A, 0x0B, 0xFF, 0xC4, 0x00, 0xB5, 0x11, 0x00,
    0x02, 0x01, 0x02, 0x04, 0x04, 0x03, 0x04, 0x07, 0x05, 0x04, 0x04, 0x00, 0x01, 0x02, 0x77, 0x00,
    0x01, 0x02, 0x03, 0x11, 0x04, 0x05, 0x21, 0x31, 0x06, 0x12, 0x41, 0x51, 0x07, 0x61, 0x71, 0x13,
    0x22, 0x32, 0x81, 0x08, 0x14, 0x42, 0x91, 0xA1, 0xB1, 0xC1, 0x09, 0x23, 0x33, 0x52, 0xF0, 0x15,
    0x62, 0x72, 0xD1, 0x0A, 0x16, 0x24, 0x34, 0xE1, 0x25, 0xF1, 0x17, 0x18, 0x19, 0x1A, 0x26, 0x27,
    0x28, 0x29, 0x2A, 0x35, 0x36, 0x37, 0x38, 0x39, 0x3A, 0x43, 0x44, 0x45, 0x46, 0x47, 0x48, 0x49,
    0x4A, 0x53, 0x54, 0x55, 0x56, 0x57, 0x58, 0x59, 0x5A, 0x63, 0x64, 0x65, 0x66, 0x67, 0x68, 0x69,
    0x6A, 0x73, 0x74, 0x75, 0x76, 0x77, 0x78, 0x79, 0x7A, 0x82, 0x83, 0x84, 0x85, 0x86, 0x87, 0x88,
    0x89, 0x8A, 0x92, 0x93, 0x94, 0x95, 0x96, 0x97, 0x98, 0x99, 0x9A, 0xA2, 0xA3, 0xA4, 0xA5, 0xA6,
    0xA7, 0xA8, 0xA9, 0xAA, 0xB2, 0xB3, 0xB4, 0xB5, 0xB6, 0xB7, 0xB8, 0xB9, 0xBA, 0xC2, 0xC3, 0xC4,
    0xC5, 0xC6, 0xC7, 0xC8, 0xC9, 0xCA, 0xD2, 0xD3, 0xD4, 0xD5, 0xD6, 0xD7, 0xD8, 0xD9, 0xDA, 0xE2,
    0xE3, 0xE4, 0xE5, 0xE6, 0xE7, 0xE8, 0xE9, 0xEA, 0xF2, 0xF3, 0xF4, 0xF5, 0xF6, 0xF7, 0xF8, 0xF9,
    0xFA, 0xFF, 0xDA, 0x00, 0x0C, 0x03, 0x01, 0x00, 0x02, 0x11, 0x03, 0x11, 0x00, 0x3F, 0x00, 0xF8,
    0xCA, 0x8A, 0x28, 0xA0, 0x02, 0x8A, 0x28, 0xA0, 0x02, 0x8A, 0x28, 0xA0, 0x02, 0x8A, 0x28, 0xA0,
    0x02, 0x8A, 0x28, 0xA0, 0x02, 0x8A, 0x28, 0xA0, 0x02, 0x8A, 0x28, 0xA0, 0x02, 0x8A, 0x28, 0xA0,
    0x02, 0x8A, 0x28, 0xA0, 0x02, 0x8A, 0x28, 0xA0, 0x02, 0x8A, 0x28, 0xA0, 0x02, 0x8A, 0x28, 0xA0,
    0x02, 0x8A, 0x28, 0xA0, 0x02, 0x8A, 0x28, 0xA0, 0x02, 0x8A, 0x28, 0xA0, 0x02, 0x8A, 0x28, 0xA0,
    0x02, 0x8A, 0x28, 0xA0, 0x02, 0x8A, 0x28, 0xA0, 0x02, 0x8A, 0x28, 0xA0, 0x02, 0x8A, 0x28, 0xA0,
    0x02, 0x8A, 0x28, 0xA0, 0x02, 0x8A, 0x28, 0xA0, 0x02, 0x8A, 0x28, 0xA0, 0x02, 0x8A, 0x28, 0xA0,
    0x02, 0x8A, 0x28, 0xA0, 0x02, 0x8A, 0x28, 0xA0, 0x02, 0x8A, 0x28, 0xA0, 0x02, 0x8A, 0x28, 0xA0,
    0x02, 0x8A, 0x28, 0xA0, 0x02, 0x8A, 0x28, 0xA0, 0x02, 0x8A, 0x28, 0xA0, 0x02, 0x8A, 0x28, 0xA0,
    0x02, 0x8A, 0x28, 0xA0, 0x02, 0x8A, 0x28, 0xA0, 0x02, 0x8A, 0x28, 0xA0, 0x02, 0x8A, 0x28, 0xA0,
    0x02, 0x8A, 0x28, 0xA0, 0x02, 0x8A, 0x28, 0xA0, 0x02, 0x8A, 0x28, 0xA0, 0x02, 0x8A, 0x28, 0xA0,
    0x02, 0x8A, 0x28, 0xA0, 0x02, 0x8A, 0x28, 0xA0, 0x02, 0x8A, 0x28, 0xA0, 0x02, 0x8A, 0x28, 0xA0,
    0x02, 0x8A, 0x28, 0xA0, 0x02, 0x8A, 0x28, 0xA0, 0x02, 0x8A, 0x28, 0xA0, 0x02, 0x8A, 0x28, 0xA0,
    0x02, 0x8A, 0x28, 0xA0, 0x02, 0x8A, 0x28, 0xA0, 0x02, 0x8A, 0x28, 0xA0, 0x02, 0x8A, 0x28, 0xA0,
    0x02, 0x8A, 0x28, 0xA0, 0x02, 0x8A, 0x28, 0xA0, 0x02, 0x8A, 0x28, 0xA0, 0x02, 0x8A, 0x28, 0xA0,
    0x02, 0x8A, 0x28, 0xA0, 0x02, 0x8A, 0x28, 0xA0, 0x02, 0x8A, 0x28, 0xA0, 0x02, 0x8A, 0x28, 0xA0,
    0x02, 0x8A, 0x28, 0xA0, 0x02, 0x8A, 0x28, 0xA0, 0x02, 0x8A, 0x28, 0xA0, 0x02, 0x8A, 0x28, 0xA0,
    0x02, 0x8A, 0x28, 0xA0, 0x02, 0x8A, 0x28, 0xA0, 0x02, 0x8A, 0x28, 0xA0, 0x02, 0x8A, 0x28, 0xA0,
    0x02, 0x8A, 0x28, 0xA0, 0x02, 0x8A, 0x28, 0xA0, 0x02, 0x8A, 0x28, 0xA0, 0x02, 0x8A, 0x28, 0xA0,
    0x02, 0x8A, 0x28, 0xA0, 0x02, 0x8A, 0x28, 0xA0, 0x02, 0x8A, 0x28, 0xA0, 0x02, 0x8A, 0x28, 0xA0,
    0x02, 0x8A, 0x28, 0xA0, 0x02, 0x8A, 0x28, 0xA0, 0x02, 0x8A, 0x28, 0xA0, 0x02, 0x8A, 0x28, 0xA0,
    0x02, 0x8A, 0x28, 0xA0, 0x02, 0x8A, 0x28, 0xA0, 0x02, 0x8A, 0x28, 0xA0, 0x02, 0x8A, 0x28, 0xA0,
    0x02, 0x8A, 0x28, 0xA0, 0x02, 0x8A, 0x28, 0xA0, 0x02, 0x8A, 0x28, 0xA0, 0x02, 0x8A, 0x28, 0xA0,
    0x02, 0x8A, 0x28, 0xA0, 0x02, 0x8A, 0x28, 0xA0, 0x02, 0x8A, 0x28, 0xA0, 0x02, 0x8A, 0x28, 0xA0,
    0x02, 0x8A, 0x28, 0xA0, 0x02, 0x8A, 0x28, 0xA0, 0x02, 0x8A, 0x28, 0xA0, 0x02, 0x8A, 0x28, 0xA0,
    0x02, 0x8A, 0x28, 0xA0, 0x02, 0x8A, 0x28, 0xA0, 0x02, 0x8A, 0x28, 0xA0, 0x02, 0x8A, 0x28, 0xA0,
    0x02, 0x8A, 0x28, 0xA0, 0x02, 0x8A, 0x28, 0xA0, 0x02, 0x8A, 0x28, 0xA0, 0x02, 0x8A, 0x28, 0xA0,
    0x02, 0x8A, 0x28, 0xA0, 0x02, 0x8A, 0x28, 0xA0, 0x02, 0xB6, 0xBC, 0x0D, 0xE1, 0x9D, 0x57, 0xC6,
    0x5E, 0x2F, 0xD2, 0xBC, 0x2D, 0xA2, 0x43, 0xE6, 0xDF, 0xEA, 0x77, 0x29, 0x6F, 0x16, 0x55, 0x8A,
    0xA6, 0x4F, 0x32, 0x3E, 0xD0, 0x48, 0x45, 0x5C, 0xB3, 0x10, 0x0E, 0x15, 0x49, 0xED, 0x58, 0xB5,
    0xEB, 0x3F, 0xB1, 0xF6, 0xA9, 0x61, 0xA3, 0xFE, 0xD2, 0x5E, 0x0E, 0xBB, 0xD4, 0x67, 0xF2, 0x21,
    0x92, 0xE6, 0x5B, 0x55, 0x6D, 0x8C, 0xD9, 0x96, 0x78, 0x24, 0x86, 0x25, 0xC2, 0x82, 0x7E, 0x69,
    0x24, 0x45, 0xCF, 0x41, 0x9C, 0x9C, 0x00, 0x4D, 0x00, 0x7D, 0xF3, 0xF0, 0x3B, 0xE0, 0xEF, 0x84,
    0x7E, 0x13, 0xF8, 0x76, 0x0B, 0x3D, 0x1E, 0xCE, 0x1B, 0xAD, 0x60, 0xC4, 0x56, 0xF7, 0x59, 0x96,
    0x05, 0x17, 0x37, 0x25, 0xB6, 0x96, 0x00, 0xF2, 0x52, 0x2C, 0xA2, 0xE2, 0x30, 0x70, 0x36, 0x82,
    0x77, 0x36, 0x58, 0xED, 0x7C, 0x51, 0xF8, 0x75, 0xE1, 0x1F, 0x89, 0x3E, 0x1D, 0x97, 0x45, 0xF1,
    0x5E, 0x93, 0x0D, 0xD2, 0x98, 0x9D, 0x2D, 0xEE, 0xC2, 0x28, 0xB9, 0xB3, 0x2D, 0xB4, 0x97, 0x86,
    0x42, 0x09, 0x46, 0xCA, 0x21, 0x3D, 0x9B, 0x68, 0x0C, 0x19, 0x72, 0x0F, 0x59, 0x45, 0x00, 0x7E,
    0x4D, 0x7C, 0x69, 0xF8, 0x79, 0xAA, 0xFC, 0x2F, 0xF8, 0x87, 0xA8, 0x78, 0x47, 0x54, 0x97, 0xED,
    0x3F, 0x67, 0xDB, 0x25, 0xAD, 0xE2, 0xC2, 0xD1, 0xA5, 0xDC, 0x0E, 0x32, 0x92, 0x28, 0x6F, 0xC5,
    0x58, 0x02, 0xC0, 0x3A, 0xBA, 0x86, 0x6D, 0xB9, 0xAE, 0x32, 0xBE, 0x8C, 0xFF, 0x00, 0x82, 0x86,
    0x6A, 0x96, 0x1A, 0x87, 0xC7, 0xB8, 0x2D, 0x2C, 0xE7, 0xF3, 0x66, 0xD3, 0x34, 0x4B, 0x7B, 0x5B,
    0xC5, 0xD8, 0xC3, 0xCB, 0x94, 0xC9, 0x2C, 0xC1, 0x72, 0x46, 0x0F, 0xEE, 0xE6, 0x8D, 0xB2, 0x32,
    0x3E, 0x6C, 0x75, 0x04, 0x0F, 0x9C, 0xE8, 0x00, 0xA2, 0x8A, 0x28, 0x00, 0xA2, 0x8A, 0x28, 0x00,
    0xAD, 0xAF, 0x03, 0x78, 0x67, 0x55, 0xF1, 0x97, 0x8B, 0xF4, 0xAF, 0x0B, 0x68, 0x90, 0xF9, 0xB7,
    0xFA, 0x9D, 0xCA, 0x5B, 0xC5, 0x95, 0x62, 0xA9, 0x93, 0xCC, 0x8F, 0xB4, 0x12, 0x11, 0x57, 0x2C,
    0xC4, 0x03, 0x85, 0x52, 0x7B, 0x56, 0x2D, 0x7A, 0xCF, 0xEC, 0x7D, 0xAA, 0x58, 0x68, 0xFF, 0x00,
    0xB4, 0x97, 0x83, 0xAE, 0xF5, 0x19, 0xFC, 0x88, 0x64, 0xB9, 0x96, 0xD5, 0x5B, 0x63, 0x36, 0x65,
    0x9E, 0x09, 0x21, 0x89, 0x70, 0xA0, 0x9F, 0x9A, 0x49, 0x11, 0x73, 0xD0, 0x67, 0x27, 0x00, 0x13,
    0x40, 0x1F, 0x7C, 0xFC, 0x0E, 0xF8, 0x3B, 0xE1, 0x1F, 0x84, 0xFE, 0x1D, 0x82, 0xCF, 0x47, 0xB3,
    0x86, 0xEB, 0x58, 0x31, 0x15, 0xBD, 0xD6, 0x65, 0x81, 0x45, 0xCD, 0xC9, 0x6D, 0xA5, 0x80, 0x3C,
    0x94, 0x8B, 0x28, 0xB8, 0x8C, 0x1C, 0x0D, 0xA0, 0x9D, 0xCD, 0x96, 0x3B, 0x5F, 0x14, 0x7E, 0x1D,
    0x78, 0x47, 0xE2, 0x4F, 0x87, 0x65, 0xD1, 0x7C, 0x57, 0xA4, 0xC3, 0x74, 0xA6, 0x27, 0x4B, 0x7B,
    0xB0, 0x8A, 0x2E, 0x6C, 0xCB, 0x6D, 0x25, 0xE1, 0x90, 0x82, 0x51, 0xB2, 0x88, 0x4F, 0x66, 0xDA,
    0x03, 0x06, 0x5C, 0x83, 0xD6, 0x51, 0x40, 0x1F, 0x93, 0x5F, 0x1A, 0x7E, 0x1E, 0x6A, 0xBF, 0x0B,
    0xFE, 0x21, 0xEA, 0x1E, 0x11, 0xD5, 0x25, 0xFB, 0x4F, 0xD9, 0xF6, 0xC9, 0x6B, 0x78, 0xB0, 0xB4,
    0x69, 0x77, 0x03, 0x8C, 0xA4, 0x8A, 0x1B, 0xF1, 0x56, 0x00, 0xB0, 0x0E, 0xAE, 0xA1, 0x9B, 0x6E,
    0x6B, 0x8C, 0xAF, 0xA3, 0x3F, 0xE0, 0xA1, 0x9A, 0xA5, 0x86, 0xA1, 0xF1, 0xEE, 0x0B, 0x4B, 0x39,
    0xFC, 0xD9, 0xB4, 0xCD, 0x12, 0xDE, 0xD6, 0xF1, 0x76, 0x30, 0xF2, 0xE5, 0x32, 0x4B, 0x30, 0x5C,
    0x91, 0x83, 0xFB, 0xB9, 0xA3, 0x6C, 0x8C, 0x8F, 0x9B, 0x1D, 0x41, 0x03, 0xE7, 0x3A, 0x00, 0x28,
    0xA2, 0x8A, 0x00, 0x28, 0xA2, 0x8A, 0x00, 0x28, 0xA2, 0x8A, 0x00, 0x28, 0xA2, 0x8A, 0x00, 0x28,
    0xA2, 0x8A, 0x00, 0x28, 0xA2, 0x8A, 0x00, 0x28, 0xA2, 0x8A, 0x00, 0x28, 0xA2, 0x8A, 0x00, 0x28,
    0xA2, 0x8A, 0x00, 0x28, 0xA2, 0x8A, 0x00, 0x28, 0xA2, 0x8A, 0x00, 0x28, 0xA2, 0x8A, 0x00, 0x28,
    0xA2, 0x8A, 0x00, 0xFA, 0xE7, 0xE0, 0x77, 0xED, 0x89, 0x26, 0x85, 0xE1, 0xD8, 0x34, 0x1F, 0x89,
    0x7A, 0x66, 0xA7, 0xAC, 0xB5, 0xA4, 0x45, 0x61, 0xD5, 0xEC, 0x9D, 0x24, 0xB9, 0x98, 0x0D, 0xA1,
    0x12, 0x64, 0x90, 0xA8, 0x66, 0x03, 0x76, 0x65, 0xDF, 0x93, 0x85, 0xCA, 0x96, 0x2C, 0xE7, 0x6B,
    0xE2, 0x8F, 0xED, 0xA9, 0xA7, 0x4D, 0xE1, 0xD9, 0x6C, 0xFE, 0x1C, 0xF8, 0x7B, 0x53, 0x83, 0x54,
    0xB8, 0x89, 0xD0, 0x5F, 0xEA, 0xCB, 0x12, 0x2D, 0x99, 0xF9, 0x70, 0xE9, 0x12, 0x34, 0x82, 0x56,
    0xC1, 0x7C, 0x6E, 0x2A, 0x14, 0x85, 0x24, 0x38, 0xCA, 0xD7, 0xC5, 0x94, 0x50, 0x04, 0xF7, 0xF7,
    0x77, 0x57, 0xF7, 0xD7, 0x17, 0xD7, 0xD7, 0x33, 0x5D, 0x5D, 0xDC, 0xCA, 0xD3, 0x4F, 0x3C, 0xD2,
    0x17, 0x92, 0x57, 0x63, 0x96, 0x76, 0x63, 0xCB, 0x31, 0x24, 0x92, 0x4F, 0x24, 0x9A, 0x82, 0x8A,
    0x28, 0x00, 0xA2, 0x8A, 0x28, 0x00, 0xA2, 0x8A, 0x28, 0x00, 0xA2, 0x8A, 0x28, 0x03, 0xEB, 0x9F,
    0x81, 0xDF, 0xB6, 0x24, 0x9A, 0x17, 0x87, 0x60, 0xD0, 0x7E, 0x25, 0xE9, 0x9A, 0x9E, 0xB2, 0xD6,
    0x91, 0x15, 0x87, 0x57, 0xB2, 0x74, 0x92, 0xE6, 0x60, 0x36, 0x84, 0x49, 0x92, 0x42, 0xA1, 0x98,
    0x0D, 0xD9, 0x97, 0x7E, 0x4E, 0x17, 0x2A, 0x58, 0xB3, 0x9D, 0xAF, 0x8A, 0x3F, 0xB6, 0xA6, 0x9D,
    0x37, 0x87, 0x65, 0xB3, 0xF8, 0x73, 0xE1, 0xED, 0x4E, 0x0D, 0x52, 0xE2, 0x27, 0x41, 0x7F, 0xAB,
    0x2C, 0x48, 0xB6, 0x67, 0xE5, 0xC3, 0xA4, 0x48, 0xD2, 0x09, 0x5B, 0x05, 0xF1, 0xB8, 0xA8, 0x52,
    0x14, 0x90, 0xE3, 0x2B, 0x5F, 0x16, 0x51, 0x40, 0x13, 0xDF, 0xDD, 0xDD, 0x5F, 0xDF, 0x5C, 0x5F,
    0x5F, 0x5C, 0xCD, 0x75, 0x77, 0x73, 0x2B, 0x4D, 0x3C, 0xF3, 0x48, 0x5E, 0x49, 0x5D, 0x8E, 0x59,
    0xD9, 0x8F, 0x2C, 0xC4, 0x92, 0x49, 0x3C, 0x92, 0x6A, 0x0A, 0x28, 0xA0, 0x02, 0x8A, 0x28, 0xA0,
    0x02, 0x8A, 0x28, 0xA0, 0x02, 0x8A, 0x28, 0xA0, 0x02, 0x8A, 0x28, 0xA0, 0x02, 0x8A, 0x28, 0xA0,
    0x02, 0x8A, 0x28, 0xA0, 0x02, 0x8A, 0x28, 0xA0, 0x02, 0x8A, 0x28, 0xA0, 0x02, 0x8A, 0x28, 0xA0,
    0x02, 0x8A, 0x28, 0xA0, 0x02, 0x8A, 0x28, 0xA0, 0x02, 0x8A, 0x28, 0xA0, 0x02, 0x8A, 0x28, 0xA0,
    0x02, 0x8A, 0xFA, 0x03, 0xF6, 0x4B, 0xF0, 0x26, 0x9D, 0xAA, 0x49, 0x77, 0xE3, 0x4D, 0x52, 0x18,
    0xEE, 0x4D, 0x8D, 0xC8, 0xB7, 0xD3, 0xE3, 0x63, 0x91, 0x1C, 0xCA, 0xA1, 0xDA, 0x46, 0x5C, 0x60,
    0x90, 0x19, 0x36, 0x9C, 0xF0, 0x77, 0x1C, 0x64, 0x29, 0x1D, 0x1F, 0xED, 0x5F, 0xE0, 0x4D, 0x3A,
    0xEB, 0xC3, 0x52, 0x78, 0xE6, 0xCE, 0x18, 0xE0, 0xD4, 0xAC, 0xDE, 0x24, 0xBD, 0x70, 0x76, 0xFD,
    0xA2, 0x16, 0x22, 0x35, 0xC8, 0x03, 0xE6, 0x75, 0x66, 0x40, 0x0E, 0x47, 0xCB, 0x90, 0x49, 0xC2,
    0x81, 0xE9, 0x47, 0x2C, 0xA9, 0x2C, 0x37, 0xD6, 0x2F, 0xE7, 0x6F, 0x23, 0xC9, 0x9E, 0x6F, 0x4A,
    0x38, 0xB5, 0x86, 0xB7, 0x95, 0xFC, 0xFB, 0x1F, 0x2E, 0x51, 0x45, 0x15, 0xE6, 0x9E, 0xB0, 0x51,
    0x45, 0x14, 0x00, 0x51, 0x45, 0x14, 0x00, 0x51, 0x45, 0x14, 0x00, 0x51, 0x45, 0x14, 0x00, 0x51,
    0x45, 0x14, 0x00, 0x51, 0x45, 0x14, 0x00, 0x51, 0x45, 0x14, 0x00, 0x51, 0x45, 0x14, 0x00, 0x51,
    0x45, 0x14, 0x00, 0x51, 0x45, 0x14, 0x00, 0x51, 0x45, 0x14, 0x00, 0x51, 0x45, 0x14, 0x00, 0x51,
    0x45, 0x14, 0x00, 0x51, 0x45, 0x14, 0x00, 0x51, 0x45, 0x14, 0x00, 0x51, 0x45, 0x14, 0x00, 0x51,
    0x45, 0x14, 0x00, 0x51, 0x45, 0x14, 0x01, 0xF6, 0x9F, 0xEC, 0xD3, 0xFF, 0x00, 0x24, 0x4F, 0xC3,
    0xFF, 0x00, 0xF6, 0xF3, 0xFF, 0x00, 0xA5, 0x32, 0xD7, 0x49, 0xF1, 0x47, 0xFE, 0x49, 0x97, 0x8A,
    0x7F, 0xEC, 0x0D, 0x79, 0xFF, 0x00, 0xA2, 0x5E, 0xBC, 0xBF, 0xF6, 0x42, 0xF1, 0x44, 0x77, 0xDE,
    0x11, 0xBC, 0xF0, 0xAD, 0xC5, 0xCE, 0x6E, 0xF4, 0xC9, 0x8C, 0xD6, 0xF1, 0xB6, 0xC5, 0xFF, 0x00,
    0x47, 0x90, 0xE4, 0xED, 0xC7, 0xCC, 0xD8, 0x93, 0x79, 0x62, 0x47, 0x1E, 0x62, 0x0C, 0xF2, 0x00,
    0xE9, 0x3F, 0x69, 0x8F, 0x14, 0x47, 0xE1, 0xEF, 0x86, 0x17, 0x96, 0x71, 0xDC, 0xF9, 0x77, 0xFA,
    0xC7, 0xFA, 0x1C, 0x0A, 0xBB, 0x0B, 0x14, 0x3F, 0xEB, 0x89, 0x56, 0xE7, 0x6F, 0x97, 0xB9, 0x4B,
    0x00, 0x48, 0x2E, 0xBD, 0x32, 0x08, 0xFB, 0x4A, 0x35, 0xE1, 0xF5, 0x05, 0x3E, 0x8A, 0x3F, 0x92,
    0xB1, 0xF0, 0x15, 0xF0, 0xF3, 0x79, 0x9B, 0xA7, 0x6D, 0x5C, 0xAF, 0xF7, 0xBB, 0xFE, 0x47, 0xC6,
    0x94, 0x51, 0x45, 0x7C, 0x59, 0xF7, 0xE1, 0x45, 0x7B, 0x6F, 0x80, 0x3F, 0x65, 0xCF, 0x8C, 0x1E,
    0x2D, 0x85, 0x2E, 0x5F, 0x42, 0x87, 0xC3, 0xB6, 0x92, 0x44, 0xCE, 0x93, 0x6B, 0x73, 0x1B, 0x76,
    0x62, 0xAF, 0xB7, 0x61, 0x89, 0x43, 0x4C, 0xAC, 0x79, 0x23, 0x72, 0x00, 0x40, 0xCE, 0x79, 0x5C,
    0xFA, 0x96, 0x89, 0xFB, 0x0E, 0x6A, 0xB3, 0x69, 0x70, 0xC9, 0xAD, 0xFC, 0x45, 0xB2, 0xB2, 0xBF,
    0x3B, 0xBC, 0xD8, 0x2C, 0xF4, 0xB6, 0xB9, 0x89, 0x3E, 0x63, 0x8D, 0xB2, 0x34, 0x91, 0x96, 0xCA,
    0xE0, 0x9C, 0xA0, 0xC1, 0x24, 0x73, 0x8C, 0x90, 0x0F, 0x90, 0x28, 0xAF, 0xB1, 0xAF, 0xFF, 0x00,
    0x61, 0xAB, 0xA4, 0xB1, 0xB8, 0x7B, 0x1F, 0x89, 0x70, 0xCF, 0x76, 0xB1, 0x31, 0x82, 0x29, 0xB4,
    0x53, 0x14, 0x6E, 0xF8, 0xF9, 0x55, 0x9C, 0x4C, 0xC5, 0x54, 0x9C, 0x02, 0xC1, 0x58, 0x81, 0xCE,
    0x0F, 0x4A, 0xF3, 0x2F, 0x1A, 0xFE, 0xC9, 0x9F, 0x18, 0x3C, 0x37, 0x62, 0x2F, 0x2D, 0x6C, 0x34,
    0xCF, 0x11, 0x44, 0xB1, 0x49, 0x2C, 0xCB, 0xA4, 0x5D, 0x97, 0x92, 0x20, 0x80, 0x1C, 0x6C, 0x95,
    0x63, 0x67, 0x66, 0xE7, 0x6A, 0xC6, 0x1C, 0x92, 0xA4, 0x63, 0x24, 0x64, 0x03, 0xC1, 0xA8, 0xA9,
    0xEF, 0xED, 0x2E, 0xAC, 0x2F, 0xAE, 0x2C, 0x6F, 0xAD, 0xA6, 0xB5, 0xBB, 0xB6, 0x95, 0xA1, 0x9E,
    0x09, 0xA3, 0x29, 0x24, 0x4E, 0xA7, 0x0C, 0x8C, 0xA7, 0x95, 0x60, 0x41, 0x04, 0x1E, 0x41, 0x15,
    0x05, 0x00, 0x14, 0x51, 0x45, 0x00, 0x14, 0x51, 0x45, 0x00, 0x14, 0x51, 0x45, 0x00, 0x14, 0x51,
    0x45, 0x00, 0x14, 0x51, 0x45, 0x00, 0x14, 0x51, 0x45, 0x00, 0x14, 0x51, 0x45, 0x00, 0x14, 0x51,
    0x45, 0x00, 0x14, 0x51, 0x45, 0x00, 0x14, 0x51, 0x45, 0x00, 0x14, 0x51, 0x45, 0x00, 0x14, 0x51,
    0x45, 0x00, 0x14, 0x51, 0x45, 0x00, 0x14, 0x51, 0x45, 0x00, 0x14, 0x51, 0x45, 0x00, 0x5D, 0xD0,
    0xB5, 0x6D, 0x47, 0x42, 0xD5, 0xED, 0xB5, 0x7D, 0x22, 0xEE, 0x4B, 0x3B, 0xEB, 0x57, 0xDF, 0x0C,
    0xD1, 0x9E, 0x54, 0xF4, 0xFA, 0x10, 0x46, 0x41, 0x07, 0x20, 0x82, 0x41, 0x04, 0x1A, 0xB3, 0xE2,
    0xBF, 0x12, 0x6B, 0x9E, 0x2A, 0xD5, 0xDB, 0x56, 0xF1, 0x06, 0xA1, 0x25, 0xF5, 0xE1, 0x45, 0x8F,
    0x7B, 0x00, 0xA1, 0x55, 0x7A, 0x2A, 0xAA, 0x80, 0xAA, 0x3A, 0x9C, 0x00, 0x39, 0x24, 0xF5, 0x24,
    0xD6, 0x4D, 0x15, 0x5C, 0xF2, 0xE5, 0xE5, 0xBE, 0x9D, 0x88, 0xF6, 0x70, 0xE6, 0xE7, 0xB6, 0xBD,
    0xFA, 0x9D, 0x37, 0xC3, 0x1F, 0x02, 0xF8, 0x93, 0xE2, 0x37, 0x8B, 0xED, 0x7C, 0x2F, 0xE1, 0x7B,
    0x2F, 0xB4, 0x5E, 0xCF, 0xF3, 0x49, 0x23, 0x92, 0xB1, 0x5B, 0x44, 0x08, 0xDD, 0x2C, 0xAD, 0x83,
    0xB5, 0x17, 0x23, 0x9E, 0x49, 0x24, 0x28, 0x05, 0x88, 0x07, 0xEB, 0x9D, 0x4B, 0x52, 0xF8, 0x21,
    0xFB, 0x2B, 0xD8, 0xC3, 0x63, 0xA7, 0x69, 0x70, 0xF8, 0xBB, 0xE2, 0x44, 0x11, 0x43, 0xE7, 0xBB,
    0xE5, 0x67, 0x05, 0xC3, 0xEE, 0x90, 0xC8, 0x43, 0xA5, 0xA2, 0x94, 0x76, 0x1E, 0x5A, 0x65, 0xD9,
    0x5A, 0x2D, 0xC1, 0x81, 0xF3, 0x2B, 0x33, 0xF6, 0x68, 0x8A, 0xC3, 0xE1, 0x1F, 0xEC, 0xA5, 0xE2,
    0x4F, 0x8D, 0x32, 0xE9, 0x76, 0x57, 0x7A, 0xE5, 0xF7, 0x9A, 0xB6, 0x13, 0x85, 0x69, 0x1D, 0x62,
    0x12, 0xAD, 0xB4, 0x31, 0x48, 0x09, 0x5D, 0xA9, 0xF6, 0x90, 0xCE, 0xE1, 0x0E, 0x59, 0x36, 0x9C,
    0x92, 0xAA, 0xAB, 0xF1, 0xD5, 0xFD, 0xDD, 0xD5, 0xFD, 0xF5, 0xC5, 0xF5, 0xF5, 0xCC, 0xD7, 0x57,
    0x77, 0x32, 0xB4, 0xD3, 0xCF, 0x34, 0x85, 0xE4, 0x95, 0xD8, 0xE5, 0x9D, 0x98, 0xF2, 0xCC, 0x49,
    0x24, 0x93, 0xC9, 0x26, 0xA4, 0xB3, 0xD6, 0x7C, 0x7F, 0xFB, 0x4A, 0x7C, 0x60, 0xF1, 0x7C, 0xCE,
    0x1F, 0xC5, 0x53, 0x68, 0x56, 0x86, 0x55, 0x95, 0x2D, 0x74, 0x4C, 0xDA, 0x2C, 0x65, 0x53, 0x6E,
    0x04, 0x8A, 0x7C, 0xE6, 0x53, 0x92, 0xC5, 0x5A, 0x46, 0x19, 0x39, 0xC7, 0x0B, 0x8F, 0x2C, 0xD6,
    0xF5, 0x6D, 0x57, 0x5C, 0xD5, 0x26, 0xD5, 0x35, 0xBD, 0x4E, 0xF7, 0x53, 0xBF, 0x9F, 0x6F, 0x9B,
    0x75, 0x79, 0x3B, 0x4D, 0x2C, 0x9B, 0x54, 0x28, 0xDC, 0xEC, 0x49, 0x38, 0x50, 0x00, 0xC9, 0xE8,
    0x00, 0xAA, 0x54, 0x50, 0x04, 0xF6, 0x17, 0x77, 0x56, 0x17, 0xD6, 0xF7, 0xD6, 0x37, 0x33, 0x5A,
    0xDD, 0xDB, 0x4A, 0xB3, 0x41, 0x3C, 0x32, 0x14, 0x92, 0x27, 0x53, 0x95, 0x75, 0x61, 0xCA, 0xB0,
    0x20, 0x10, 0x47, 0x20, 0x8A, 0xF4, 0xCF, 0x05, 0x7E, 0xD0, 0x9F, 0x18, 0x3C, 0x29, 0x7C, 0x6E,
    0x2D, 0x7C, 0x6F, 0xA9, 0xEA, 0x71, 0x3C, 0xB1, 0xBC, 0xD6, 0xFA, 0xBC, 0xA6, 0xF6, 0x39, 0x42,
    0x12, 0x76, 0x66, 0x5C, 0xB4, 0x6A, 0xD9, 0x21, 0xBC, 0xB6, 0x42, 0x46, 0x39, 0xC8, 0x04, 0x79,
    0x65, 0x14, 0x01, 0xF6, 0xCF, 0x84, 0xBE, 0x24, 0xFC, 0x1A, 0xFD, 0xA3, 0xED, 0xED, 0xFC, 0x33,
    0xF1, 0x4F, 0xC3, 0xB6, 0x5A, 0x17, 0x8C, 0xA5, 0xF2, 0xEC, 0xEC, 0x2F, 0x21, 0x76, 0x56, 0xB8,
    0x73, 0x1B, 0xE0, 0xC3, 0x70, 0x17, 0x29, 0x89, 0x19, 0xCA, 0xC1, 0x29, 0x64, 0x2C, 0xD1, 0xE3,
    0xCD, 0x62, 0x40, 0xF9, 0x9B, 0xE3, 0xA7, 0xC2, 0x8F, 0x12, 0x7C, 0x24, 0xF1, 0x7B, 0x68, 0x9A,
    0xDA, 0x7D, 0xA2, 0xCA, 0x7D, 0xD2, 0x69, 0xBA, 0x94, 0x68, 0x56, 0x2B, 0xD8, 0x81, 0x1C, 0x8E,
    0xBB, 0x5D, 0x72, 0x03, 0x21, 0x24, 0xA9, 0x23, 0x92, 0xA5, 0x59, 0xBC, 0xFE, 0xBE, 0xD3, 0xB9,
    0x9A, 0x3F, 0x8E, 0xDF, 0xB1, 0x05, 0xDE, 0xB5, 0xAA, 0xDA, 0x43, 0x3F, 0x8A, 0xBC, 0x19, 0x14,
    0x88, 0x35, 0x1B, 0xB2, 0xE1, 0xC9, 0xB6, 0x58, 0xE4, 0x95, 0xD6, 0x4D, 0xCC, 0xEE, 0xD2, 0xDB,
    0x6D, 0x0D, 0xBB, 0x01, 0xA5, 0xE4, 0x81, 0xB5, 0x58, 0x00, 0x7C, 0x59, 0x45, 0x14, 0x50, 0x01,
    0x45, 0x14, 0x50, 0x01, 0x45, 0x14, 0x50, 0x01, 0x45, 0x14, 0x50, 0x01, 0x45, 0x14, 0x50, 0x01,
    0x45, 0x14, 0x50, 0x01, 0x45, 0x14, 0x50, 0x01, 0x45, 0x14, 0x50, 0x01, 0x45, 0x14, 0x50, 0x01,
    0x45, 0x14, 0x50, 0x01, 0x45, 0x14, 0x50, 0x01, 0x45, 0x14, 0x50, 0x01, 0x45, 0x14, 0x50, 0x01,
    0x45, 0x14, 0x50, 0x01, 0x45, 0x14, 0x50, 0x01, 0x45, 0x14, 0x50, 0x06, 0xD7, 0xFC, 0x25, 0x9E,
    0x2A, 0xFF, 0x00, 0x84, 0x63, 0xFE, 0x11, 0x6F, 0xF8, 0x49, 0x75, 0xAF, 0xEC, 0x0F, 0xFA, 0x05,
    0xFD, 0xBA, 0x5F, 0xB2, 0x7D, 0xFF, 0x00, 0x33, 0xFD, 0x56, 0xED, 0x9F, 0x7F, 0xE6, 0xE9, 0xF7,
    0xB9, 0xEB, 0x58, 0xB4, 0x51, 0x40, 0x05, 0x14, 0x51, 0x40, 0x05, 0x14, 0x51, 0x40, 0x05, 0x6D,
    0x69, 0x5E, 0x2C, 0xF1, 0x56, 0x93, 0xA1, 0xDD, 0xE8, 0x5A, 0x5F, 0x89, 0x75, 0xAB, 0x0D, 0x26,
    0xF3, 0x7F, 0xDA, 0xAC, 0x6D, 0xAF, 0xA5, 0x8E, 0xDE, 0x7D, 0xEA, 0x11, 0xF7, 0xC6, 0xAC, 0x15,
    0xB7, 0x28, 0x0A, 0x72, 0x0E, 0x40, 0x00, 0xF1, 0x58, 0xB4, 0x50, 0x01, 0x45, 0x14, 0x50, 0x01,
    0x45, 0x14, 0x50, 0x01, 0x45, 0x14, 0x50, 0x01, 0x45, 0x14, 0x50, 0x01, 0x45, 0x14, 0x50, 0x01,
    0x45, 0x14, 0x50, 0x01, 0x45, 0x14, 0x50, 0x01, 0x45, 0x14, 0x50, 0x01, 0x45, 0x14, 0x50, 0x01,
    0x45, 0x14, 0x50, 0x01, 0x45, 0x14, 0x50, 0x01, 0x45, 0x14, 0x50, 0x01, 0x45, 0x14, 0x50, 0x01,
    0x45, 0x14, 0x50, 0x01, 0x45, 0x14, 0x50, 0x01, 0x45, 0x14, 0x50, 0x01, 0x45, 0x14, 0x50, 0x01,
    0x45, 0x14, 0x50, 0x01, 0x45, 0x14, 0x50, 0x01, 0x45, 0x14, 0x50, 0x01, 0x45, 0x14, 0x50, 0x01,
    0x45, 0x14, 0x50, 0x01, 0x45, 0x14, 0x50, 0x01, 0x45, 0x14, 0x50, 0x01, 0x45, 0x14, 0x50, 0x01,
    0x45, 0x14, 0x50, 0x01, 0x45, 0x14, 0x50, 0x01, 0x45, 0x14, 0x50, 0x01, 0x45, 0x14, 0x50, 0x01,
    0x45, 0x14, 0x50, 0x01, 0x45, 0x14, 0x50, 0x01, 0x45, 0x14, 0x50, 0x01, 0x45, 0x14, 0x50, 0x01,
    0x45, 0x14, 0x50, 0x01, 0x45, 0x14, 0x50, 0x01, 0x45, 0x14, 0x50, 0x01, 0x45, 0x14, 0x50, 0x01,
    0x45, 0x14, 0x50, 0x01, 0x45, 0x14, 0x50, 0x01, 0x45, 0x14, 0x50, 0x01, 0x45, 0x14, 0x50, 0x01,
    0x45, 0x14, 0x50, 0x01, 0x45, 0x14, 0x50, 0x01, 0x45, 0x14, 0x50, 0x01, 0x45, 0x14, 0x50, 0x01,
    0x45, 0x14, 0x50, 0x01, 0x45, 0x14, 0x50, 0x01, 0x45, 0x14, 0x50, 0x01, 0x45, 0x14, 0x50, 0x01,
    0x45, 0x14, 0x50, 0x01, 0x45, 0x14, 0x50, 0x01, 0x45, 0x14, 0x50, 0x01, 0x45, 0x14, 0x50, 0x01,
    0x45, 0x14, 0x50, 0x01, 0x45, 0x14, 0x50, 0x01, 0x45, 0x14, 0x50, 0x01, 0x45, 0x14, 0x50, 0x01,
    0x45, 0x14, 0x50, 0x01, 0x45, 0x14, 0x50, 0x01, 0x45, 0x14, 0x50, 0x01, 0x45, 0x14, 0x50, 0x01,
    0x45, 0x14, 0x50, 0x01, 0x45, 0x14, 0x50, 0x01, 0x45, 0x14, 0x50, 0x01, 0x45, 0x14, 0x50, 0x01,
    0x45, 0x14, 0x50, 0x01, 0x45, 0x14, 0x50, 0x01, 0x45, 0x14, 0x50, 0x01, 0x45, 0x14, 0x50, 0x01,
    0x45, 0x14, 0x50, 0x01, 0x45, 0x14, 0x50, 0x01, 0x45, 0x14, 0x50, 0x01, 0x45, 0x14, 0x50, 0x01,
    0x45, 0x14, 0x50, 0x01, 0x45, 0x14, 0x50, 0x01, 0x45, 0x14, 0x50, 0x01, 0x45, 0x14, 0x50, 0x01,
    0x45, 0x14, 0x50, 0x01, 0x45, 0x14, 0x50, 0x01, 0x45, 0x14, 0x50, 0x01, 0x45, 0x14, 0x50, 0x01,
    0x45, 0x14, 0x50, 0x01, 0x45, 0x14, 0x50, 0x01, 0x45, 0x14, 0x50, 0x01, 0x45, 0x14, 0x50, 0x01,
    0x45, 0x14, 0x50, 0x01, 0x45, 0x14, 0x50, 0x01, 0x45, 0x14, 0x50, 0x07, 0xFF, 0xD9,
};

static const uint8_t EMOJI_ANGRY[] PROGMEM = {
    0xFF, 0xD8, 0xFF, 0xE0, 0x00, 0x10, 0x4A, 0x46, 0x49, 0x46, 0x00, 0x01, 0x01, 0x00, 0x00, 0x01,
    0x00, 0x01, 0x00, 0x00, 0xFF, 0xDB, 0x00, 0x43, 0x00, 0x05, 0x03, 0x04, 0x04, 0x04, 0x03, 0x05,
    0x04, 0x04, 0x04, 0x05, 0x05, 0x05, 0x06, 0x07, 0x0C, 0x08, 0x07, 0x07, 0x07, 0x07, 0x0F, 0x0B,
    0x0B, 0x09, 0x0C, 0x11, 0x0F, 0x12, 0x12, 0x11, 0x0F, 0x11, 0x11, 0x13, 0x16, 0x1C, 0x17, 0x13,
    0x14, 0x1A, 0x15, 0x11, 0x11, 0x18, 0x21, 0x18, 0x1A, 0x1D, 0x1D, 0x1F, 0x1F, 0x1F, 0x13, 0x17,
    0x22, 0x24, 0x22, 0x1E, 0x24, 0x1C, 0x1E, 0x1F, 0x1E, 0xFF, 0xDB, 0x00, 0x43, 0x01, 0x05, 0x05,
    0x05, 0x07, 0x06, 0x07, 0x0E, 0x08, 0x08, 0x0E, 0x1E, 0x14, 0x11, 0x14, 0x1E, 0x1E, 0x1E, 0x1E,
    0x1E, 0x1E, 0x1E, 0x1E, 0x1E, 0x1E, 0x1E, 0x1E, 0x1E, 0x1E, 0x1E, 0x1E, 0x1E, 0x1E, 0x1E, 0x1E,
    0x1E, 0x1E, 0x1E, 0x1E, 0x1E, 0x1E, 0x1E, 0x1E, 0x1E, 0x1E, 0x1E, 0x1E, 0x1E, 0x1E, 0x1E, 0x1E,
    0x1E, 0x1E, 0x1E, 0x1E, 0x1E, 0x1E, 0x1E, 0x1E, 0x1E, 0x1E, 0x1E, 0x1E, 0x1E, 0x1E, 0xFF, 0xC0,
    0x00, 0x11, 0x08, 0x00, 0xF0, 0x01, 0x40, 0x03, 0x01, 0x22, 0x00, 0x02, 0x11, 0x01, 0x03, 0x11,
    0x01, 0xFF, 0xC4, 0x00, 0x1F, 0x00, 0x00, 0x01, 0x05, 0x01, 0x01, 0x01, 0x01, 0x01, 0x01, 0x00,
    0x00, 0x00, 0x00, 0x00, 0x00, 0x00, 0x00, 0x01, 0x02, 0x03, 0x04, 0x05, 0x06, 0x07, 0x08, 0x09,
    0x0A, 0x0B, 0xFF, 0xC4, 0x00, 0xB5, 0x10, 0x00, 0x02, 0x01, 0x03, 0x03, 0x02, 0x04, 0x03, 0x05,
    0x05, 0x04, 0x04, 0x00, 0x00, 0x01, 0x7D, 0x01, 0x02, 0x03, 0x00, 0x04, 0x11, 0x05, 0x12, 0x21,
    0x31, 0x41, 0x06, 0x13, 0x51, 0x61, 0x07, 0x22, 0x71, 0x14, 0x32, 0x81, 0x91, 0xA1, 0x08, 0x23,
    0x42, 0xB1, 0xC1, 0x15, 0x52, 0xD1, 0xF0, 0x24, 0x33, 0x62, 0x72, 0x82, 0x09, 0x0A, 0x16, 0x17,
    0x18, 0x19, 0x1A, 0x25, 0x26, 0x27, 0x28, 0x29, 0x2A, 0x34, 0x35, 0x36, 0x37, 0x38, 0x39, 0x3A,
    0x43, 0x44, 0x45, 0x46, 0x47, 0x48, 0x49, 0x4A, 0x53, 0x54, 0x55, 0x56, 0x57, 0x58, 0x59, 0x5A,
    0x63, 0x64, 0x65, 0x66, 0x67, 0x68, 0x69, 0x6A, 0x73, 0x74, 0x75, 0x76, 0x77, 0x78, 0x79, 0x7A,
    0x83, 0x84, 0x85, 0x86, 0x87, 0x88, 0x89, 0x8A, 0x92, 0x93, 0x94, 0x95, 0x96, 0x97, 0x98, 0x99,
    0x9A, 0xA2, 0xA3, 0xA4, 0xA5, 0xA6, 0xA7, 0xA8, 0xA9, 0xAA, 0xB2, 0xB3, 0xB4, 0xB5, 0xB6, 0xB7,
    0xB8, 0xB9, 0xBA, 0xC2, 0xC3, 0xC4, 0xC5, 0xC6, 0xC7, 0xC8, 0xC9, 0xCA, 0xD2, 0xD3, 0xD4, 0xD5,
    0xD6, 0xD7, 0xD8, 0xD9, 0xDA, 0xE1, 0xE2, 0xE3, 0xE4, 0xE5, 0xE6, 0xE7, 0xE8, 0xE9, 0xEA, 0xF1,
    0xF2, 0xF3, 0xF4, 0xF5, 0xF6, 0xF7, 0xF8, 0xF9, 0xFA, 0xFF, 0xC4, 0x00, 0x1F, 0x01, 0x00, 0x03,
    0x01, 0x01, 0x01, 0x01, 0x01, 0x01, 0x01, 0x01, 0x01, 0x00, 0x00, 0x00, 0x00, 0x00, 0x00, 0x01,
    0x02, 0x03, 0x04, 0x05, 0x06, 0x07, 0x08, 0x09, 0x0A, 0x0B, 0xFF, 0xC4, 0x00, 0xB5, 0x11, 0x00,
    0x02, 0x01, 0x02, 0x04, 0x04, 0x03, 0x04, 0x07, 0x05, 0x04, 0x04, 0x00, 0x01, 0x02, 0x77, 0x00,
    0x01, 0x02, 0x03, 0x11, 0x04, 0x05, 0x21, 0x31, 0x06, 0x12, 0x41, 0x51, 0x07, 0x61, 0x71, 0x13,
    0x22, 0x32, 0x81, 0x08, 0x14, 0x42, 0x91, 0xA1, 0xB1, 0xC1, 0x09, 0x23, 0x33, 0x52, 0xF0, 0x15,
    0x62, 0x72, 0xD1, 0x0A, 0x16, 0x24, 0x34, 0xE1, 0x25, 0xF1, 0x17, 0x18, 0x19, 0x1A, 0x26, 0x27,
    0x28, 0x29, 0x2A, 0x35, 0x36, 0x37, 0x38, 0x39, 0x3A, 0x43, 0x44, 0x45, 0x46, 0x47, 0x48, 0x49,
    0x4A, 0x53, 0x54, 0x55, 0x56, 0x57, 0x58, 0x59, 0x5A, 0x63, 0x64, 0x65, 0x66, 0x67, 0x68, 0x69,
    0x6A, 0x73, 0x74, 0x75, 0x76, 0x77, 0x78, 0x79, 0x7A, 0x82, 0x83, 0x84, 0x85, 0x86, 0x87, 0x88,
    0x89, 0x8A, 0x92, 0x93, 0x94, 0x95, 0x96, 0x97, 0x98, 0x99, 0x9A, 0xA2, 0xA3, 0xA4, 0xA5, 0xA6,
    0xA7, 0xA8, 0xA9, 0xAA, 0xB2, 0xB3, 0xB4, 0xB5, 0xB6, 0xB7, 0xB8, 0xB9, 0xBA, 0xC2, 0xC3, 0xC4,
    0xC5, 0xC6, 0xC7, 0xC8, 0xC9, 0xCA, 0xD2, 0xD3, 0xD4, 0xD5, 0xD6, 0xD7, 0xD8, 0xD9, 0xDA, 0xE2,
    0xE3, 0xE4, 0xE5, 0xE6, 0xE7, 0xE8, 0xE9, 0xEA, 0xF2, 0xF3, 0xF4, 0xF5, 0xF6, 0xF7, 0xF8, 0xF9,
    0xFA, 0xFF, 0xDA, 0x00, 0x0C, 0x03, 0x01, 0x00, 0x02, 0x11, 0x03, 0x11, 0x00, 0x3F, 0x00, 0xF8,
    0xCA, 0x8A, 0x28, 0xA0, 0x02, 0x8A, 0x28, 0xA0, 0x02, 0x8A, 0x28, 0xA0, 0x02, 0x8A, 0x28, 0xA0,
    0x02, 0x8A, 0x28, 0xA0, 0x02, 0x8A, 0x28, 0xA0, 0x02, 0x8A, 0x28, 0xA0, 0x02, 0x8A, 0x28, 0xA0,
    0x02, 0x8A, 0x28, 0xA0, 0x02, 0x8A, 0x28, 0xA0, 0x02, 0x8A, 0x28, 0xA0, 0x02, 0x8A, 0x28, 0xA0,
    0x02, 0x8A, 0x28, 0xA0, 0x02, 0x8A, 0x28, 0xA0, 0x02, 0x8A, 0x28, 0xA0, 0x02, 0x8A, 0x28, 0xA0,
    0x02, 0x8A, 0x28, 0xA0, 0x02, 0x8A, 0x28, 0xA0, 0x02, 0x8A, 0x28, 0xA0, 0x02, 0x8A, 0x28, 0xA0,
    0x02, 0x8A, 0x28, 0xA0, 0x02, 0x8A, 0x28, 0xA0, 0x02, 0x8A, 0x28, 0xA0, 0x02, 0x8A, 0x28, 0xA0,
    0x02, 0x8A, 0x28, 0xA0, 0x02, 0x8A, 0x28, 0xA0, 0x02, 0x8A, 0x28, 0xA0, 0x02, 0x8A, 0x28, 0xA0,
    0x02, 0x8A, 0x28, 0xA0, 0x02, 0x8A, 0x28, 0xA0, 0x02, 0x8A, 0x28, 0xA0, 0x02, 0x8A, 0x28, 0xA0,
    0x02, 0x8A, 0x28, 0xA0, 0x02, 0x8A, 0x28, 0xA0, 0x02, 0x8A, 0x28, 0xA0, 0x02, 0x8A, 0x28, 0xA0,
    0x02, 0x8A, 0x28, 0xA0, 0x02, 0x8A, 0x28, 0xA0, 0x02, 0x8A, 0x28, 0xA0, 0x02, 0x8A, 0x28, 0xA0,
    0x02, 0x8A, 0x28, 0xA0, 0x02, 0x8A, 0x28, 0xA0, 0x02, 0x8A, 0x28, 0xA0, 0x02, 0x8A, 0x28, 0xA0,
    0x02, 0x8A, 0x28, 0xA0, 0x02, 0x8A, 0x28, 0xA0, 0x02, 0x8A, 0x28, 0xA0, 0x02, 0x8A, 0x28, 0xA0,
    0x02, 0x8A, 0x28, 0xA0, 0x02, 0x8A, 0x28, 0xA0, 0x02, 0x8A, 0x28, 0xA0, 0x02, 0x8A, 0x28, 0xA0,
    0x02, 0x8A, 0x28, 0xA0, 0x02, 0x8A, 0x28, 0xA0, 0x02, 0x8A, 0x28, 0xA0, 0x02, 0x8A, 0x28, 0xA0,
    0x02, 0x8A, 0x28, 0xA0, 0x02, 0x8A, 0x28, 0xA0, 0x02, 0x8A, 0x28, 0xA0, 0x02, 0x8A, 0x28, 0xA0,
    0x02, 0x8A, 0x28, 0xA0, 0x02, 0x8A, 0x28, 0xA0, 0x02, 0x8A, 0x28, 0xA0, 0x02, 0x8A, 0x28, 0xA0,
    0x02, 0x8A, 0x28, 0xA0, 0x02, 0x8A, 0x28, 0xA0, 0x02, 0x8A, 0x28, 0xA0, 0x02, 0x8A, 0x28, 0xA0,
    0x02, 0x8A, 0x28, 0xA0, 0x02, 0x8A, 0x28, 0xA0, 0x02, 0x8A, 0x28, 0xA0, 0x02, 0x8A, 0x28, 0xA0,
    0x02, 0x8A, 0x28, 0xA0, 0x02, 0x8A, 0x28, 0xA0, 0x02, 0x8A, 0x28, 0xA0, 0x02, 0x8A, 0x28, 0xA0,
    0x02, 0x8A, 0x28, 0xA0, 0x02, 0x8A, 0x28, 0xA0, 0x02, 0x8A, 0x28, 0xA0, 0x02, 0x8A, 0x28, 0xA0,
    0x02, 0x8A, 0x28, 0xA0, 0x02, 0x8A, 0x28, 0xA0, 0x02, 0x8A, 0x28, 0xA0, 0x02, 0x8A, 0x28, 0xA0,
    0x02, 0x8A, 0x28, 0xA0, 0x02, 0x8A, 0x28, 0xA0, 0x02, 0xBA, 0xF3, 0xF0, 0xF3, 0xC4, 0x32, 0x78,
    0x72, 0xD3, 0x5A, 0xB4, 0x85, 0x2E, 0x56, 0x78, 0x7C, 0xE6, 0xB7, 0x46, 0x1E, 0x6A, 0x29, 0xDC,
    0x41, 0x03, 0xA3, 0x02, 0xA1, 0x4E, 0x01, 0xDD, 0x96, 0xC6, 0xDE, 0x2B, 0x90, 0xAE, 0xE3, 0xC2,
    0xFF, 0x00, 0x13, 0x35, 0xFD, 0x23, 0x10, 0xDF, 0x37, 0xF6, 0xB5, 0xB0, 0xFE, 0x19, 0xDC, 0x89,
    0x47, 0x53, 0xC4, 0x9C, 0x9E, 0xA4, 0x7D, 0xE0, 0xDC, 0x0C, 0x0C, 0x57, 0x3E, 0x23, 0xDB, 0x24,
    0x9D, 0x1B, 0x5F, 0xCC, 0xF6, 0x32, 0x75, 0x96, 0x4A, 0xA4, 0xA3, 0x98, 0x39, 0x24, 0xD5, 0x93,
    0x8F, 0x47, 0xDD, 0xFF, 0x00, 0xC3, 0x3F, 0x43, 0x8A, 0x9A, 0x29, 0x60, 0x99, 0xE1, 0x9A, 0x37,
    0x8A, 0x58, 0xD8, 0xAB, 0xA3, 0xA9, 0x0C, 0xAC, 0x0E, 0x08, 0x20, 0xF4, 0x34, 0xCA, 0xF7, 0x84,
    0xBC, 0xF0, 0x37, 0xC4, 0x48, 0x44, 0x32, 0xAA, 0x0B, 0xED, 0xA5, 0x51, 0x64, 0x02, 0x2B, 0xA4,
    0xE1, 0xF1, 0xB4, 0x8F, 0xBC, 0x07, 0xCC, 0xD8, 0x05, 0x80, 0xE0, 0x91, 0x5C, 0x57, 0x8B, 0x3E,
    0x16, 0x6A, 0xDA, 0x77, 0x99, 0x73, 0xA3, 0x49, 0xFD, 0xA5, 0x6C, 0x32, 0xDE, 0x5E, 0x36, 0xCE,
    0x83, 0x93, 0xD3, 0xA3, 0xE0, 0x00, 0x38, 0xE4, 0x93, 0xC2, 0xD6, 0x14, 0xB1, 0xF0, 0x6F, 0x92,
    0xA2, 0xE5, 0x97, 0x99, 0xE9, 0xE3, 0xB8, 0x4F, 0x13, 0x4E, 0x9F, 0xD6, 0x30, 0x52, 0x55, 0xA9,
    0x77, 0x8E, 0xFF, 0x00, 0x35, 0xFE, 0x57, 0xF3, 0xB1, 0xE7, 0x94, 0x53, 0xE6, 0x8A, 0x58, 0x26,
    0x78, 0x66, 0x8D, 0xE2, 0x96, 0x36, 0x2A, 0xE8, 0xEA, 0x43, 0x2B, 0x03, 0x82, 0x08, 0x3D, 0x0D,
    0x32, 0xBB, 0xCF, 0x95, 0x69, 0xA7, 0x66, 0x14, 0x51, 0x45, 0x02, 0x0A, 0x28, 0xA2, 0x80, 0x0A,
    0x28, 0xA2, 0x80, 0x0A, 0x2B, 0xB8, 0xF0, 0xBF, 0xC3, 0x3D, 0x7F, 0x57, 0xC4, 0xD7, 0xCB, 0xFD,
    0x93, 0x6C, 0x7F, 0x8A, 0x74, 0x26, 0x53, 0xD4, 0x71, 0x1F, 0x07, 0xA8, 0x1F, 0x78, 0xAF, 0x07,
    0x23, 0x35, 0xE8, 0x09, 0x67, 0xE0, 0x6F, 0x87, 0x70, 0x89, 0xA5, 0x64, 0x37, 0xDB, 0x4B, 0x23,
    0x48, 0x44, 0xB7, 0x4F, 0xC3, 0xE3, 0x68, 0x1F, 0x74, 0x1F, 0x99, 0x72, 0x02, 0x83, 0xC0, 0x26,
    0xB8, 0x6B, 0x63, 0xE9, 0xC1, 0xF2, 0xC3, 0xDE, 0x97, 0x64, 0x7D, 0x46, 0x5F, 0xC2, 0x98, 0xBC,
    0x44, 0x3D, 0xBE, 0x25, 0xAA, 0x34, 0xBF, 0x9A, 0x7A, 0x7D, 0xCB, 0x47, 0xF7, 0xD9, 0x3E, 0x8C,
    0xF3, 0x9D, 0x0F, 0xE1, 0xBF, 0x89, 0x75, 0x2B, 0x39, 0x6E, 0xE5, 0xB5, 0xFB, 0x12, 0x2C, 0x6C,
    0xD1, 0xC7, 0x3F, 0xCB, 0x2C, 0xAC, 0x03, 0x61, 0x42, 0x9C, 0x6D, 0xCB, 0x00, 0x32, 0xDB, 0x78,
    0x6C, 0x8C, 0xD7, 0x1B, 0x5E, 0x87, 0xE2, 0xCF, 0x8A, 0x7A, 0xB6, 0xA3, 0xE6, 0x5B, 0x68, 0xD1,
    0xFF, 0x00, 0x66, 0xDB, 0x1C, 0xAF, 0x99, 0x9D, 0xD3, 0xB8, 0xE4, 0x75, 0xE8, 0x99, 0x04, 0x1E,
    0x39, 0x04, 0x70, 0xD5, 0xE7, 0xF3, 0x4B, 0x2C, 0xF3, 0x3C, 0xD3, 0x48, 0xF2, 0xCB, 0x23, 0x16,
    0x77, 0x76, 0x25, 0x99, 0x89, 0xC9, 0x24, 0x9E, 0xA6, 0xB5, 0xC3, 0x3A, 0xF2, 0xBB, 0xAA, 0x92,
    0xEC, 0x8E, 0x2C, 0xE6, 0x19, 0x55, 0x37, 0x0A, 0x79, 0x7C, 0xA5, 0x26, 0xAF, 0xCD, 0x27, 0xB3,
    0xF4, 0xDA, 0xD6, 0xD7, 0xA0, 0xCA, 0x28, 0xA2, 0xBA, 0x4F, 0x10, 0x28, 0xA2, 0x8A, 0x00, 0x28,
    0xA2, 0x8A, 0x00, 0x28, 0xA2, 0x8A, 0x00, 0x28, 0xA2, 0x8A, 0x00, 0x28, 0xA2, 0x8A, 0x00, 0x28,
    0xA2, 0x8A, 0x00, 0x28, 0xA2, 0x8A, 0x00, 0x28, 0xA2, 0x8A, 0x00, 0x28, 0xA2, 0x8A, 0x00, 0x28,
    0xA2, 0x8A, 0x00, 0x28, 0xA2, 0x8A, 0x00, 0x28, 0xA2, 0x9F, 0x0C, 0x52, 0xCF, 0x32, 0x43, 0x0C,
    0x6F, 0x2C, 0xB2, 0x30, 0x54, 0x44, 0x52, 0x59, 0x98, 0x9C, 0x00, 0x00, 0xEA, 0x68, 0x1A, 0x4D,
    0xBB, 0x21, 0x95, 0xDC, 0x78, 0x5F, 0xE2, 0x66, 0xBF, 0xA4, 0x62, 0x1B, 0xE6, 0xFE, 0xD6, 0xB6,
    0x1F, 0xC3, 0x3B, 0x91, 0x28, 0xEA, 0x78, 0x93, 0x93, 0xD4, 0x8F, 0xBC, 0x1B, 0x81, 0x81, 0x8A,
    0xEB, 0xFC, 0x1D, 0xF0, 0xB3, 0x4E, 0x86, 0xC1, 0x2E, 0x3C, 0x48, 0x8F, 0x73, 0x77, 0x22, 0x9D,
    0xD6, 0xEB, 0x29, 0x58, 0xE2, 0xCE, 0x30, 0x32, 0xB8, 0x2C, 0xC3, 0x07, 0x27, 0x38, 0xE7, 0x18,
    0x38, 0x04, 0xDB, 0xF1, 0x1F, 0xC2, 0xCD, 0x06, 0xEE, 0xC1, 0x86, 0x8C, 0x8F, 0xA7, 0x5D, 0xAA,
    0x9F, 0x2C, 0x99, 0x59, 0xE3, 0x76, 0xE3, 0x01, 0xC3, 0x64, 0xE3, 0x82, 0x32, 0x31, 0x8C, 0xE7,
    0x07, 0x18, 0xAF, 0x2A, 0xB6, 0x3B, 0x09, 0x51, 0xFB, 0x39, 0xAB, 0xAE, 0xFD, 0x3F, 0xCC, 0xFB,
    0xDC, 0xBB, 0x85, 0xB3, 0xFC, 0x15, 0x3F, 0xAD, 0xE1, 0xA4, 0xA1, 0x2B, 0x5F, 0x96, 0xFE, 0xF3,
    0xF2, 0x6A, 0xDC, 0xAF, 0xD1, 0xBF, 0xC4, 0x2E, 0xB5, 0x5F, 0x87, 0xFE, 0x37, 0xD3, 0x66, 0x96,
    0xF8, 0xA4, 0x57, 0x10, 0x42, 0xCE, 0x7C, 0xC5, 0xF2, 0xEE, 0xA2, 0x55, 0x57, 0x39, 0x52, 0x33,
    0xBC, 0x00, 0x19, 0xB6, 0x8D, 0xC3, 0xA6, 0x45, 0x78, 0x84, 0xC6, 0x23, 0x33, 0x98, 0x51, 0xD2,
    0x22, 0xC7, 0x62, 0xBB, 0x06, 0x60, 0xB9, 0xE0, 0x12, 0x00, 0xC9, 0xF7, 0xC0, 0xFA, 0x0A, 0x9B,
    0x52, 0xB1, 0xBB, 0xD3, 0x6F, 0xE6, 0xB1, 0xBE, 0x81, 0xE0, 0xB9, 0x85, 0xB6, 0xC9, 0x1B, 0x75,
    0x07, 0xFA, 0x8E, 0xE0, 0x8E, 0x08, 0xE4, 0x55, 0x6A, 0xEB, 0xC3, 0x61, 0xE3, 0x45, 0x3E, 0x59,
    0x36, 0x9E, 0xC7, 0xCF, 0x67, 0x79, 0xC5, 0x5C, 0xCA, 0x51, 0xF6, 0xF4, 0xA3, 0x1A, 0x91, 0xBA,
    0x93, 0x4A, 0xCD, 0xBF, 0x3F, 0x34, 0x14, 0x51, 0x45, 0x75, 0x1E, 0x10, 0x51, 0x45, 0x14, 0x00,
    0x57, 0xB3, 0xF8, 0x5E, 0xEB, 0xE1, 0xFF, 0x00, 0x85, 0xFC, 0x39, 0x67, 0xAE, 0x2E, 0xC1, 0x77,
    0x71, 0x0F, 0x98, 0xBE, 0x61, 0xF3, 0xAE, 0xB7, 0x7C, 0xE0, 0xAA, 0x8C, 0x0D, 0xA3, 0x21, 0xD3,
    0x70, 0x0A, 0xA7, 0x03, 0x26, 0xBC, 0x62, 0x9F, 0x0C, 0x52, 0xCF, 0x32, 0x43, 0x0C, 0x6F, 0x2C,
    0xB2, 0x30, 0x54, 0x44, 0x52, 0x59, 0x98, 0x9C, 0x00, 0x00, 0xEA, 0x6B, 0x9F, 0x13, 0x87, 0x55,
    0xE2, 0x93, 0x93, 0x4B, 0xF3, 0x3D, 0x8C, 0x9B, 0x36, 0x96, 0x59, 0x56, 0x55, 0x21, 0x4E, 0x33,
    0x93, 0x5A, 0x5D, 0x5F, 0x95, 0xF7, 0x47, 0xA0, 0x78, 0xB3, 0xE2, 0x9E, 0xAD, 0xA8, 0xF9, 0x96,
    0xDA, 0x34, 0x7F, 0xD9, 0xB6, 0xC7, 0x2B, 0xE6, 0x67, 0x74, 0xEE, 0x39, 0x1D, 0x7A, 0x26, 0x41,
    0x07, 0x8E, 0x41, 0x1C, 0x35, 0x79, 0xFC, 0xD2, 0xCB, 0x3C, 0xCF, 0x34, 0xD2, 0x3C, 0xB2, 0xC8,
    0xC5, 0x9D, 0xDD, 0x89, 0x66, 0x62, 0x72, 0x49, 0x27, 0xA9, 0xAF, 0x64, 0xF0, 0x77, 0xC2, 0xCD,
    0x3A, 0x1B, 0x04, 0xB8, 0xF1, 0x22, 0x3D, 0xCD, 0xDC, 0x8A, 0x77, 0x5B, 0xAC, 0xA5, 0x63, 0x8B,
    0x38, 0xC0, 0xCA, 0xE0, 0xB3, 0x0C, 0x1C, 0x9C, 0xE3, 0x9C, 0x60, 0xE0, 0x13, 0x6F, 0xC4, 0x7F,
    0x0B, 0x34, 0x1B, 0xBB, 0x06, 0x1A, 0x32, 0x3E, 0x9D, 0x76, 0xAA, 0x7C, 0xB2, 0x65, 0x67, 0x8D,
    0xDB, 0x8C, 0x07, 0x0D, 0x93, 0x8E, 0x08, 0xC8, 0xC6, 0x33, 0x9C, 0x1C, 0x62, 0xB8, 0x29, 0xE3,
    0x70, 0x94, 0x25, 0xC9, 0x05, 0xF3, 0xFE, 0xB5, 0x3E, 0xAB, 0x1B, 0xC3, 0x3C, 0x43, 0x9A, 0x52,
    0xFA, 0xD6, 0x26, 0x49, 0xBB, 0x5D, 0x45, 0xBB, 0x35, 0xE4, 0x95, 0xB9, 0x53, 0xF2, 0xBA, 0xF3,
    0xD4, 0xF0, 0xDA, 0x2A, 0xCE, 0xA5, 0x63, 0x77, 0xA6, 0xDF, 0xCD, 0x63, 0x7D, 0x03, 0xC1, 0x73,
    0x0B, 0x6D, 0x92, 0x36, 0xEA, 0x0F, 0xF5, 0x1D, 0xC1, 0x1C, 0x11, 0xC8, 0xAA, 0xD5, 0xEB, 0x26,
    0x9A, 0xBA, 0x3F, 0x3F, 0x9C, 0x25, 0x09, 0x38, 0xC9, 0x59, 0xA0, 0xA2, 0x8A, 0x29, 0x92, 0x14,
    0x51, 0x45, 0x00, 0x14, 0x51, 0x45, 0x00, 0x14, 0x51, 0x45, 0x00, 0x14, 0x51, 0x45, 0x00, 0x14,
    0x51, 0x45, 0x00, 0x14, 0x51, 0x45, 0x00, 0x14, 0x51, 0x45, 0x00, 0x14, 0x51, 0x45, 0x00, 0x14,
    0x51, 0x45, 0x00, 0x14, 0x51, 0x45, 0x00, 0x14, 0x51, 0x45, 0x00, 0x15, 0xD5, 0x7C, 0x26, 0x8A,
    0x29, 0xBE, 0x21, 0x69, 0x49, 0x2C, 0x69, 0x22, 0x86, 0x91, 0x80, 0x65, 0x04, 0x06, 0x58, 0xDC,
    0x83, 0xF5, 0x04, 0x02, 0x3D, 0xC5, 0x72, 0xB5, 0x35, 0x95, 0xCC, 0xD6, 0x77, 0x90, 0x5E, 0x5B,
    0x3E, 0xC9, 0xE0, 0x91, 0x64, 0x8D, 0xB0, 0x0E, 0xD6, 0x53, 0x90, 0x70, 0x78, 0x3C, 0x8A, 0xCE,
    0xAC, 0x1C, 0xE1, 0x28, 0xAE, 0xA8, 0xEB, 0xC0, 0x62, 0x23, 0x86, 0xC5, 0x52, 0xAF, 0x25, 0x75,
    0x19, 0x27, 0x6E, 0xF6, 0x69, 0x9F, 0x56, 0x51, 0x5C, 0x57, 0x83, 0xBE, 0x22, 0x68, 0xBA, 0xC5,
    0x82, 0x0D, 0x4A, 0xEE, 0xDF, 0x4D, 0xBF, 0x55, 0x3E, 0x6C, 0x72, 0xBE, 0xC8, 0xDB, 0x18, 0xF9,
    0x95, 0x9B, 0x8C, 0x1C, 0xFD, 0xD2, 0x72, 0x39, 0xEA, 0x06, 0x4D, 0xBF, 0x11, 0xF8, 0xF7, 0xC3,
    0x9A, 0x45, 0x83, 0x4D, 0x1E, 0xA1, 0x6F, 0xA8, 0x5C, 0x15, 0x3E, 0x54, 0x16, 0xB2, 0x87, 0x2E,
    0xC3, 0x1C, 0x16, 0x5C, 0x85, 0x1C, 0xF5, 0x3D, 0x81, 0xC0, 0x24, 0x62, 0xBE, 0x49, 0xE1, 0x6B,
    0x29, 0xF2, 0x72, 0xBB, 0x9F, 0xD0, 0x70, 0xCF, 0x72, 0xE9, 0xE1, 0xFE, 0xB2, 0xAB, 0x47, 0x92,
    0xD7, 0xDF, 0xF4, 0xDE, 0xFE, 0x5B, 0xDC, 0xF3, 0x7F, 0x8F, 0x11, 0x45, 0x1F, 0x8C, 0xE0, 0x78,
    0xE3, 0x44, 0x69, 0x2C, 0x51, 0xA4, 0x2A, 0xA0, 0x17, 0x6D, 0xEE, 0x32, 0x7D, 0x4E, 0x00, 0x1F,
    0x40, 0x2B, 0xCF, 0xEA, 0xF6, 0xBD, 0xAA, 0xDD, 0xEB, 0x7A, 0xBD, 0xC6, 0xA9, 0x7C, 0x50, 0xDC,
    0x4E, 0xD9, 0x6D, 0x8B, 0x85, 0x00, 0x00, 0x00, 0x03, 0xD0, 0x00, 0x07, 0xAF, 0x1C, 0xE6, 0xA8,
    0xD7, 0xD5, 0xE1, 0xE9, 0xBA, 0x74, 0xA3, 0x07, 0xBA, 0x47, 0xE0, 0x79, 0xC6, 0x32, 0x18, 0xDC,
    0x75, 0x5C, 0x45, 0x35, 0x68, 0xC9, 0xB6, 0x82, 0x8A, 0x28, 0xAD, 0x8F, 0x34, 0x28, 0xA2, 0x8A,
    0x00, 0x2B, 0xAA, 0xF8, 0x4D, 0x14, 0x53, 0x7C, 0x42, 0xD2, 0x92, 0x58, 0xD2, 0x45, 0x0D, 0x23,
    0x00, 0xCA, 0x08, 0x0C, 0xB1, 0xB9, 0x07, 0xEA, 0x08, 0x04, 0x7B, 0x8A, 0xE5, 0x6A, 0x6B, 0x2B,
    0x99, 0xAC, 0xEF, 0x20, 0xBC, 0xB6, 0x7D, 0x93, 0xC1, 0x22, 0xC9, 0x1B, 0x60, 0x1D, 0xAC, 0xA7,
    0x20, 0xE0, 0xF0, 0x79, 0x15, 0x9D, 0x58, 0x39, 0xC2, 0x51, 0x5D, 0x51, 0xD7, 0x80, 0xC4, 0x47,
    0x0D, 0x8A, 0xA5, 0x5E, 0x4A, 0xEA, 0x32, 0x4E, 0xDD, 0xEC, 0xD3, 0x3E, 0xAC, 0xA2, 0xB8, 0xAF,
    0x07, 0x7C, 0x44, 0xD1, 0x75, 0x8B, 0x04, 0x1A, 0x95, 0xDD, 0xBE, 0x9B, 0x7E, 0xAA, 0x7C, 0xD8,
    0xE5, 0x7D, 0x91, 0xB6, 0x31, 0xF3, 0x2B, 0x37, 0x18, 0x39, 0xFB, 0xA4, 0xE4, 0x73, 0xD4, 0x0C,
    0x9B, 0x7E, 0x23, 0xF1, 0xEF, 0x87, 0x34, 0x8B, 0x06, 0x9A, 0x3D, 0x42, 0xDF, 0x50, 0xB8, 0x2A,
    0x7C, 0xA8, 0x2D, 0x65, 0x0E, 0x5D, 0x86, 0x38, 0x2C, 0xB9, 0x0A, 0x39, 0xEA, 0x7B, 0x03, 0x80,
    0x48, 0xC5, 0x7C, 0x93, 0xC2, 0xD6, 0x53, 0xE4, 0xE5, 0x77, 0x3F, 0xA0, 0xE1, 0x9E, 0xE5, 0xD3,
    0xC3, 0xFD, 0x65, 0x56, 0x8F, 0x25, 0xAF, 0xBF, 0xE9, 0xBD, 0xFC, 0xB7, 0xB9, 0xE6, 0xFF, 0x00,
    0x1E, 0x22, 0x8A, 0x3F, 0x19, 0xC0, 0xF1, 0xC6, 0x88, 0xD2, 0x58, 0xA3, 0x48, 0x55, 0x40, 0x2E,
    0xDB, 0xDC, 0x64, 0xFA, 0x9C, 0x00, 0x3E, 0x80, 0x57, 0x9F, 0xD5, 0xED, 0x7B, 0x55, 0xBB, 0xD6,
    0xF5, 0x7B, 0x8D, 0x52, 0xF8, 0xA1, 0xB8, 0x9D, 0xB2, 0xDB, 0x17, 0x0A, 0x00, 0x00, 0x00, 0x07,
    0xA0, 0x00, 0x0F, 0x5E, 0x39, 0xCD, 0x51, 0xAF, 0xAB, 0xC3, 0xD3, 0x74, 0xE9, 0x46, 0x0F, 0x74,
    0x8F, 0xC0, 0xF3, 0x8C, 0x64, 0x31, 0xB8, 0xEA, 0xB8, 0x8A, 0x6A, 0xD1, 0x93, 0x6D, 0x05, 0x14,
    0x51, 0x5B, 0x1E, 0x68, 0x51, 0x45, 0x14, 0x00, 0x51, 0x45, 0x14, 0x00, 0x51, 0x45, 0x14, 0x00,
    0x51, 0x45, 0x14, 0x00, 0x51, 0x45, 0x14, 0x00, 0x51, 0x45, 0x14, 0x00, 0x51, 0x45, 0x14, 0x00,
    0x51, 0x45, 0x14, 0x00, 0x51, 0x45, 0x14, 0x00, 0x51, 0x45, 0x14, 0x00, 0x51, 0x45, 0x14, 0x00,
    0x51, 0x45, 0x14, 0x00, 0x51, 0x45, 0x14, 0x00, 0x51, 0x45, 0x14, 0x00, 0x51, 0x45, 0x14, 0x00,
    0x51, 0x45, 0x14, 0x00, 0x51, 0x45, 0x14, 0x00, 0x51, 0x45, 0x14, 0x00, 0x51, 0x45, 0x14, 0x00,
    0x51, 0x45, 0x14, 0x00, 0x51, 0x45, 0x14, 0x00, 0x51, 0x45, 0x14, 0x00, 0x51, 0x45, 0x14, 0x00,
    0x51, 0x45, 0x14, 0x00, 0x51, 0x45, 0x14, 0x00, 0x51, 0x45, 0x14, 0x00, 0x51, 0x45, 0x14, 0x00,
    0x51, 0x45, 0x14, 0x00, 0x51, 0x45, 0x14, 0x00, 0x51, 0x45, 0x14, 0x00, 0x51, 0x45, 0x14, 0x00,
    0x51, 0x45, 0x14, 0x00, 0x51, 0x45, 0x14, 0x00, 0x51, 0x45, 0x59, 0xD3, 0xEC, 0x6F, 0xB5, 0x09,
    0x8C, 0x36, 0x16, 0x77, 0x17, 0x72, 0xAA, 0xEE, 0x29, 0x04, 0x4C, 0xEC, 0x17, 0x20, 0x67, 0x00,
    0x74, 0xE4, 0x7E, 0x74, 0x9B, 0x4B, 0x56, 0x54, 0x21, 0x29, 0xBE, 0x58, 0xAB, 0xB2, 0xB5, 0x15,
    0xDD, 0x69, 0xFF, 0x00, 0x0A, 0xBC, 0x55, 0x73, 0x09, 0x92, 0x61, 0x63, 0x64, 0xC1, 0xB0, 0x23,
    0x9E, 0x7C, 0xB1, 0x18, 0x1C, 0xFC, 0x81, 0x86, 0x3F, 0x1C, 0xF1, 0x5B, 0x90, 0xFC, 0x1B, 0x94,
    0xC2, 0x86, 0x6F, 0x10, 0xA2, 0x4A, 0x54, 0x6F, 0x54, 0xB4, 0x2C, 0xA1, 0xB1, 0xC8, 0x04, 0xB8,
    0xC8, 0xF7, 0xC0, 0xFA, 0x0A, 0xE5, 0x96, 0x3F, 0x0F, 0x1D, 0xE7, 0xFA, 0xFE, 0x47, 0xBF, 0x43,
    0x85, 0x33, 0x8A, 0xEA, 0xF1, 0xA0, 0xFE, 0x76, 0x8F, 0xFE, 0x94, 0xD1, 0xE5, 0x34, 0x57, 0xAC,
    0xFF, 0x00, 0xC2, 0x9A, 0xFF, 0x00, 0xA9, 0x8F, 0xFF, 0x00, 0x24, 0xBF, 0xFB, 0x65, 0x61, 0xDE,
    0x7C, 0x28, 0xF1, 0x44, 0x16, 0xCF, 0x2C, 0x52, 0x69, 0xD7, 0x4E, 0xB8, 0xC4, 0x51, 0x4C, 0xC1,
    0x9B, 0x9E, 0xDB, 0x94, 0x0F, 0x7E, 0x48, 0xE9, 0x4A, 0x38, 0xFC, 0x3C, 0xB6, 0x97, 0xE8, 0x3A,
    0xDC, 0x25, 0x9C, 0x51, 0x57, 0x95, 0x07, 0xF2, 0x69, 0xFE, 0x4D, 0x9C, 0x15, 0x15, 0x7B, 0x57,
    0xD2, 0x35, 0x4D, 0x22, 0x6F, 0x2B, 0x53, 0xB0, 0xB8, 0xB4, 0x62, 0xCC, 0xAA, 0x64, 0x42, 0x15,
    0xCA, 0x9E, 0x76, 0x9E, 0x8C, 0x39, 0x1C, 0x8C, 0x8E, 0x45, 0x51, 0xAE, 0xB5, 0x25, 0x25, 0x74,
    0x78, 0x15, 0x29, 0xCE, 0x94, 0x9C, 0x26, 0x9A, 0x6B, 0xA3, 0xD1, 0x85, 0x14, 0x51, 0x4C, 0x80,
    0xA2, 0x8A, 0x28, 0x00, 0xA2, 0x8A, 0x28, 0x00, 0xA2, 0x8A, 0x28, 0x00, 0xA2, 0x8A, 0x28, 0x00,
    0xA2, 0x8A, 0x28, 0x00, 0xA2, 0x8A, 0x28, 0x00, 0xA2, 0x8A, 0x28, 0x00, 0xA2, 0x8A, 0x28, 0x00,
    0xA2, 0x8A, 0x28, 0x00, 0xA2, 0x8A, 0x28, 0x00, 0xA2, 0x8A, 0x28, 0x00, 0xA2, 0x8A, 0x28, 0x00,
    0xA2, 0x8A, 0x28, 0x00, 0xA2, 0x8A, 0x28, 0x00, 0xA2, 0x8A, 0xEA, 0xBE, 0x16, 0x68, 0x71, 0x6B,
    0xBE, 0x2F, 0x82, 0x1B, 0x80, 0x8D, 0x6D, 0x6C, 0xA6, 0xE6, 0x64, 0x6C, 0x1D, 0xEA, 0xA4, 0x00,
    0xB8, 0x20, 0x82, 0x0B, 0x15, 0xC8, 0x3D, 0xB3, 0x51, 0x52, 0xA2, 0xA7, 0x07, 0x37, 0xD0, 0xEA,
    0xC1, 0x61, 0x27, 0x8C, 0xC4, 0x43, 0x0F, 0x4F, 0x79, 0x34, 0xBE, 0xF3, 0x7B, 0xE1, 0xBF, 0xC3,
    0x9F, 0xED, 0x7B, 0x64, 0xD5, 0xB5, 0xD1, 0x34, 0x36, 0x6F, 0x86, 0xB7, 0x81, 0x4E, 0xD6, 0x98,
    0x64, 0x1D, 0xCC, 0x7A, 0x84, 0x23, 0x81, 0x8C, 0x13, 0x9C, 0x82, 0x06, 0x09, 0xE9, 0x35, 0xAF,
    0x89, 0x5E, 0x1C, 0xD0, 0x51, 0x74, 0xED, 0x06, 0xC5, 0x2F, 0x56, 0x26, 0x20, 0xAD, 0xBE, 0x21,
    0x81, 0x39, 0x6C, 0xED, 0x38, 0x39, 0x39, 0xE7, 0x81, 0x83, 0xBB, 0x39, 0xAC, 0x4F, 0x8E, 0x9E,
    0x23, 0x96, 0x4B, 0xF8, 0xFC, 0x39, 0x6B, 0x33, 0xAC, 0x30, 0xA8, 0x92, 0xF0, 0x29, 0x20, 0x3B,
    0x9C, 0x15, 0x53, 0xC7, 0x20, 0x0C, 0x37, 0x52, 0x09, 0x61, 0xDD, 0x6B, 0xCB, 0xAB, 0xCD, 0xA7,
    0x87, 0x78, 0xB4, 0xAA, 0xD7, 0x7A, 0x3D, 0x91, 0xF6, 0x58, 0xDC, 0xE2, 0x9F, 0x0F, 0xCA, 0x58,
    0x1C, 0xAE, 0x2B, 0x9E, 0x3A, 0x4A, 0xA3, 0x49, 0xB6, 0xFA, 0xA4, 0xB6, 0x49, 0x3D, 0x35, 0xBF,
    0xE1, 0x77, 0xDA, 0xEA, 0x1F, 0x13, 0xFC, 0x5D, 0x73, 0x30, 0x92, 0x1B, 0xBB, 0x7B, 0x25, 0x0B,
    0x83, 0x1C, 0x16, 0xEA, 0x54, 0x9C, 0x9E, 0x7E, 0x7D, 0xC7, 0x3F, 0x8E, 0x38, 0xAC, 0x39, 0xBC,
    0x57, 0xE2, 0x69, 0xA6, 0x79, 0x5F, 0xC4, 0x1A, 0x98, 0x67, 0x62, 0xC4, 0x25, 0xD3, 0xAA, 0x82,
    0x4F, 0x60, 0x08, 0x00, 0x7B, 0x0E, 0x2B, 0x1A, 0x8A, 0xEF, 0x8E, 0x1E, 0x94, 0x3E, 0x18, 0xAF,
    0xB8, 0xF9, 0x5A, 0xF9, 0xC6, 0x61, 0x88, 0x77, 0xA9, 0x5E, 0x4F, 0xFE, 0xDE, 0x7F, 0x96, 0xC6,
    0xB7, 0xFC, 0x24, 0xFE, 0x24, 0xFF, 0x00, 0xA1, 0x87, 0x56, 0xFF, 0x00, 0xC0, 0xC9, 0x3F, 0xC6,
    0xB7, 0x2C, 0xFE, 0x26, 0xF8, 0xC2, 0x0B, 0x94, 0x96, 0x5B, 0xF8, 0x6E, 0x91, 0x73, 0x98, 0xA5,
    0xB7, 0x40, 0xAD, 0xC7, 0x7D, 0xA0, 0x1F, 0x7E, 0x08, 0xE9, 0x5C, 0x6D, 0x14, 0x4B, 0x0F, 0x4A,
    0x5B, 0xC5, 0x7D, 0xC2, 0xA3, 0x9B, 0xE3, 0xE8, 0x3B, 0xD3, 0xAD, 0x25, 0xFF, 0x00, 0x6F, 0x3F,
    0xC7, 0x5D, 0x4F, 0x64, 0xD0, 0xBE, 0x2B, 0x69, 0x3A, 0x84, 0x66, 0xCB, 0xC4, 0x5A, 0x7F, 0xD9,
    0x52, 0x48, 0xF6, 0x49, 0x22, 0x8F, 0x3A, 0x17, 0xCA, 0x9D, 0xDB, 0x93, 0x19, 0x00, 0xF4, 0x03,
    0xE6, 0xEB, 0xCF, 0x4C, 0xD5, 0x4F, 0x1F, 0x7C, 0x39, 0xB6, 0x9E, 0xCD, 0xF5, 0xCF, 0x0A, 0x8F,
    0x33, 0x7F, 0xEF, 0x9A, 0xD2, 0x22, 0x19, 0x1D, 0x08, 0x07, 0x30, 0xE3, 0xF3, 0xDB, 0xCE, 0x73,
    0xF2, 0xE3, 0x00, 0x1F, 0x26, 0xAE, 0xEB, 0xE0, 0xDF, 0x88, 0xE5, 0xD2, 0xBC, 0x47, 0x1E, 0x97,
    0x3C, 0xCF, 0xF6, 0x1B, 0xF6, 0xF2, 0xF6, 0x12, 0x4A, 0xA4, 0xC7, 0x01, 0x18, 0x0C, 0x1E, 0x4E,
    0x02, 0xF6, 0xEA, 0x09, 0xFB, 0xA2, 0xB8, 0xAA, 0xE1, 0x1E, 0x1E, 0xF5, 0x70, 0xEE, 0xD6, 0xDD,
    0x74, 0x67, 0xD4, 0x60, 0xB3, 0xF8, 0x66, 0xEE, 0x38, 0x1C, 0xDA, 0x2A, 0x4A, 0x4E, 0xD1, 0x9E,
    0x8A, 0x51, 0x6F, 0x6F, 0x2B, 0x5E, 0xDD, 0xBC, 0xEE, 0x70, 0xB4, 0x57, 0xA0, 0x7C, 0x6F, 0xD0,
    0xE2, 0xD3, 0x7C, 0x47, 0x16, 0xA7, 0x6E, 0x11, 0x62, 0xD4, 0x95, 0x99, 0x90, 0x60, 0x62, 0x55,
    0xC0, 0x63, 0x80, 0x07, 0x07, 0x2A, 0x7A, 0x92, 0x49, 0x63, 0x5E, 0x7F, 0x5D, 0xD4, 0x2A, 0xAA,
    0xD4, 0xD4, 0xD7, 0x53, 0xE5, 0x73, 0x3C, 0x04, 0xF2, 0xEC, 0x5D, 0x4C, 0x2D, 0x4D, 0xE2, 0xFE,
    0xF5, 0xBA, 0x7F, 0x35, 0xA8, 0x51, 0x45, 0x15, 0xA9, 0xC0, 0x14, 0x51, 0x45, 0x00, 0x14, 0x51,
    0x45, 0x00, 0x14, 0x51, 0x45, 0x00, 0x14, 0x51, 0x45, 0x00, 0x14, 0x51, 0x45, 0x00, 0x14, 0x51,
    0x45, 0x00, 0x14, 0x51, 0x45, 0x00, 0x14, 0x51, 0x45, 0x00, 0x14, 0x51, 0x45, 0x00, 0x14, 0x51,
    0x45, 0x00, 0x14, 0x51, 0x45, 0x00, 0x14, 0x51, 0x45, 0x00, 0x14, 0x51, 0x45, 0x00, 0x15, 0x67,
    0x4F, 0xBE, 0xBE, 0xD3, 0xE6, 0x33, 0x58, 0x5E, 0x5C, 0x5A, 0x4A, 0xCB, 0xB4, 0xBC, 0x12, 0xB2,
    0x31, 0x5C, 0x83, 0x8C, 0x83, 0xD3, 0x81, 0xF9, 0x55, 0x6A, 0x29, 0x34, 0x9E, 0x8C, 0xA8, 0x4E,
    0x50, 0x7C, 0xD1, 0x76, 0x64, 0xD7, 0x97, 0x57, 0x37, 0x97, 0x2F, 0x73, 0x79, 0x71, 0x35, 0xC4,
    0xEF, 0x8D, 0xD2, 0x4A, 0xE5, 0xD9, 0xB0, 0x30, 0x32, 0x4F, 0x27, 0x80, 0x05, 0x43, 0x45, 0x14,
    0xD2, 0xB6, 0x88, 0x52, 0x93, 0x93, 0x6D, 0xBB, 0xB6, 0x14, 0x51, 0x45, 0x02, 0x0A, 0x28, 0xA2,
    0x80, 0x0A, 0x7C, 0x32, 0xCB, 0x04, 0xC9, 0x34, 0x32, 0x3C, 0x52, 0xC6, 0xC1, 0x91, 0xD1, 0x88,
    0x65, 0x60, 0x72, 0x08, 0x23, 0xA1, 0xA6, 0x51, 0x40, 0xD3, 0x69, 0xDD, 0x16, 0xF5, 0x1D, 0x4F,
    0x52, 0xD4, 0x7C, 0xBF, 0xED, 0x0D, 0x42, 0xEE, 0xF3, 0xCB, 0xCE, 0xCF, 0x3E, 0x66, 0x93, 0x6E,
    0x71, 0x9C, 0x64, 0xF1, 0x9C, 0x0F, 0xCA, 0xAA, 0x51, 0x45, 0x24, 0x92, 0x56, 0x45, 0x4E, 0xA4,
    0xAA, 0x4B, 0x9A, 0x6E, 0xEF, 0xCC, 0x28, 0xA2, 0x8A, 0x64, 0x05, 0x14, 0x51, 0x40, 0x05, 0x14,
    0x51, 0x40, 0x05, 0x14, 0x51, 0x40, 0x05, 0x14, 0x51, 0x40, 0x05, 0x14, 0x51, 0x40, 0x05, 0x14,
    0x51, 0x40, 0x05, 0x14, 0x51, 0x40, 0x05, 0x14, 0x51, 0x40, 0x05, 0x14, 0x51, 0x40, 0x05, 0x14,
    0x51, 0x40, 0x05, 0x14, 0x51, 0x40, 0x05, 0x14, 0x51, 0x40, 0x05, 0x14, 0x51, 0x40, 0x05, 0x14,
    0x51, 0x40, 0x05, 0x14, 0x51, 0x40, 0x05, 0x14, 0x51, 0x40, 0x05, 0x14, 0x51, 0x40, 0x05, 0x14,
    0x51, 0x40, 0x05, 0x14, 0x51, 0x40, 0x05, 0x14, 0x51, 0x40, 0x05, 0x14, 0x51, 0x40, 0x05, 0x14,
    0x51, 0x40, 0x05, 0x14, 0x51, 0x40, 0x05, 0x14, 0x51, 0x40, 0x05, 0x14, 0x51, 0x40, 0x05, 0x14,
    0x51, 0x40, 0x05, 0x14, 0x51, 0x40, 0x05, 0x14, 0x51, 0x40, 0x05, 0x14, 0x51, 0x40, 0x05, 0x14,
    0x51, 0x40, 0x05, 0x14, 0x51, 0x40, 0x05, 0x14, 0x51, 0x40, 0x05, 0x14, 0x51, 0x40, 0x05, 0x14,
    0x51, 0x40, 0x05, 0x14, 0x51, 0x40, 0x05, 0x14, 0x51, 0x40, 0x05, 0x14, 0x51, 0x40, 0x05, 0x14,
    0x51, 0x40, 0x05, 0x14, 0x51, 0x40, 0x05, 0x14, 0x51, 0x40, 0x05, 0x14, 0x51, 0x40, 0x05, 0x14,
    0x51, 0x40, 0x05, 0x14, 0x51, 0x40, 0x05, 0x14, 0x51, 0x40, 0x05, 0x14, 0x51, 0x40, 0x05, 0x14,
    0x51, 0x40, 0x05, 0x14, 0x51, 0x40, 0x05, 0x14, 0x51, 0x40, 0x05, 0x14, 0x51, 0x40, 0x05, 0x14,
    0x51, 0x40, 0x05, 0x14, 0x51, 0x40, 0x05, 0x14, 0x51, 0x40, 0x05, 0x14, 0x51, 0x40, 0x05, 0x14,
    0x51, 0x40, 0x05, 0x14, 0x51, 0x40, 0x05, 0x14, 0x51, 0x40, 0x05, 0x14, 0x51, 0x40, 0x05, 0x14,
    0x51, 0x40, 0x05, 0x14, 0x51, 0x40, 0x05, 0x14, 0x51, 0x40, 0x05, 0x14, 0x51, 0x40, 0x05, 0x14,
    0x51, 0x40, 0x05, 0x14, 0x51, 0x40, 0x05, 0x14, 0x51, 0x40, 0x05, 0x14, 0x51, 0x40, 0x05, 0x14,
    0x51, 0x40, 0x05, 0x14, 0x51, 0x40, 0x05, 0x14, 0x51, 0x40, 0x05, 0x14, 0x51, 0x40, 0x05, 0x14,
    0x51, 0x40, 0x05, 0x14, 0x51, 0x40, 0x05, 0x14, 0x51, 0x40, 0x05, 0x14, 0x51, 0x40, 0x05, 0x14,
    0x51, 0x40, 0x05, 0x14, 0x51, 0x40, 0x05, 0x14, 0x51, 0x40, 0x05, 0x14, 0x51, 0x40, 0x05, 0x14,
    0x51, 0x40, 0x05, 0x14, 0x51, 0x40, 0x05, 0x14, 0x51, 0x40, 0x05, 0x14, 0x51, 0x40, 0x05, 0x14,
    0x51, 0x40, 0x05, 0x14, 0x51, 0x40, 0x05, 0x14, 0x51, 0x40, 0x05, 0x14, 0x51, 0x40, 0x05, 0x14,
    0x51, 0x40, 0x1F, 0xFF, 0xD9,
};

static const uint8_t EMOJI_HEART[] PROGMEM = {
    0xFF, 0xD8, 0xFF, 0xE0, 0x00, 0x10, 0x4A, 0x46, 0x49, 0x46, 0x00, 0x01, 0x01, 0x00, 0x00, 0x01,
    0x00, 0x01, 0x00, 0x00, 0xFF, 0xDB, 0x00, 0x43, 0x00, 0x05, 0x03, 0x04, 0x04, 0x04, 0x03, 0x05,
    0x04, 0x04, 0x04, 0x05, 0x05, 0x05, 0x06, 0x07, 0x0C, 0x08, 0x07, 0x07, 0x07, 0x07, 0x0F, 0x0B,
    0x0B, 0x09, 0x0C, 0x11, 0x0F, 0x12, 0x12, 0x11, 0x0F, 0x11, 0x11, 0x13, 0x16, 0x1C, 0x17, 0x13,
    0x14, 0x1A, 0x15, 0x11, 0x11, 0x18, 0x21, 0x18, 0x1A, 0x1D, 0x1D, 0x1F, 0x1F, 0x1F, 0x13, 0x17,
    0x22, 0x24, 0x22, 0x1E, 0x24, 0x1C, 0x1E, 0x1F, 0x1E, 0xFF, 0xDB, 0x00, 0x43, 0x01, 0x05, 0x05,
    0x05, 0x07, 0x06, 0x07, 0x0E, 0x08, 0x08, 0x0E, 0x1E, 0x14, 0x11, 0x14, 0x1E, 0x1E, 0x1E, 0x1E,
    0x1E, 0x1E, 0x1E, 0x1E, 0x1E, 0x1E, 0x1E, 0x1E, 0x1E, 0x1E, 0x1E, 0x1E, 0x1E, 0x1E, 0x1E, 0x1E,
    0x1E, 0x1E, 0x1E, 0x1E, 0x1E, 0x1E, 0x1E, 0x1E, 0x1E, 0x1E, 0x1E, 0x1E, 0x1E, 0x1E, 0x1E, 0x1E,
    0x1E, 0x1E, 0x1E, 0x1E, 0x1E, 0x1E, 0x1E, 0x1E, 0x1E, 0x1E, 0x1E, 0x1E, 0x1E, 0x1E, 0xFF, 0xC0,
    0x00, 0x11, 0x08, 0x00, 0xF0, 0x01, 0x40, 0x03, 0x01, 0x22, 0x00, 0x02, 0x11, 0x01, 0x03, 0x11,
    0x01, 0xFF, 0xC4, 0x00, 0x1F, 0x00, 0x00, 0x01, 0x05, 0x01, 0x01, 0x01, 0x01, 0x01, 0x01, 0x00,
    0x00, 0x00, 0x00, 0x00, 0x00, 0x00, 0x00, 0x01, 0x02, 0x03, 0x04, 0x05, 0x06, 0x07, 0x08, 0x09,
    0x0A, 0x0B, 0xFF, 0xC4, 0x00, 0xB5, 0x10, 0x00, 0x02, 0x01, 0x03, 0x03, 0x02, 0x04, 0x03, 0x05,
    0x05, 0x04, 0x04, 0x00, 0x00, 0x01, 0x7D, 0x01, 0x02, 0x03, 0x00, 0x04, 0x11, 0x05, 0x12, 0x21,
    0x31, 0x41, 0x06, 0x13, 0x51, 0x61, 0x07, 0x22, 0x71, 0x14, 0x32, 0x81, 0x91, 0xA1, 0x08, 0x23,
    0x42, 0xB1, 0xC1, 0x15, 0x52, 0xD1, 0xF0, 0x24, 0x33, 0x62, 0x72, 0x82, 0x09, 0x0A, 0x16, 0x17,
    0x18, 0x19, 0x1A, 0x25, 0x26, 0x27, 0x28, 0x29, 0x2A, 0x34, 0x35, 0x36, 0x37, 0x38, 0x39, 0x3A,
    0x43, 0x44, 0x45, 0x46, 0x47, 0x48, 0x49, 0x4A, 0x53, 0x54, 0x55, 0x56, 0x57, 0x58, 0x59, 0x5A,
    0x63, 0x64, 0x65, 0x66, 0x67, 0x68, 0x69, 0x6A, 0x73, 0x74, 0x75, 0x76, 0x77, 0x78, 0x79, 0x7A,
    0x83, 0x84, 0x85, 0x86, 0x87, 0x88, 0x89, 0x8A, 0x92, 0x93, 0x94, 0x95, 0x96, 0x97, 0x98, 0x99,
    0x9A, 0xA2, 0xA3, 0xA4, 0xA5, 0xA6, 0xA7, 0xA8, 0xA9, 0xAA, 0xB2, 0xB3, 0xB4, 0xB5, 0xB6, 0xB7,
    0xB8, 0xB9, 0xBA, 0xC2, 0xC3, 0xC4, 0xC5, 0xC6, 0xC7, 0xC8, 0xC9, 0xCA, 0xD2, 0xD3, 0xD4, 0xD5,
    0xD6, 0xD7, 0xD8, 0xD9, 0xDA, 0xE1, 0xE2, 0xE3, 0xE4, 0xE5, 0xE6, 0xE7, 0xE8, 0xE9, 0xEA, 0xF1,
    0xF2, 0xF3, 0xF4, 0xF5, 0xF6, 0xF7, 0xF8, 0xF9, 0xFA, 0xFF, 0xC4, 0x00, 0x1F, 0x01, 0x00, 0x03,
    0x01, 0x01, 0x01, 0x01, 0x01, 0x01, 0x01, 0x01, 0x01, 0x00, 0x00, 0x00, 0x00, 0x00, 0x00, 0x01,
    0x02, 0x03, 0x04, 0x05, 0x06, 0x07, 0x08, 0x09, 0x0A, 0x0B, 0xFF, 0xC4, 0x00, 0xB5, 0x11, 0x00,
    0x02, 0x01, 0x02, 0x04, 0x04, 0x03, 0x04, 0x07, 0x05, 0x04, 0x04, 0x00, 0x01, 0x02, 0x77, 0x00,
    0x01, 0x02, 0x03, 0x11, 0x04, 0x05, 0x21, 0x31, 0x06, 0x12, 0x41, 0x51, 0x07, 0x61, 0x71, 0x13,
    0x22, 0x32, 0x81, 0x08, 0x14, 0x42, 0x91, 0xA1, 0xB1, 0xC1, 0x09, 0x23, 0x33, 0x52, 0xF0, 0x15,
    0x62, 0x72, 0xD1, 0x0A, 0x16, 0x24, 0x34, 0xE1, 0x25, 0xF1, 0x17, 0x18, 0x19, 0x1A, 0x26, 0x27,
    0x28, 0x29, 0x2A, 0x35, 0x36, 0x37, 0x38, 0x39, 0x3A, 0x43, 0x44, 0x45, 0x46, 0x47, 0x48, 0x49,
    0x4A, 0x53, 0x54, 0x55, 0x56, 0x57, 0x58, 0x59, 0x5A, 0x63, 0x64, 0x65, 0x66, 0x67, 0x68, 0x69,
    0x6A, 0x73, 0x74, 0x75, 0x76, 0x77, 0x78, 0x79, 0x7A, 0x82, 0x83, 0x84, 0x85, 0x86, 0x87, 0x88,
    0x89, 0x8A, 0x92, 0x93, 0x94, 0x95, 0x96, 0x97, 0x98, 0x99, 0x9A, 0xA2, 0xA3, 0xA4, 0xA5, 0xA6,
    0xA7, 0xA8, 0xA9, 0xAA, 0xB2, 0xB3, 0xB4, 0xB5, 0xB6, 0xB7, 0xB8, 0xB9, 0xBA, 0xC2, 0xC3, 0xC4,
    0xC5, 0xC6, 0xC7, 0xC8, 0xC9, 0xCA, 0xD2, 0xD3, 0xD4, 0xD5, 0xD6, 0xD7, 0xD8, 0xD9, 0xDA, 0xE2,
    0xE3, 0xE4, 0xE5, 0xE6, 0xE7, 0xE8, 0xE9, 0xEA, 0xF2, 0xF3, 0xF4, 0xF5, 0xF6, 0xF7, 0xF8, 0xF9,
    0xFA, 0xFF, 0xDA, 0x00, 0x0C, 0x03, 0x01, 0x00, 0x02, 0x11, 0x03, 0x11, 0x00, 0x3F, 0x00, 0xF8,
    0xCA, 0x8A, 0x28, 0xA0, 0x02, 0x8A, 0x28, 0xA0, 0x02, 0x8A, 0x28, 0xA0, 0x02, 0x8A, 0x28, 0xA0,
    0x02, 0x8A, 0x28, 0xA0, 0x02, 0x8A, 0x28, 0xA0, 0x02, 0x8A, 0x28, 0xA0, 0x02, 0x8A, 0x28, 0xA0,
    0x02, 0x8A, 0x28, 0xA0, 0x02, 0x8A, 0x28, 0xA0, 0x02, 0x8A, 0x28, 0xA0, 0x02, 0x8A, 0x28, 0xA0,
    0x02, 0x8A, 0x28, 0xA0, 0x02, 0x8A, 0x28, 0xA0, 0x02, 0x8A, 0x28, 0xA0, 0x02, 0x8A, 0x28, 0xA0,
    0x02, 0x8A, 0x28, 0xA0, 0x02, 0x8A, 0x28, 0xA0, 0x02, 0x8A, 0x28, 0xA0, 0x02, 0x8A, 0x28, 0xA0,
    0x02, 0x8A, 0x28, 0xA0, 0x02, 0x8A, 0x28, 0xA0, 0x02, 0x8A, 0x28, 0xA0, 0x02, 0x8A, 0x28, 0xA0,
    0x02, 0x8A, 0x28, 0xA0, 0x02, 0x8A, 0x28, 0xA0, 0x02, 0x8A, 0x28, 0xA0, 0x02, 0x8A, 0x28, 0xA0,
    0x02, 0x8A, 0x28, 0xA0, 0x02, 0x8A, 0x28, 0xA0, 0x02, 0x8A, 0x28, 0xA0, 0x02, 0x8A, 0x28, 0xA0,
    0x02, 0x8A, 0x28, 0xA0, 0x02, 0x8A, 0x28, 0xA0, 0x02, 0x8A, 0x28, 0xA0, 0x02, 0x8A, 0x28, 0xA0,
    0x02, 0x8A, 0x28, 0xA0, 0x02, 0x8A, 0x28, 0xA0, 0x02, 0x8A, 0x28, 0xA0, 0x02, 0x8A, 0x28, 0xA0,
    0x02, 0x8A, 0x28, 0xA0, 0x02, 0x8A, 0x28, 0xA0, 0x02, 0x8A, 0x28, 0xA0, 0x02, 0x8A, 0x28, 0xA0,
    0x02, 0x8A, 0x28, 0xA0, 0x02, 0x8A, 0x28, 0xA0, 0x02, 0x8A, 0x28, 0xA0, 0x02, 0x8A, 0x28, 0xA0,
    0x02, 0x8A, 0x28, 0xA0, 0x02, 0x8A, 0x28, 0xA0, 0x02, 0x8A, 0x28, 0xA0, 0x02, 0x8A, 0x28, 0xA0,
    0x02, 0x8A, 0x28, 0xA0, 0x02, 0x8A, 0x28, 0xA0, 0x02, 0x8A, 0x28, 0xA0, 0x02, 0x8A, 0x28, 0xA0,
    0x02, 0x8A, 0x28, 0xA0, 0x02, 0x8A, 0x28, 0xA0, 0x02, 0x8A, 0x28, 0xA0, 0x02, 0x8A, 0x28, 0xA0,
    0x02, 0x8A, 0x28, 0xA0, 0x02, 0x8A, 0x28, 0xA0, 0x02, 0x8A, 0x28, 0xA0, 0x02, 0x8A, 0x28, 0xA0,
    0x02, 0x8A, 0x28, 0xA0, 0x02, 0x8A, 0x28, 0xA0, 0x02, 0x8A, 0x28, 0xA0, 0x02, 0x8A, 0xE8, 0x74,
    0xEF, 0x04, 0x78, 0xB2, 0xFF, 0x00, 0xCC, 0xF2, 0x34, 0x2B, 0xB4, 0xD9, 0x8C, 0xF9, 0xE0, 0x43,
    0x9C, 0xE7, 0xA6, 0xF2, 0x33, 0xD3, 0xB7, 0x4A, 0xB9, 0xFF, 0x00, 0x0A, 0xE3, 0xC6, 0x7F, 0xF4,
    0x06, 0xFF, 0x00, 0xC9, 0xA8, 0x7F, 0xF8, 0xBA, 0xC5, 0xE2, 0x68, 0xA7, 0x67, 0x35, 0xF7, 0xA3,
    0xD2, 0x86, 0x4D, 0x98, 0xD4, 0x8F, 0x34, 0x30, 0xF3, 0x6B, 0xCA, 0x32, 0xFF, 0x00, 0x23, 0x92,
    0xA2, 0xB4, 0x75, 0x6D, 0x0F, 0x59, 0xD2, 0x77, 0x1D, 0x4B, 0x4C, 0xBB, 0xB5, 0x45, 0x90, 0xC7,
    0xE6, 0x49, 0x11, 0x08, 0x5B, 0x9E, 0x03, 0x74, 0x3D, 0x0F, 0x42, 0x73, 0x8A, 0xCE, 0xAD, 0x63,
    0x25, 0x25, 0x74, 0xCE, 0x1A, 0xB4, 0xAA, 0x52, 0x97, 0x2D, 0x48, 0xB4, 0xFB, 0x3D, 0x02, 0x8A,
    0x28, 0xA6, 0x66, 0x14, 0x51, 0x45, 0x00, 0x14, 0x51, 0x56, 0xF4, 0xED, 0x33, 0x52, 0xD4, 0x7C,
    0xCF, 0xEC, 0xFD, 0x3E, 0xEE, 0xF3, 0xCB, 0xC6, 0xFF, 0x00, 0x22, 0x16, 0x93, 0x6E, 0x73, 0x8C,
    0xE0, 0x71, 0x9C, 0x1F, 0xCA, 0x93, 0x69, 0x2B, 0xB2, 0xE1, 0x4E, 0x55, 0x25, 0xCB, 0x05, 0x77,
    0xE4, 0x54, 0xA2, 0xBA, 0xDF, 0xF8, 0x57, 0x1E, 0x33, 0xFF, 0x00, 0xA0, 0x37, 0xFE, 0x4D, 0x43,
    0xFF, 0x00, 0xC5, 0xD5, 0x6D, 0x43, 0xC0, 0x9E, 0x2E, 0xB1, 0x84, 0x4B, 0x36, 0x87, 0x70, 0xEA,
    0x5B, 0x68, 0x10, 0x15, 0x99, 0xB3, 0x83, 0xD9, 0x09, 0x38, 0xE3, 0xAF, 0x4A, 0xC9, 0x62, 0x68,
    0xB7, 0x65, 0x35, 0xF7, 0xA3, 0xBE, 0x79, 0x2E, 0x63, 0x05, 0xCD, 0x2C, 0x3C, 0xD2, 0xFF, 0x00,
    0x0C, 0xBF, 0xC8, 0xE6, 0xE8, 0xA7, 0xCD, 0x14, 0xB0, 0x4C, 0xF0, 0xCD, 0x1B, 0xC5, 0x2C, 0x6C,
    0x55, 0xD1, 0xD4, 0x86, 0x56, 0x07, 0x04, 0x10, 0x7A, 0x1A, 0x65, 0x6C, 0x79, 0xCD, 0x34, 0xEC,
    0xC2, 0x8A, 0x28, 0xA0, 0x41, 0x45, 0x14, 0x50, 0x01, 0x45, 0x14, 0x50, 0x01, 0x45, 0x14, 0x50,
    0x01, 0x45, 0x14, 0x50, 0x01, 0x45, 0x14, 0x50, 0x01, 0x45, 0x14, 0x50, 0x01, 0x45, 0x14, 0x50,
    0x01, 0x45, 0x14, 0x50, 0x01, 0x45, 0x14, 0x50, 0x01, 0x45, 0x14, 0x50, 0x01, 0x45, 0x15, 0xE8,
    0x7F, 0x08, 0xBC, 0x19, 0xFD, 0xAF, 0x78, 0x35, 0x9D, 0x56, 0xD3, 0x7E, 0x99, 0x0E, 0x7C, 0x95,
    0x73, 0x81, 0x3C, 0x80, 0xFA, 0x63, 0xE6, 0x41, 0xCE, 0x7B, 0x13, 0x81, 0xCF, 0xCC, 0x2B, 0x2A,
    0xF5, 0xA3, 0x46, 0x0E, 0x72, 0x3B, 0xF2, 0xCC, 0xB6, 0xB6, 0x65, 0x89, 0x8E, 0x1E, 0x8A, 0xD5,
    0xFD, 0xC9, 0x77, 0x7E, 0x45, 0x4F, 0x01, 0x7C, 0x3C, 0xBF, 0xF1, 0x07, 0xFA, 0x66, 0xA0, 0x66,
    0xD3, 0xF4, 0xF1, 0xB4, 0xAB, 0x34, 0x7F, 0x3C, 0xE0, 0xE0, 0xFC, 0x80, 0xF4, 0x1B, 0x4F, 0xDF,
    0xE4, 0x72, 0x30, 0x0F, 0x38, 0xF6, 0x1F, 0x0D, 0x78, 0x63, 0x45, 0xF0, 0xEC, 0x21, 0x34, 0xCB,
    0x24, 0x49, 0x4A, 0xED, 0x79, 0xDF, 0xE6, 0x95, 0xF8, 0x19, 0xCB, 0x1E, 0xC7, 0x68, 0x38, 0x18,
    0x19, 0xEC, 0x2B, 0x66, 0x8A, 0xF9, 0x8C, 0x4E, 0x36, 0xAD, 0x77, 0xAB, 0xB2, 0xEC, 0x7E, 0xE5,
    0x92, 0xF0, 0xCE, 0x07, 0x2A, 0x8A, 0x70, 0x8F, 0x34, 0xFF, 0x00, 0x99, 0xEF, 0xF2, 0xED, 0xF2,
    0xF9, 0xDC, 0x28, 0xA2, 0x8A, 0xE3, 0x3E, 0x88, 0x2B, 0x87, 0xF1, 0x47, 0xC3, 0x3D, 0x03, 0x57,
    0xCC, 0xD6, 0x2B, 0xFD, 0x93, 0x72, 0x7F, 0x8A, 0x04, 0x06, 0x23, 0xD0, 0x73, 0x1F, 0x03, 0xA0,
    0x3F, 0x74, 0xAF, 0x27, 0x27, 0x35, 0xDC, 0x51, 0x5A, 0x52, 0xAD, 0x3A, 0x4F, 0x9A, 0x0E, 0xC7,
    0x16, 0x3B, 0x2E, 0xC2, 0xE3, 0xE9, 0xFB, 0x3C, 0x4C, 0x14, 0x97, 0x9F, 0x4F, 0x47, 0xBA, 0xF9,
    0x1F, 0x30, 0xF8, 0x8F, 0x41, 0xD5, 0x3C, 0x3F, 0x7E, 0xD6, 0x9A, 0x9D, 0xAB, 0xC4, 0x43, 0x11,
    0x1C, 0xA0, 0x1F, 0x2E, 0x50, 0x31, 0xCA, 0x37, 0x71, 0xC8, 0xF7, 0x19, 0xE7, 0x07, 0x8A, 0xCB,
    0xAF, 0xA8, 0x7C, 0x45, 0xA3, 0x58, 0x6B, 0xDA, 0x54, 0x9A, 0x76, 0xA3, 0x0F, 0x99, 0x0B, 0xF2,
    0xAC, 0x38, 0x68, 0xDB, 0xB3, 0x29, 0xEC, 0x47, 0xF8, 0x83, 0x90, 0x48, 0xAF, 0x9B, 0xFC, 0x45,
    0xA3, 0x5F, 0xE8, 0x3A, 0xAC, 0x9A, 0x76, 0xA3, 0x0F, 0x97, 0x32, 0x72, 0xAC, 0x39, 0x59, 0x17,
    0xB3, 0x29, 0xEE, 0x0F, 0xF8, 0x83, 0x82, 0x08, 0xAF, 0xA4, 0xC0, 0xE3, 0x56, 0x21, 0x5A, 0x5A,
    0x49, 0x1F, 0x8B, 0x71, 0x47, 0x0C, 0x4F, 0x27, 0x9A, 0xA9, 0x4D, 0xB9, 0x52, 0x96, 0xCF, 0xAA,
    0x7D, 0x9F, 0xE8, 0xFA, 0xEB, 0xD8, 0xCE, 0xAB, 0x7A, 0x4E, 0x99, 0x7F, 0xAB, 0x5E, 0x2D, 0x9E,
    0x9B, 0x69, 0x35, 0xD4, 0xED, 0x8F, 0x96, 0x35, 0xCE, 0x06, 0x40, 0xC9, 0x3D, 0x00, 0xC9, 0x1C,
    0x9C, 0x01, 0x9A, 0x6E, 0x9B, 0x63, 0x77, 0xA9, 0x5F, 0xC3, 0x63, 0x63, 0x03, 0xCF, 0x73, 0x33,
    0x6D, 0x8E, 0x35, 0xEA, 0x4F, 0xF4, 0x1D, 0xC9, 0x3C, 0x01, 0xC9, 0xAF, 0xA2, 0xBC, 0x0D, 0xE1,
    0xAB, 0x4F, 0x0C, 0xE8, 0x91, 0xDA, 0xC5, 0x1A, 0x1B, 0xA9, 0x15, 0x5A, 0xEE, 0x60, 0x72, 0x64,
    0x93, 0x1C, 0xE0, 0xE0, 0x7C, 0xA3, 0x24, 0x01, 0x81, 0xC7, 0xB9, 0x24, 0xDE, 0x37, 0x18, 0xB0,
    0xD1, 0xEE, 0xD9, 0x87, 0x0D, 0x70, 0xE5, 0x4C, 0xEA, 0xB3, 0xBB, 0xE5, 0xA7, 0x1D, 0xDF, 0xE8,
    0xBA, 0x5F, 0xF2, 0x5F, 0x23, 0x9B, 0xF0, 0x9F, 0xC2, 0xCD, 0x27, 0x4E, 0xF2, 0xEE, 0x75, 0x99,
    0x3F, 0xB4, 0xAE, 0x46, 0x1B, 0xCB, 0xC6, 0xD8, 0x10, 0xF0, 0x7A, 0x75, 0x7C, 0x10, 0x47, 0x3C,
    0x10, 0x79, 0x5A, 0xF4, 0x08, 0x62, 0x8A, 0x08, 0x52, 0x18, 0x63, 0x48, 0xA2, 0x8D, 0x42, 0xA2,
    0x22, 0x80, 0xAA, 0xA0, 0x60, 0x00, 0x07, 0x41, 0x4F, 0xA2, 0xBE, 0x66, 0xB5, 0x7A, 0x95, 0x9D,
    0xE6, 0xEE, 0x7E, 0xDB, 0x97, 0xE5, 0x58, 0x4C, 0xBA, 0x1C, 0x98, 0x68, 0x28, 0xAF, 0xC5, 0xFA,
    0xBD, 0xD8, 0x51, 0x45, 0x15, 0x91, 0xE8, 0x19, 0xDA, 0xEE, 0x89, 0xA4, 0xEB, 0x96, 0xC2, 0xDF,
    0x55, 0xB1, 0x86, 0xE9, 0x17, 0xEE, 0x96, 0x18, 0x64, 0xE4, 0x13, 0xB5, 0x86, 0x0A, 0xE7, 0x03,
    0x38, 0x23, 0x38, 0xAF, 0x24, 0xF1, 0xC7, 0xC3, 0x0B, 0xBD, 0x2A, 0x1F, 0xB6, 0xE8, 0x2F, 0x71,
    0xA8, 0xDB, 0xEE, 0x01, 0xA0, 0x29, 0xBA, 0x64, 0x18, 0x03, 0x23, 0x6F, 0xDF, 0x19, 0xCF, 0x40,
    0x08, 0xE3, 0xAF, 0x24, 0x7B, 0x65, 0x15, 0xD5, 0x87, 0xC6, 0x55, 0xA0, 0xFD, 0xD7, 0xA7, 0x63,
    0xC3, 0xCE, 0x38, 0x77, 0x03, 0x9B, 0x41, 0xFB, 0x68, 0xDA, 0x7D, 0x24, 0xB7, 0x5F, 0xE6, 0xBC,
    0x9F, 0xE0, 0x7C, 0x9B, 0x45, 0x7A, 0xCF, 0xC6, 0x5F, 0x06, 0x7D, 0xEF, 0x11, 0xE9, 0x16, 0x9F,
    0xDE, 0x6D, 0x41, 0x23, 0x3F, 0xF9, 0x14, 0x2E, 0x3E, 0xBB, 0x88, 0xF6, 0x38, 0xFB, 0xC6, 0xBC,
    0x9A, 0xBE, 0x9F, 0x0F, 0x88, 0x8D, 0x78, 0x29, 0xC4, 0xFC, 0x33, 0x38, 0xCA, 0x6B, 0x65, 0x58,
    0xA9, 0x61, 0xEA, 0xFC, 0x9F, 0x46, 0xBB, 0xAF, 0xD7, 0xB3, 0xD0, 0x28, 0xA2, 0x8A, 0xDC, 0xF2,
    0xC2, 0x8A, 0x28, 0xA0, 0x02, 0x8A, 0x28, 0xA0, 0x02, 0x8A, 0x28, 0xA0, 0x02, 0x8A, 0x28, 0xA0,
    0x02, 0x8A, 0x28, 0xA0, 0x02, 0x8A, 0x28, 0xA0, 0x02, 0x8A, 0x28, 0xA0, 0x02, 0x8A, 0x28, 0xA0,
    0x02, 0x8A, 0x28, 0xA0, 0x0B, 0x7A, 0x36, 0x9F, 0x73, 0xAB, 0x6A, 0xB6, 0xDA, 0x6D, 0x9A, 0xEE,
    0x9E, 0xE2, 0x40, 0x8B, 0xC1, 0x20, 0x67, 0xAB, 0x1C, 0x02, 0x70, 0x06, 0x49, 0x3D, 0x80, 0x35,
    0xF4, 0xE6, 0x8D, 0xA7, 0xDB, 0x69, 0x3A, 0x55, 0xB6, 0x9B, 0x66, 0xBB, 0x60, 0xB7, 0x8C, 0x22,
    0xF0, 0x01, 0x38, 0xEA, 0xC7, 0x00, 0x0C, 0x93, 0x92, 0x4F, 0x72, 0x4D, 0x78, 0xDF, 0xC0, 0x8D,
    0x37, 0xED, 0x3E, 0x29, 0x9F, 0x50, 0x78, 0x77, 0xC7, 0x65, 0x6E, 0x76, 0xBE, 0xEC, 0x6C, 0x91,
    0xCE, 0xD1, 0xC6, 0x79, 0xCA, 0xF9, 0x9E, 0xA3, 0xF1, 0xC5, 0x7B, 0x7D, 0x7C, 0xF6, 0x6F, 0x59,
    0xCA, 0xA2, 0xA6, 0xB6, 0x5F, 0x99, 0xFB, 0x0F, 0x87, 0xB9, 0x6C, 0x69, 0x61, 0x25, 0x8C, 0x92,
    0xF7, 0xA6, 0xEC, 0xBF, 0xC2, 0xBF, 0xCD, 0xDE, 0xFE, 0x88, 0x28, 0xA2, 0x8A, 0xF2, 0x0F, 0xD0,
    0x82, 0x8A, 0x28, 0xA0, 0x02, 0x8A, 0x28, 0xA0, 0x02, 0xBC, 0xF3, 0xE3, 0x77, 0x87, 0xBF, 0xB4,
    0x74, 0x24, 0xD6, 0x6D, 0xA2, 0xDD, 0x73, 0x61, 0xFE, 0xB3, 0x6A, 0xF2, 0xF0, 0x9E, 0xBD, 0x06,
    0x4E, 0xD3, 0xCF, 0x50, 0x00, 0x2E, 0x6B, 0xD0, 0xEA, 0x1B, 0xDB, 0x68, 0x6F, 0x2C, 0xE7, 0xB3,
    0xB9, 0x4D, 0xF0, 0x4F, 0x1B, 0x47, 0x22, 0xE4, 0x8D, 0xCA, 0xC3, 0x04, 0x64, 0x72, 0x38, 0x35,
    0xB5, 0x0A, 0xAE, 0x8D, 0x45, 0x35, 0xD0, 0xF3, 0xF3, 0x6C, 0xBE, 0x19, 0x8E, 0x0E, 0xA6, 0x1A,
    0x7F, 0x69, 0x69, 0xE4, 0xFA, 0x3F, 0x93, 0x3C, 0xB3, 0xE0, 0x47, 0x87, 0xBF, 0xD7, 0xF8, 0x92,
    0xEA, 0x2F, 0x58, 0x2D, 0x37, 0x2F, 0xFD, 0xF6, 0xE3, 0x23, 0xFE, 0x02, 0x08, 0x3F, 0xDF, 0x06,
    0xBD, 0x66, 0xB2, 0x7C, 0x1D, 0xA6, 0xFF, 0x00, 0x64, 0x78, 0x5B, 0x4D, 0xD3, 0xCC, 0x3E, 0x4C,
    0x91, 0x5B, 0xAF, 0x9A, 0x9B, 0xB7, 0x62, 0x42, 0x37, 0x3F, 0x39, 0x3F, 0xC4, 0x5B, 0xA7, 0x1E,
    0x9C, 0x56, 0xB5, 0x5E, 0x2E, 0xB3, 0xAD, 0x5A, 0x52, 0xFE, 0xAC, 0x73, 0x70, 0xFE, 0x5B, 0x1C,
    0xBB, 0x2F, 0xA7, 0x41, 0x2D, 0x6D, 0x77, 0xFE, 0x27, 0xBF, 0xF9, 0x7A, 0x20, 0xA2, 0x8A, 0x2B,
    0x98, 0xF6, 0x42, 0x8A, 0x28, 0xA0, 0x02, 0x8A, 0x28, 0xA0, 0x06, 0x4D, 0x14, 0x53, 0xC2, 0xF0,
    0xCD, 0x1A, 0x4B, 0x14, 0x8A, 0x55, 0xD1, 0xD4, 0x15, 0x65, 0x23, 0x04, 0x10, 0x7A, 0x8A, 0xF9,
    0xA7, 0xC6, 0x9A, 0x1C, 0xBE, 0x1D, 0xF1, 0x1D, 0xD6, 0x98, 0xE1, 0xCC, 0x48, 0xDB, 0xA0, 0x76,
    0xCF, 0xCF, 0x11, 0xE5, 0x4E, 0x70, 0x32, 0x7B, 0x1C, 0x0C, 0x64, 0x11, 0xDA, 0xBE, 0x99, 0xAF,
    0x26, 0xFD, 0xA0, 0x74, 0xDF, 0xF9, 0x05, 0xEA, 0xF1, 0xC3, 0xFD, 0xEB, 0x69, 0xA5, 0xDD, 0xFF,
    0x00, 0x02, 0x8D, 0x71, 0x9F, 0xFA, 0xE8, 0x72, 0x07, 0xD7, 0xB5, 0x7A, 0x79, 0x55, 0x67, 0x0A,
    0xDC, 0x9D, 0x19, 0xF0, 0xFC, 0x7B, 0x96, 0xC7, 0x13, 0x97, 0x7D, 0x61, 0x2F, 0x7A, 0x9B, 0xBF,
    0xC9, 0xE8, 0xFF, 0x00, 0x47, 0xF2, 0x3C, 0x9A, 0x8A, 0x28, 0xAF, 0xA5, 0x3F, 0x14, 0x0A, 0x28,
    0xA2, 0x80, 0x0A, 0x28, 0xA2, 0x80, 0x0A, 0x28, 0xA2, 0x80, 0x0A, 0x28, 0xA2, 0x80, 0x0A, 0x28,
    0xA2, 0x80, 0x0A, 0x28, 0xA2, 0x80, 0x0A, 0x28, 0xA2, 0x80, 0x0A, 0x28, 0xA2, 0x80, 0x0A, 0x28,
    0xA2, 0x80, 0x3D, 0x67, 0xF6, 0x79, 0xFF, 0x00, 0x98, 0xE7, 0xFD, 0xBB, 0xFF, 0x00, 0xED, 0x4A,
    0xF5, 0x9A, 0xF1, 0x5F, 0x80, 0x7A, 0x87, 0x91, 0xE2, 0x1B, 0xED, 0x35, 0x9A, 0x15, 0x4B, 0xBB,
    0x70, 0xEB, 0xB8, 0xE1, 0x99, 0xE3, 0x3C, 0x2A, 0xF3, 0xCF, 0xCA, 0xCE, 0x48, 0xFF, 0x00, 0x67,
    0xD8, 0xD7, 0xB5, 0x57, 0xCB, 0x66, 0x71, 0x6B, 0x13, 0x27, 0xDE, 0xDF, 0x91, 0xFB, 0xBF, 0x04,
    0x55, 0x8C, 0xF2, 0x6A, 0x51, 0x5F, 0x65, 0xC9, 0x3F, 0xFC, 0x09, 0xBF, 0xC9, 0xA0, 0xA2, 0x8A,
    0x2B, 0x80, 0xFA, 0xC0, 0xA2, 0x8A, 0x28, 0x00, 0xA2, 0x8A, 0x28, 0x00, 0xA2, 0x8A, 0x64, 0xD2,
    0xC5, 0x04, 0x2F, 0x34, 0xD2, 0x24, 0x51, 0x46, 0xA5, 0x9D, 0xDD, 0x80, 0x55, 0x50, 0x32, 0x49,
    0x27, 0xA0, 0xA0, 0x1B, 0x49, 0x5D, 0x8F, 0xA2, 0xB3, 0xBC, 0x33, 0xA8, 0x7F, 0x6B, 0x78, 0x7B,
    0x4F, 0xD4, 0x8B, 0x42, 0xCF, 0x71, 0x6E, 0x8F, 0x27, 0x94, 0x72, 0xA1, 0xC8, 0xF9, 0x94, 0x72,
    0x7A, 0x36, 0x46, 0x3B, 0x62, 0xB4, 0x69, 0xCA, 0x2E, 0x2D, 0xA6, 0x67, 0x4A, 0xAC, 0x6A, 0xD3,
    0x8D, 0x48, 0xEC, 0xD2, 0x6B, 0xE6, 0x14, 0x51, 0x45, 0x23, 0x40, 0xA2, 0x8A, 0x28, 0x00, 0xA2,
    0x8A, 0x28, 0x00, 0xAF, 0x3C, 0xF8, 0xF9, 0xFF, 0x00, 0x22, 0x7D, 0xA7, 0xFD, 0x84, 0x13, 0xFF,
    0x00, 0x45, 0xC9, 0x5E, 0x87, 0x5E, 0x59, 0xFB, 0x40, 0xEA, 0x1B, 0x6C, 0xF4, 0xBD, 0x29, 0x1A,
    0x13, 0xE6, 0x48, 0xD7, 0x12, 0x2E, 0x7E, 0x75, 0xDA, 0x36, 0xA1, 0xEB, 0xC0, 0x3B, 0x9F, 0xB7,
    0x3B, 0x7D, 0x8D, 0x76, 0x60, 0x22, 0xE5, 0x88, 0x8D, 0x8F, 0x9D, 0xE2, 0xDA, 0xB1, 0xA7, 0x93,
    0xD7, 0x72, 0xEA, 0xAD, 0xF7, 0xB4, 0x8F, 0x20, 0xA2, 0x8A, 0x2B, 0xEB, 0x0F, 0xE7, 0xE0, 0xA2,
    0x8A, 0x28, 0x00, 0xA2, 0x8A, 0x28, 0x00, 0xA2, 0x8A, 0x28, 0x00, 0xA2, 0x8A, 0x28, 0x00, 0xA2,
    0x8A, 0x28, 0x00, 0xA2, 0x8A, 0x28, 0x00, 0xA2, 0x8A, 0x28, 0x00, 0xA2, 0x8A, 0x28, 0x00, 0xA2,
    0x8A, 0x28, 0x03, 0xAA, 0xF8, 0x5D, 0x79, 0xA4, 0x58, 0xF8, 0xB2, 0xDA, 0xE3, 0x54, 0xB9, 0xB8,
    0xB4, 0x65, 0x6F, 0xDC, 0x5C, 0x23, 0x27, 0x96, 0xAC, 0x41, 0x05, 0x64, 0x0C, 0xA7, 0xE5, 0x60,
    0x71, 0xB8, 0x11, 0x8F, 0xD5, 0x7E, 0x88, 0xAF, 0x93, 0x6B, 0xD5, 0xBE, 0x0D, 0xF8, 0xD2, 0x5F,
    0x3A, 0x3F, 0x0D, 0xEA, 0xD7, 0x08, 0x62, 0x2B, 0xB6, 0xC6, 0x59, 0x18, 0xEE, 0x0D, 0x90, 0x04,
    0x59, 0xEE, 0x3F, 0xBB, 0x9C, 0x63, 0x1B, 0x79, 0xCA, 0x81, 0xE3, 0xE6, 0x98, 0x49, 0x4D, 0x7B,
    0x58, 0xF4, 0xE8, 0x7E, 0x8D, 0xC0, 0xDC, 0x43, 0x4B, 0x0B, 0x2F, 0xA8, 0x56, 0x56, 0x52, 0x7A,
    0x3F, 0x37, 0xD1, 0xFA, 0xF4, 0x7F, 0x27, 0xA5, 0xAD, 0xEB, 0x94, 0x51, 0x45, 0x7C, 0xF9, 0xFA,
    0xE8, 0x51, 0x45, 0x14, 0x00, 0x51, 0x45, 0x14, 0x00, 0x55, 0x4D, 0x66, 0xC5, 0x35, 0x3D, 0x2A,
    0xE7, 0x4E, 0x92, 0x79, 0xA1, 0x8E, 0xE6, 0x33, 0x1B, 0xBC, 0x5B, 0x77, 0x6D, 0x3C, 0x10, 0x37,
    0x02, 0x39, 0x19, 0x1D, 0x3B, 0xF1, 0x83, 0xCD, 0x5B, 0xA2, 0x9A, 0x6D, 0x3B, 0xA2, 0x6A, 0x42,
    0x35, 0x22, 0xE1, 0x2D, 0x9E, 0x86, 0x5F, 0x86, 0x34, 0x58, 0x3C, 0x3F, 0xA4, 0x47, 0xA5, 0xDA,
    0xDC, 0x5C, 0x4F, 0x6F, 0x1B, 0x31, 0x8F, 0xCF, 0x2A, 0x59, 0x41, 0x39, 0x23, 0x2A, 0xA3, 0x8C,
    0x92, 0x79, 0xE7, 0x9F, 0xA5, 0x6A, 0x51, 0x45, 0x39, 0x49, 0xC9, 0xB6, 0xF7, 0x26, 0x8D, 0x18,
    0x50, 0xA7, 0x1A, 0x74, 0xD5, 0xA2, 0x95, 0x92, 0xEC, 0x82, 0x8A, 0x28, 0xA9, 0x34, 0x0A, 0x28,
    0xA2, 0x80, 0x0A, 0x28, 0xA2, 0x80, 0x0A, 0xF0, 0xDF, 0x8D, 0xB7, 0x9A, 0x45, 0xD7, 0x88, 0xC2,
    0xDA, 0xDC, 0xDC, 0x5C, 0xDF, 0x42, 0xA2, 0x29, 0x8E, 0xE4, 0xF2, 0x61, 0x51, 0x9F, 0xDD, 0xA8,
    0x0B, 0x92, 0xD9, 0x24, 0x92, 0x49, 0xC7, 0x4F, 0x65, 0xEB, 0x3E, 0x2F, 0xF8, 0xD2, 0x5D, 0x1E,
    0x15, 0xD1, 0x74, 0x8B, 0x84, 0x5B, 0xE9, 0x94, 0xFD, 0xA2, 0x44, 0x63, 0xBE, 0xDD, 0x08, 0x18,
    0x03, 0xD1, 0x9B, 0x3D, 0x73, 0x90, 0x39, 0xC7, 0x20, 0x8F, 0x13, 0xAF, 0x73, 0x2B, 0xC2, 0x49,
    0x7E, 0xFA, 0x5F, 0x23, 0xF2, 0xCE, 0x3A, 0xE2, 0x1A, 0x53, 0x4F, 0x2E, 0xA4, 0xAE, 0xD3, 0xF7,
    0x9F, 0x67, 0xD9, 0x79, 0xF7, 0xED, 0xB6, 0xFB, 0x14, 0x51, 0x45, 0x7B, 0x87, 0xE5, 0xE1, 0x45,
    0x14, 0x50, 0x01, 0x45, 0x14, 0x50, 0x01, 0x45, 0x14, 0x50, 0x01, 0x45, 0x14, 0x50, 0x01, 0x45,
    0x14, 0x50, 0x01, 0x45, 0x14, 0x50, 0x01, 0x45, 0x14, 0x50, 0x01, 0x45, 0x14, 0x50, 0x01, 0x45,
    0x14, 0x50, 0x01, 0x45, 0x14, 0x50, 0x07, 0xB2, 0x7C, 0x2B, 0xF1, 0xFF, 0x00, 0xDB, 0xBC, 0xAD,
    0x0B, 0x5D, 0x9F, 0xFD, 0x2F, 0x84, 0xB6, 0xB9, 0x73, 0xFE, 0xBB, 0xD1, 0x1C, 0xFF, 0x00, 0x7F,
    0xD0, 0xFF, 0x00, 0x17, 0x43, 0xF3, 0x7D, 0xEF, 0x4E, 0xAF, 0x93, 0x6B, 0xD9, 0x3E, 0x15, 0xF8,
    0xFF, 0x00, 0xED, 0xDE, 0x56, 0x85, 0xAE, 0xCF, 0xFE, 0x97, 0xC2, 0x5B, 0x5C, 0xB9, 0xFF, 0x00,
    0x5D, 0xE8, 0x8E, 0x7F, 0xBF, 0xE8, 0x7F, 0x8B, 0xA1, 0xF9, 0xBE, 0xF7, 0x83, 0x98, 0x65, 0xF6,
    0xBD, 0x5A, 0x4B, 0x4E, 0xA8, 0xFD, 0x5F, 0x84, 0x78, 0xBB, 0xDA, 0x72, 0xE0, 0xB1, 0xB2, 0xF7,
    0xB6, 0x8C, 0x9F, 0x5F, 0x27, 0xE7, 0xD9, 0xF5, 0xD9, 0xEB, 0xBF, 0xA7, 0x51, 0x45, 0x15, 0xE2,
    0x9F, 0xA6, 0x05, 0x14, 0x51, 0x40, 0x05, 0x14, 0x51, 0x40, 0x05, 0x14, 0x51, 0x40, 0x05, 0x14,
    0x51, 0x40, 0x05, 0x14, 0x51, 0x40, 0x05, 0x70, 0xBF, 0x13, 0xBC, 0x75, 0x17, 0x87, 0xA1, 0x6D,
    0x37, 0x4D, 0x74, 0x97, 0x56, 0x91, 0x79, 0x3C, 0x15, 0xB6, 0x52, 0x38, 0x66, 0x1D, 0xDB, 0xD1,
    0x7F, 0x13, 0xC6, 0x03, 0x1F, 0x13, 0xBC, 0x75, 0x17, 0x87, 0xA1, 0x6D, 0x37, 0x4D, 0x74, 0x97,
    0x56, 0x91, 0x79, 0x3C, 0x15, 0xB6, 0x52, 0x38, 0x66, 0x1D, 0xDB, 0xD1, 0x7F, 0x13, 0xC6, 0x03,
    0x78, 0x54, 0xD2, 0xCB, 0x3C, 0xCF, 0x34, 0xD2, 0x3C, 0xB2, 0xC8, 0xC5, 0x9D, 0xDD, 0x89, 0x66,
    0x62, 0x72, 0x49, 0x27, 0xA9, 0xAF, 0x5F, 0x2F, 0xCB, 0xFD, 0xA5, 0xAA, 0x54, 0x5A, 0x74, 0x5D,
    0xFF, 0x00, 0xE0, 0x1F, 0x9E, 0x71, 0x77, 0x17, 0x2C, 0x22, 0x78, 0x3C, 0x1B, 0xFD, 0xE7, 0xDA,
    0x97, 0xF2, 0xF9, 0x2F, 0xEF, 0x7E, 0x5E, 0xBB, 0x13, 0x4B, 0x2C, 0xF3, 0x3C, 0xD3, 0x48, 0xF2,
    0xCB, 0x23, 0x16, 0x77, 0x76, 0x25, 0x99, 0x89, 0xC9, 0x24, 0x9E, 0xA6, 0x99, 0x45, 0x15, 0xF4,
    0x27, 0xE4, 0x0D, 0xB6, 0xEE, 0xC2, 0x8A, 0x28, 0xA0, 0x41, 0x45, 0x14, 0x50, 0x01, 0x45, 0x14,
    0x50, 0x01, 0x45, 0x14, 0x50, 0x01, 0x45, 0x14, 0x50, 0x01, 0x45, 0x14, 0x50, 0x01, 0x45, 0x14,
    0x50, 0x01, 0x45, 0x14, 0x50, 0x01, 0x45, 0x14, 0x50, 0x01, 0x45, 0x14, 0x50, 0x01, 0x45, 0x14,
    0x50, 0x01, 0x45, 0x14, 0x50, 0x07, 0xBA, 0xFC, 0x2B, 0xF1, 0xB4, 0x3A, 0xDD, 0x9C, 0x5A, 0x3E,
    0xA1, 0x26, 0xCD, 0x52, 0x08, 0xC2, 0xAB, 0x3B, 0x13, 0xF6, 0x95, 0x51, 0xF7, 0x81, 0x3C, 0x97,
    0xC0, 0xCB, 0x0E, 0xFC, 0x91, 0xDC, 0x2F, 0x7B, 0x5F, 0x28, 0x43, 0x2C, 0xB0, 0x4C, 0x93, 0x43,
    0x23, 0xC5, 0x2C, 0x6C, 0x19, 0x1D, 0x18, 0x86, 0x56, 0x07, 0x20, 0x82, 0x3A, 0x1A, 0xF7, 0x5F,
    0x86, 0x3E, 0x3A, 0x8B, 0xC4, 0x30, 0xAE, 0x9B, 0xA9, 0x3A, 0x45, 0xAB, 0x46, 0xBC, 0x1E, 0x02,
    0xDC, 0xA8, 0x1C, 0xB2, 0x8E, 0xCD, 0xEA, 0xBF, 0x88, 0xE3, 0x21, 0x7E, 0x7B, 0x30, 0xC0, 0x7B,
    0x3B, 0xD4, 0xA7, 0xB7, 0x5F, 0x2F, 0xF8, 0x07, 0xEC, 0x1C, 0x23, 0xC5, 0xAB, 0x14, 0xA3, 0x82,
    0xC5, 0xBB, 0x4D, 0x69, 0x17, 0xFC, 0xDE, 0x4F, 0xFB, 0xDF, 0x9F, 0xAE, 0xFD, 0xD5, 0x14, 0x51,
    0x5E, 0x41, 0xFA, 0x18, 0x51, 0x45, 0x14, 0x00, 0x51, 0x45, 0x14, 0x00, 0x51, 0x45, 0x14, 0x00,
    0x57, 0x2B, 0xF1, 0x0B, 0xC6, 0x56, 0x9E, 0x16, 0xB0, 0xDA, 0xA1, 0x27, 0xD4, 0xA6, 0x5C, 0xC1,
    0x01, 0x3C, 0x01, 0xD3, 0x7B, 0xE3, 0xA2, 0xFE, 0xA4, 0xF0, 0x3B, 0x90, 0x7C, 0x42, 0xF1, 0x95,
    0xA7, 0x85, 0xAC, 0x36, 0xA8, 0x49, 0xF5, 0x29, 0x97, 0x30, 0x40, 0x4F, 0x00, 0x74, 0xDE, 0xF8,
    0xE8, 0xBF, 0xA9, 0x3C, 0x0E, 0xE4, 0x78, 0x06, 0xA5, 0x7D, 0x77, 0xA9, 0x5F, 0xCD, 0x7D, 0x7D,
    0x3B, 0xCF, 0x73, 0x33, 0x6E, 0x92, 0x46, 0xEA, 0x4F, 0xF4, 0x1D, 0x80, 0x1C, 0x01, 0xC0, 0xAF,
    0x53, 0x01, 0x80, 0x75, 0x9F, 0x3C, 0xFE, 0x1F, 0xCC, 0xF8, 0x5E, 0x2C, 0xE2, 0xC8, 0xE5, 0xD1,
    0x78, 0x5C, 0x2B, 0xBD, 0x57, 0xBB, 0xFE, 0x5F, 0xF8, 0x3D, 0x97, 0x4D, 0xDF, 0x44, 0xE1, 0x9A,
    0x59, 0x67, 0x99, 0xE6, 0x9A, 0x47, 0x96, 0x59, 0x18, 0xB3, 0xBB, 0xB1, 0x2C, 0xCC, 0x4E, 0x49,
    0x24, 0xF5, 0x34, 0xCA, 0x28, 0xAF, 0xA4, 0x3F, 0x17, 0x6D, 0xB7, 0x76, 0x14, 0x51, 0x45, 0x02,
    0x0A, 0x28, 0xA2, 0x80, 0x0A, 0x28, 0xA2, 0x80, 0x0A, 0x28, 0xA2, 0x80, 0x0A, 0x28, 0xA2, 0x80,
    0x0A, 0x28, 0xA2, 0x80, 0x0A, 0x28, 0xA2, 0x80, 0x0A, 0x28, 0xA2, 0x80, 0x0A, 0x28, 0xA2, 0x80,
    0x0A, 0x28, 0xA2, 0x80, 0x0A, 0x28, 0xA2, 0x80, 0x0A, 0x28, 0xA2, 0x80, 0x0A, 0x28, 0xA2, 0x80,
    0x0A, 0x7C, 0x32, 0xCB, 0x04, 0xC9, 0x34, 0x32, 0x3C, 0x52, 0xC6, 0xC1, 0x91, 0xD1, 0x88, 0x65,
    0x60, 0x72, 0x08, 0x23, 0xA1, 0xA6, 0x51, 0x40, 0xD3, 0x69, 0xDD, 0x1E, 0xFB, 0xF0, 0xB3, 0xC6,
    0x4D, 0xE2, 0x6B, 0x09, 0x2D, 0x6F, 0x82, 0x2E, 0xA5, 0x6A, 0xA0, 0xC8, 0x41, 0x00, 0x4E, 0xA7,
    0x8D, 0xE1, 0x7B, 0x1E, 0xCD, 0x81, 0x8C, 0x91, 0x8E, 0xB8, 0x1D, 0xAD, 0x7C, 0xAD, 0xA6, 0xDF,
    0x5D, 0xE9, 0xB7, 0xF0, 0xDF, 0x58, 0xCE, 0xF0, 0x5C, 0xC2, 0xDB, 0xA3, 0x91, 0x7A, 0x83, 0xFD,
    0x47, 0x62, 0x0F, 0x04, 0x70, 0x6B, 0xDF, 0xFE, 0x1E, 0xF8, 0xCA, 0xD3, 0xC5, 0x36, 0x1B, 0x58,
    0x24, 0x1A, 0x94, 0x2B, 0x99, 0xE0, 0x07, 0x82, 0x3A, 0x6F, 0x4C, 0xF5, 0x5F, 0xD4, 0x1E, 0x0F,
    0x62, 0x7E, 0x73, 0x30, 0xC0, 0xBA, 0x4F, 0xDA, 0x41, 0x7B, 0xBF, 0x91, 0xFB, 0x37, 0x08, 0x71,
    0x4C, 0x71, 0xD0, 0x58, 0x4C, 0x54, 0xBF, 0x7A, 0xB6, 0x6F, 0xED, 0x2F, 0xF3, 0x5D, 0x7B, 0xEF,
    0xDC, 0xEA, 0xA8, 0xA2, 0x8A, 0xF2, 0x8F, 0xBC, 0x0A, 0x28, 0xA2, 0x80, 0x0A, 0xE6, 0xFE, 0x21,
    0x78, 0xA6, 0x2F, 0x0B, 0x68, 0x9F, 0x69, 0x11, 0xA4, 0xD7, 0x73, 0x37, 0x97, 0x6D, 0x13, 0x30,
    0x00, 0xB6, 0x32, 0x58, 0x8C, 0xE4, 0xA8, 0xE3, 0x38, 0xEE, 0x40, 0xE3, 0x39, 0x16, 0x3C, 0x67,
    0xE2, 0x6B, 0x0F, 0x0C, 0x69, 0x46, 0xF2, 0xF0, 0xF9, 0x93, 0x3E, 0x56, 0xDE, 0xDD, 0x4E, 0x1A,
    0x56, 0xFE, 0x80, 0x71, 0x93, 0xDB, 0xDC, 0x90, 0x0F, 0xCF, 0x5E, 0x22, 0xD6, 0x6F, 0xF5, 0xED,
    0x56, 0x4D, 0x47, 0x51, 0x9B, 0xCC, 0x99, 0xF8, 0x55, 0x1C, 0x2C, 0x6B, 0xD9, 0x54, 0x76, 0x03,
    0xFC, 0x49, 0xC9, 0x24, 0xD7, 0xA5, 0x80, 0xC0, 0xBA, 0xF2, 0xE7, 0x97, 0xC2, 0xBF, 0x13, 0xE3,
    0x38, 0xB3, 0x8A, 0x21, 0x96, 0x52, 0x78, 0x7A, 0x0E, 0xF5, 0xA4, 0xBF, 0xF0, 0x15, 0xDD, 0xF9,
    0xF6, 0x5F, 0x3F, 0x5A, 0xFA, 0x95, 0xF5, 0xDE, 0xA5, 0x7F, 0x35, 0xF5, 0xF4, 0xEF, 0x3D, 0xCC,
    0xCD, 0xBA, 0x49, 0x1B, 0xA9, 0x3F, 0xD0, 0x76, 0x00, 0x70, 0x07, 0x02, 0xAB, 0x51, 0x45, 0x7D,
    0x2A, 0x49, 0x2B, 0x23, 0xF1, 0x19, 0xCE, 0x53, 0x93, 0x94, 0x9D, 0xDB, 0x0A, 0x28, 0xA2, 0x99,
    0x21, 0x45, 0x14, 0x50, 0x01, 0x45, 0x14, 0x50, 0x01, 0x45, 0x14, 0x50, 0x01, 0x45, 0x14, 0x50,
    0x01, 0x45, 0x14, 0x50, 0x01, 0x45, 0x14, 0x50, 0x01, 0x45, 0x14, 0x50, 0x01, 0x45, 0x14, 0x50,
    0x01, 0x45, 0x14, 0x50, 0x01, 0x45, 0x14, 0x50, 0x01, 0x45, 0x14, 0x50, 0x01, 0x45, 0x14, 0x50,
    0x01, 0x45, 0x14, 0x50, 0x01, 0x45, 0x14, 0x50, 0x01, 0x56, 0x74, 0xDB, 0xEB, 0xBD, 0x36, 0xFE,
    0x1B, 0xEB, 0x19, 0xDE, 0x0B, 0x98, 0x5B, 0x74, 0x72, 0x2F, 0x50, 0x7F, 0xA8, 0xEC, 0x41, 0xE0,
    0x8E, 0x0D, 0x56, 0xA2, 0x93, 0x49, 0xAB, 0x32, 0xA1, 0x39, 0x42, 0x4A, 0x51, 0x76, 0x68, 0xFA,
    0x23, 0xE1, 0xEF, 0x8C, 0xAD, 0x3C, 0x53, 0x61, 0xB5, 0x82, 0x41, 0xA9, 0x42, 0xB9, 0x9E, 0x00,
    0x78, 0x23, 0xA6, 0xF4, 0xCF, 0x55, 0xFD, 0x41, 0xE0, 0xF6, 0x27, 0xAA, 0xAF, 0x96, 0x34, 0x6D,
    0x42, 0xE7, 0x49, 0xD5, 0x6D, 0xB5, 0x2B, 0x36, 0xDB, 0x3D, 0xBC, 0x81, 0xD7, 0x92, 0x01, 0xC7,
    0x55, 0x38, 0x20, 0xE0, 0x8C, 0x82, 0x3B, 0x82, 0x6B, 0xE8, 0xBF, 0x06, 0x78, 0x9A, 0xC3, 0xC4,
    0xFA, 0x50, 0xBC, 0xB3, 0x3E, 0x5C, 0xC9, 0x85, 0xB8, 0xB7, 0x63, 0x96, 0x89, 0xBF, 0xA8, 0x3C,
    0xE0, 0xF7, 0xF6, 0x20, 0x81, 0xF3, 0x79, 0x86, 0x07, 0xD8, 0x3E, 0x78, 0x7C, 0x2F, 0xF0, 0x3F,
    0x6B, 0xE1, 0x1E, 0x28, 0x59, 0x9D, 0x3F, 0xAB, 0xE2, 0x1A, 0xF6, 0xB1, 0xFF, 0x00, 0xC9, 0x97,
    0x7F, 0x5E, 0xEB, 0xE7, 0xE9, 0xB9, 0x58, 0x7E, 0x33, 0xF1, 0x35, 0x87, 0x86, 0x34, 0xA3, 0x79,
    0x78, 0x7C, 0xC9, 0x9F, 0x2B, 0x6F, 0x6E, 0xA7, 0x0D, 0x2B, 0x7F, 0x40, 0x38, 0xC9, 0xED, 0xEE,
    0x48, 0x06, 0xDF, 0x88, 0xB5, 0x9B, 0x0D, 0x07, 0x4A, 0x93, 0x51, 0xD4, 0x66, 0xF2, 0xE1, 0x4E,
    0x15, 0x47, 0x2D, 0x23, 0x76, 0x55, 0x1D, 0xC9, 0xFF, 0x00, 0x12, 0x70, 0x01, 0x35, 0xF3, 0xA7,
    0x8B, 0xB5, 0xDB, 0x9F, 0x11, 0xEB, 0xB3, 0xEA, 0x97, 0x2B, 0xE5, 0xEF, 0xC2, 0xC7, 0x10, 0x72,
    0xC2, 0x24, 0x1D, 0x14, 0x67, 0xF3, 0x3D, 0x32, 0x49, 0x38, 0x19, 0xA8, 0xC0, 0x60, 0x9E, 0x22,
    0x57, 0x97, 0xC2, 0xBF, 0xAB, 0x1D, 0x1C, 0x55, 0xC4, 0xB1, 0xCA, 0x28, 0xFB, 0x3A, 0x2D, 0x3A,
    0xB2, 0xD9, 0x76, 0x5F, 0xCC, 0xFF, 0x00, 0x45, 0xD7, 0xD1, 0x32, 0x2F, 0x11, 0x6B, 0x37, 0xFA,
    0xF6, 0xAB, 0x26, 0xA3, 0xA8, 0xCD, 0xE6, 0x4C, 0xFC, 0x2A, 0x8E, 0x16, 0x35, 0xEC, 0xAA, 0x3B,
    0x01, 0xFE, 0x24, 0xE4, 0x92, 0x6B, 0x3A, 0x8A, 0x2B, 0xE9, 0xE3, 0x15, 0x15, 0x65, 0xB1, 0xF8,
    0x75, 0x5A, 0xB3, 0xAD, 0x37, 0x52, 0xA3, 0xBC, 0x9E, 0xAD, 0xBE, 0xA1, 0x45, 0x14, 0x53, 0x33,
    0x0A, 0x28, 0xA2, 0x80, 0x0A, 0x28, 0xA2, 0x80, 0x0A, 0x28, 0xA2, 0x80, 0x0A, 0x28, 0xA2, 0x80,
    0x0A, 0x28, 0xA2, 0x80, 0x0A, 0x28, 0xA2, 0x80, 0x0A, 0x28, 0xA2, 0x80, 0x0A, 0x28, 0xA2, 0x80,
    0x0A, 0x28, 0xA2, 0x80, 0x0A, 0x28, 0xA2, 0x80, 0x0A, 0x28, 0xA2, 0x80, 0x0A, 0x28, 0xA2, 0x80,
    0x0A, 0x28, 0xA2, 0x80, 0x0A, 0x28, 0xA2, 0x80, 0x0A, 0x28, 0xA2, 0x80, 0x0A, 0x28, 0xA2, 0x80,
    0x0A, 0xD1, 0xF0, 0xEE, 0xB3, 0x7F, 0xA0, 0xEA, 0xB1, 0xEA, 0x3A, 0x74, 0xDE, 0x5C, 0xC9, 0xC3,
    0x29, 0xE5, 0x64, 0x5E, 0xEA, 0xC3, 0xB8, 0x3F, 0xE0, 0x46, 0x08, 0x06, 0xB3, 0xA8, 0xA5, 0x28,
    0xA9, 0x2B, 0x3D, 0x8D, 0x29, 0x55, 0x9D, 0x19, 0xAA, 0x94, 0xDD, 0xA4, 0xB5, 0x4D, 0x74, 0x37,
    0x3C, 0x67, 0xE2, 0x6B, 0xFF, 0x00, 0x13, 0xEA, 0xA6, 0xF2, 0xF0, 0xF9, 0x70, 0xA6, 0x56, 0xDE,
    0xDD, 0x4E, 0x56, 0x25, 0xFE, 0xA4, 0xF1, 0x93, 0xDF, 0xD8, 0x00, 0x06, 0x1D, 0x14, 0x52, 0x84,
    0x23, 0x08, 0xA8, 0xC5, 0x59, 0x22, 0xB1, 0x18, 0x8A, 0xB8, 0x9A, 0xB2, 0xAD, 0x5A, 0x5C, 0xD2,
    0x96, 0xAD, 0xB0, 0xA2, 0x8A, 0x2A, 0x8C, 0x42, 0x8A, 0x28, 0xA0, 0x02, 0x8A, 0x28, 0xA0, 0x02,
    0x8A, 0x28, 0xA0, 0x02, 0x8A, 0x28, 0xA0, 0x02, 0x8A, 0x28, 0xA0, 0x02, 0x8A, 0x28, 0xA0, 0x02,
    0x8A, 0x28, 0xA0, 0x02, 0x8A, 0x28, 0xA0, 0x02, 0x8A, 0x28, 0xA0, 0x02, 0x8A, 0x28, 0xA0, 0x02,
    0x8A, 0x28, 0xA0, 0x02, 0x8A, 0x28, 0xA0, 0x02, 0x8A, 0x28, 0xA0, 0x02, 0x8A, 0x28, 0xA0, 0x02,
    0x8A, 0x28, 0xA0, 0x02, 0x8A, 0x28, 0xA0, 0x02, 0x8A, 0x28, 0xA0, 0x02, 0x8A, 0x28, 0xA0, 0x02,
    0x8A, 0x28, 0xA0, 0x02, 0x8A, 0x28, 0xA0, 0x02, 0x8A, 0x28, 0xA0, 0x02, 0x8A, 0x28, 0xA0, 0x02,
    0x8A, 0x28, 0xA0, 0x02, 0x8A, 0x28, 0xA0, 0x02, 0x8A, 0x28, 0xA0, 0x02, 0x8A, 0x28, 0xA0, 0x02,
    0x8A, 0x28, 0xA0, 0x02, 0x8A, 0x28, 0xA0, 0x02, 0x8A, 0x28, 0xA0, 0x02, 0x8A, 0x28, 0xA0, 0x02,
    0x8A, 0x28, 0xA0, 0x02, 0x8A, 0x28, 0xA0, 0x02, 0x8A, 0x28, 0xA0, 0x02, 0x8A, 0x28, 0xA0, 0x02,
    0x8A, 0x28, 0xA0, 0x02, 0x8A, 0x28, 0xA0, 0x02, 0x8A, 0x28, 0xA0, 0x02, 0x8A, 0x28, 0xA0, 0x02,
    0x8A, 0x28, 0xA0, 0x02, 0x8A, 0x28, 0xA0, 0x02, 0x8A, 0x28, 0xA0, 0x02, 0x8A, 0x28, 0xA0, 0x02,
    0x8A, 0x28, 0xA0, 0x02, 0x8A, 0x28, 0xA0, 0x02, 0x8A, 0x28, 0xA0, 0x02, 0x8A, 0x28, 0xA0, 0x02,
    0x8A, 0x28, 0xA0, 0x02, 0x8A, 0x28, 0xA0, 0x0F, 0xFF, 0xD9,
};

static const uint8_t EMOJI_LIGHTNING[] PROGMEM = {
    0xFF, 0xD8, 0xFF, 0xE0, 0x00, 0x10, 0x4A, 0x46, 0x49, 0x46, 0x00, 0x01, 0x01, 0x00, 0x00, 0x01,
    0x00, 0x01, 0x00, 0x00, 0xFF, 0xDB, 0x00, 0x43, 0x00, 0x05, 0x03, 0x04, 0x04, 0x04, 0x03, 0x05,
    0x04, 0x04, 0x04, 0x05, 0x05, 0x05, 0x06, 0x07, 0x0C, 0x08, 0x07, 0x07, 0x07, 0x07, 0x0F, 0x0B,
    0x0B, 0x09, 0x0C, 0x11, 0x0F, 0x12, 0x12, 0x11, 0x0F, 0x11, 0x11, 0x13, 0x16, 0x1C, 0x17, 0x13,
    0x14, 0x1A, 0x15, 0x11, 0x11, 0x18, 0x21, 0x18, 0x1A, 0x1D, 0x1D, 0x1F, 0x1F, 0x1F, 0x13, 0x17,
    0x22, 0x24, 0x22, 0x1E, 0x24, 0x1C, 0x1E, 0x1F, 0x1E, 0xFF, 0xDB, 0x00, 0x43, 0x01, 0x05, 0x05,
    0x05, 0x07, 0x06, 0x07, 0x0E, 0x08, 0x08, 0x0E, 0x1E, 0x14, 0x11, 0x14, 0x1E, 0x1E, 0x1E, 0x1E,
    0x1E, 0x1E, 0x1E, 0x1E, 0x1E, 0x1E, 0x1E, 0x1E, 0x1E, 0x1E, 0x1E, 0x1E, 0x1E, 0x1E, 0x1E, 0x1E,
    0x1E, 0x1E, 0x1E, 0x1E, 0x1E, 0x1E, 0x1E, 0x1E, 0x1E, 0x1E, 0x1E, 0x1E, 0x1E, 0x1E, 0x1E, 0x1E,
    0x1E, 0x1E, 0x1E, 0x1E, 0x1E, 0x1E, 0x1E, 0x1E, 0x1E, 0x1E, 0x1E, 0x1E, 0x1E, 0x1E, 0xFF, 0xC0,
    0x00, 0x11, 0x08, 0x00, 0xF0, 0x01, 0x40, 0x03, 0x01, 0x22, 0x00, 0x02, 0x11, 0x01, 0x03, 0x11,
    0x01, 0xFF, 0xC4, 0x00, 0x1F, 0x00, 0x00, 0x01, 0x05, 0x01, 0x01, 0x01, 0x01, 0x01, 0x01, 0x00,
    0x00, 0x00, 0x00, 0x00, 0x00, 0x00, 0x00, 0x01, 0x02, 0x03, 0x04, 0x05, 0x06, 0x07, 0x08, 0x09,
    0x0A, 0x0B, 0xFF, 0xC4, 0x00, 0xB5, 0x10, 0x00, 0x02, 0x01, 0x03, 0x03, 0x02, 0x04, 0x03, 0x05,
    0x05, 0x04, 0x04, 0x00, 0x00, 0x01, 0x7D, 0x01, 0x02, 0x03, 0x00, 0x04, 0x11, 0x05, 0x12, 0x21,
    0x31, 0x41, 0x06, 0x13, 0x51, 0x61, 0x07, 0x22, 0x71, 0x14, 0x32, 0x81, 0x91, 0xA1, 0x08, 0x23,
    0x42, 0xB1, 0xC1, 0x15, 0x52, 0xD1, 0xF0, 0x24, 0x33, 0x62, 0x72, 0x82, 0x09, 0x0A, 0x16, 0x17,
    0x18, 0x19, 0x1A, 0x25, 0x26, 0x27, 0x28, 0x29, 0x2A, 0x34, 0x35, 0x36, 0x37, 0x38, 0x39, 0x3A,
    0x43, 0x44, 0x45, 0x46, 0x47, 0x48, 0x49, 0x4A, 0x53, 0x54, 0x55, 0x56, 0x57, 0x58, 0x59, 0x5A,
    0x63, 0x64, 0x65, 0x66, 0x67, 0x68, 0x69, 0x6A, 0x73, 0x74, 0x75, 0x76, 0x77, 0x78, 0x79, 0x7A,
    0x83, 0x84, 0x85, 0x86, 0x87, 0x88, 0x89, 0x8A, 0x92, 0x93, 0x94, 0x95, 0x96, 0x97, 0x98, 0x99,
    0x9A, 0xA2, 0xA3, 0xA4, 0xA5, 0xA6, 0xA7, 0xA8, 0xA9, 0xAA, 0xB2, 0xB3, 0xB4, 0xB5, 0xB6, 0xB7,
    0xB8, 0xB9, 0xBA, 0xC2, 0xC3, 0xC4, 0xC5, 0xC6, 0xC7, 0xC8, 0xC9, 0xCA, 0xD2, 0xD3, 0xD4, 0xD5,
    0xD6, 0xD7, 0xD8, 0xD9, 0xDA, 0xE1, 0xE2, 0xE3, 0xE4, 0xE5, 0xE6, 0xE7, 0xE8, 0xE9, 0xEA, 0xF1,
    0xF2, 0xF3, 0xF4, 0xF5, 0xF6, 0xF7, 0xF8, 0xF9, 0xFA, 0xFF, 0xC4, 0x00, 0x1F, 0x01, 0x00, 0x03,
    0x01, 0x01, 0x01, 0x01, 0x01, 0x01, 0x01, 0x01, 0x01, 0x00, 0x00, 0x00, 0x00, 0x00, 0x00, 0x01,
    0x02, 0x03, 0x04, 0x05, 0x06, 0x07, 0x08, 0x09, 0x0A, 0x0B, 0xFF, 0xC4, 0x00, 0xB5, 0x11, 0x00,
    0x02, 0x01, 0x02, 0x04, 0x04, 0x03, 0x04, 0x07, 0x05, 0x04, 0x04, 0x00, 0x01, 0x02, 0x77, 0x00,
    0x01, 0x02, 0x03, 0x11, 0x04, 0x05, 0x21, 0x31, 0x06, 0x12, 0x41, 0x51, 0x07, 0x61, 0x71, 0x13,
    0x22, 0x32, 0x81, 0x08, 0x14, 0x42, 0x91, 0xA1, 0xB1, 0xC1, 0x09, 0x23, 0x33, 0x52, 0xF0, 0x15,
    0x62, 0x72, 0xD1, 0x0A, 0x16, 0x24, 0x34, 0xE1, 0x25, 0xF1, 0x17, 0x18, 0x19, 0x1A, 0x26, 0x27,
    0x28, 0x29, 0x2A, 0x35, 0x36, 0x37, 0x38, 0x39, 0x3A, 0x43, 0x44, 0x45, 0x46, 0x47, 0x48, 0x49,
    0x4A, 0x53, 0x54, 0x55, 0x56, 0x57, 0x58, 0x59, 0x5A, 0x63, 0x64, 0x65, 0x66, 0x67, 0x68, 0x69,
    0x6A, 0x73, 0x74, 0x75, 0x76, 0x77, 0x78, 0x79, 0x7A, 0x82, 0x83, 0x84, 0x85, 0x86, 0x87, 0x88,
    0x89, 0x8A, 0x92, 0x93, 0x94, 0x95, 0x96, 0x97, 0x98, 0x99, 0x9A, 0xA2, 0xA3, 0xA4, 0xA5, 0xA6,
    0xA7, 0xA8, 0xA9, 0xAA, 0xB2, 0xB3, 0xB4, 0xB5, 0xB6, 0xB7, 0xB8, 0xB9, 0xBA, 0xC2, 0xC3, 0xC4,
    0xC5, 0xC6, 0xC7, 0xC8, 0xC9, 0xCA, 0xD2, 0xD3, 0xD4, 0xD5, 0xD6, 0xD7, 0xD8, 0xD9, 0xDA, 0xE2,
    0xE3, 0xE4, 0xE5, 0xE6, 0xE7, 0xE8, 0xE9, 0xEA, 0xF2, 0xF3, 0xF4, 0xF5, 0xF6, 0xF7, 0xF8, 0xF9,
    0xFA, 0xFF, 0xDA, 0x00, 0x0C, 0x03, 0x01, 0x00, 0x02, 0x11, 0x03, 0x11, 0x00, 0x3F, 0x00, 0xF8,
    0xCA, 0x8A, 0x28, 0xA0, 0x02, 0x8A, 0x28, 0xA0, 0x02, 0x8A, 0x28, 0xA0, 0x02, 0x8A, 0x28, 0xA0,
    0x02, 0x8A, 0x28, 0xA0, 0x02, 0x8A, 0x28, 0xA0, 0x02, 0x8A, 0x28, 0xA0, 0x02, 0x8A, 0x28, 0xA0,
    0x02, 0x8A, 0x28, 0xA0, 0x02, 0x8A, 0x28, 0xA0, 0x02, 0x8A, 0x28, 0xA0, 0x02, 0x8A, 0x28, 0xA0,
    0x02, 0x8A, 0x28, 0xA0, 0x02, 0x8A, 0x28, 0xA0, 0x02, 0x8A, 0x28, 0xA0, 0x02, 0x8A, 0x28, 0xA0,
    0x02, 0x8A, 0x28, 0xA0, 0x02, 0x8A, 0x28, 0xA0, 0x02, 0x8A, 0x28, 0xA0, 0x02, 0x8A, 0x28, 0xA0,
    0x02, 0x8A, 0x28, 0xA0, 0x02, 0x8A, 0x28, 0xA0, 0x02, 0x8A, 0x28, 0xA0, 0x02, 0x8A, 0x28, 0xA0,
    0x02, 0x8A, 0x28, 0xA0, 0x02, 0x8A, 0x28, 0xA0, 0x02, 0x8A, 0x28, 0xA0, 0x02, 0x8A, 0x28, 0xA0,
    0x02, 0x8A, 0x28, 0xA0, 0x02, 0x8A, 0x28, 0xA0, 0x02, 0x8A, 0x2B, 0x43, 0x50, 0xD1, 0xB5, 0x0B,
    0x0D, 0x2B, 0x4C, 0xD4, 0xEE, 0xE3, 0x89, 0x2D, 0xB5, 0x48, 0xE4, 0x96, 0xD3, 0x17, 0x11, 0xB3,
    0xBA, 0x24, 0x86, 0x36, 0x62, 0x81, 0x8B, 0x20, 0xDE, 0xAC, 0x01, 0x60, 0x37, 0x6D, 0x6C, 0x67,
    0x06, 0xA5, 0xCA, 0x31, 0x69, 0x37, 0xBE, 0xDF, 0x98, 0xEC, 0xD9, 0x9F, 0x45, 0x14, 0x55, 0x08,
    0x28, 0xA2, 0x8A, 0x00, 0x28, 0xA2, 0x8A, 0x00, 0x28, 0xA2, 0x8A, 0x00, 0x28, 0xA2, 0x8A, 0x00,
    0x28, 0xA2, 0x8A, 0x00, 0x28, 0xA2, 0x8A, 0x00, 0x28, 0xA2, 0x8A, 0x00, 0x28, 0xA2, 0x8A, 0x00,
    0x28, 0xA2, 0x8A, 0x00, 0x28, 0xA2, 0x8A, 0x00, 0x28, 0xA2, 0x8A, 0x00, 0x28, 0xA2, 0x8A, 0x00,
    0x28, 0xA2, 0x8A, 0x00, 0x28, 0xA2, 0x8A, 0x00, 0x28, 0xA2, 0x8A, 0x00, 0x28, 0xA2, 0x8A, 0x00,
    0x28, 0xA2, 0x8A, 0x00, 0x28, 0xA2, 0x8A, 0x00, 0xD5, 0xF0, 0x86, 0x81, 0xA8, 0xF8, 0xA7, 0xC4,
    0xFA, 0x77, 0x87, 0x74, 0x98, 0xBC, 0xCB, 0xDD, 0x42, 0xE1, 0x61, 0x8F, 0x2A, 0xC5, 0x53, 0x27,
    0x97, 0x6D, 0xA0, 0x90, 0x8A, 0x32, 0xCC, 0x70, 0x70, 0xA0, 0x9E, 0xD5, 0xEB, 0xFF, 0x00, 0xB6,
    0x9E, 0x9D, 0x67, 0xA4, 0x7C, 0x45, 0xF0, 0xF6, 0x93, 0xA7, 0x43, 0xE4, 0x59, 0x59, 0x78, 0x66,
    0xDA, 0xDE, 0xDE, 0x3D, 0xC5, 0xB6, 0x46, 0x93, 0x4E, 0xAA, 0xB9, 0x24, 0x93, 0x80, 0x00, 0xC9,
    0x24, 0xD7, 0x4B, 0xFB, 0x0B, 0x78, 0x36, 0x4B, 0x9D, 0x73, 0x56, 0xF1, 0xD5, 0xD4, 0x51, 0x35,
    0xB5, 0x9C, 0x67, 0x4F, 0xB3, 0x2F, 0x1A, 0xB1, 0xF3, 0xDF, 0x6B, 0x48, 0xEA, 0x73, 0x94, 0x2A,
    0x9B, 0x57, 0x38, 0xF9, 0x84, 0xC4, 0x03, 0xC1, 0x07, 0xCE, 0xFF, 0x00, 0x6B, 0x4F, 0xF9, 0x38,
    0x2F, 0x13, 0x7F, 0xDB, 0xA7, 0xFE, 0x92, 0x43, 0x5F, 0x2E, 0xB1, 0xBF, 0x5A, 0xCF, 0x96, 0x1E,
    0x2F, 0x4A, 0x50, 0x6D, 0xF9, 0xB7, 0xCA, 0xBF, 0x04, 0xD7, 0xE2, 0x8E, 0xEF, 0x65, 0xC9, 0x85,
    0xE7, 0x7F, 0x69, 0x9E, 0x55, 0x45, 0x14, 0x57, 0xD4, 0x1C, 0x21, 0x45, 0x14, 0x50, 0x01, 0x45,
    0x14, 0x50, 0x01, 0x45, 0x14, 0x50, 0x01, 0x45, 0x14, 0x50, 0x01, 0x45, 0x14, 0x50, 0x01, 0x45,
    0x14, 0x50, 0x01, 0x45, 0x14, 0x50, 0x01, 0x45, 0x14, 0x50, 0x01, 0x45, 0x14, 0x50, 0x01, 0x45,
    0x14, 0x50, 0x01, 0x45, 0x14, 0x50, 0x01, 0x45, 0x14, 0x50, 0x01, 0x45, 0x14, 0x50, 0x01, 0x45,
    0x14, 0x50, 0x01, 0x45, 0x14, 0x50, 0x01, 0x45, 0x14, 0x50, 0x01, 0x45, 0x14, 0x50, 0x01, 0x45,
    0x15, 0xEB, 0xFF, 0x00, 0xB2, 0x47, 0x83, 0xE5, 0xF1, 0x47, 0xC5, 0xFB, 0x0B, 0xF9, 0x6D, 0x7C,
    0xDD, 0x37, 0x43, 0xFF, 0x00, 0x4F, 0xB9, 0x76, 0x2E, 0xAA, 0x24, 0x5C, 0xF9, 0x00, 0x32, 0x8C,
    0x6F, 0xF3, 0x36, 0xB8, 0x52, 0x40, 0x2B, 0x1B, 0xF5, 0xC1, 0x07, 0x97, 0x1D, 0x8B, 0x86, 0x0F,
    0x0F, 0x3C, 0x44, 0xF6, 0x8A, 0x6F, 0xFE, 0x07, 0xCF, 0x63, 0x4A, 0x54, 0xDD, 0x49, 0xA8, 0x2E,
    0xA7, 0xD7, 0xDF, 0x04, 0x3C, 0x1F, 0x17, 0x81, 0xBE, 0x18, 0xE8, 0xBA, 0x17, 0xD9, 0x7E, 0xCF,
    0x7A, 0x2D, 0xD6, 0x7D, 0x40, 0x12, 0x85, 0xCD, 0xD3, 0x80, 0xD2, 0xEE, 0x64, 0x18, 0x6D, 0xA7,
    0xE4, 0x07, 0x9F, 0x95, 0x14, 0x64, 0xE3, 0x35, 0xF1, 0xBF, 0xED, 0x69, 0xFF, 0x00, 0x27, 0x05,
    0xE2, 0x6F, 0xFB, 0x74, 0xFF, 0x00, 0xD2, 0x48, 0x6B, 0xEF, 0xDA, 0xFC, 0xE7, 0xFD, 0xA0, 0x75,
    0x6B, 0x9D, 0x6B, 0xE3, 0x57, 0x8B, 0x6F, 0x2E, 0x92, 0x24, 0x92, 0x3D, 0x4E, 0x5B, 0x40, 0x23,
    0x04, 0x0D, 0x90, 0x1F, 0x25, 0x0F, 0x24, 0xF2, 0x56, 0x35, 0x27, 0xDC, 0x9C, 0x00, 0x38, 0xAF,
    0xCD, 0xB8, 0x26, 0xA5, 0x4C, 0x4E, 0x67, 0x5B, 0x11, 0x3D, 0xDC, 0x5D, 0xFD, 0x5C, 0x93, 0xFD,
    0x0F, 0x63, 0x32, 0x4A, 0x14, 0x23, 0x05, 0xDF, 0xF4, 0x38, 0x5A, 0x28, 0xA2, 0xBF, 0x53, 0x3C,
    0x30, 0xA2, 0x8A, 0x28, 0x00, 0xA2, 0x8A, 0x28, 0x00, 0xA2, 0x8A, 0x28, 0x00, 0xA2, 0x8A, 0x28,
    0x00, 0xA2, 0x8A, 0x28, 0x00, 0xA2, 0x8A, 0x28, 0x00, 0xA2, 0x8A, 0x28, 0x00, 0xA2, 0x8A, 0x28,
    0x00, 0xA2, 0x8A, 0x28, 0x00, 0xA2, 0x8A, 0x28, 0x00, 0xA2, 0x8A, 0x28, 0x00, 0xA2, 0x8A, 0x28,
    0x00, 0xA2, 0x8A, 0x28, 0x00, 0xA2, 0x8A, 0x28, 0x00, 0xA2, 0x8A, 0x28, 0x00, 0xA2, 0x8A, 0x28,
    0x00, 0xA2, 0x8A, 0x28, 0x00, 0xAF, 0xB8, 0xFF, 0x00, 0x63, 0x5F, 0x06, 0xC7, 0xE1, 0xDF, 0x85,
    0x8B, 0xAF, 0x4F, 0x14, 0xA9, 0xA8, 0x78, 0x86, 0x4F, 0xB4, 0x48, 0x24, 0x8D, 0x90, 0xAC, 0x08,
    0x59, 0x61, 0x5C, 0x13, 0x82, 0x08, 0x2D, 0x20, 0x60, 0x06, 0x44, 0xA3, 0xA8, 0x00, 0xD7, 0xC8,
    0x3F, 0x0B, 0x7C, 0x31, 0x27, 0x8C, 0xFE, 0x21, 0xE8, 0x7E, 0x19, 0x54, 0x95, 0xA3, 0xBE, 0xBB,
    0x44, 0xB8, 0x31, 0x3A, 0xA3, 0xAC, 0x03, 0xE6, 0x99, 0x94, 0xB7, 0x19, 0x58, 0xD5, 0xD8, 0x70,
    0x7A, 0x74, 0x27, 0x83, 0xFA, 0x51, 0x67, 0x6D, 0x6D, 0x65, 0x67, 0x0D, 0x9D, 0x9D, 0xBC, 0x56,
    0xD6, 0xD0, 0x46, 0xB1, 0x43, 0x0C, 0x48, 0x11, 0x23, 0x45, 0x18, 0x55, 0x55, 0x1C, 0x00, 0x00,
    0x00, 0x01, 0xD2, 0xBF, 0x3F, 0xE3, 0xCC, 0xC7, 0xD9, 0xD1, 0x86, 0x0E, 0x2F, 0x59, 0x6A, 0xFD,
    0x16, 0xDF, 0x7B, 0xD7, 0xE4, 0x7A, 0xD9, 0x5D, 0x1B, 0xC9, 0xD4, 0x7D, 0x09, 0x6B, 0xF3, 0x5F,
    0xE3, 0x17, 0xFC, 0x95, 0xCF, 0x19, 0x7F, 0xD8, 0x7A, 0xFB, 0xFF, 0x00, 0x4A, 0x1E, 0xBF, 0x4A,
    0x2B, 0xF3, 0x37, 0xE2, 0x4E, 0xA3, 0x67, 0xAB, 0xFC, 0x45, 0xF1, 0x2E, 0xAD, 0xA7, 0x4D, 0xE7,
    0xD9, 0x5E, 0xEA, 0xF7, 0x57, 0x16, 0xF2, 0x6D, 0x2B, 0xBE, 0x37, 0x99, 0x99, 0x5B, 0x04, 0x02,
    0x32, 0x08, 0x38, 0x20, 0x1A, 0xF3, 0xBC, 0x3F, 0x8B, 0xFA, 0xC5, 0x67, 0xD2, 0xCB, 0xF3, 0x35,
    0xCD, 0x9F, 0xBB, 0x13, 0x9F, 0xA2, 0x8A, 0x2B, 0xF5, 0x13, 0xC4, 0x0A, 0x28, 0xA2, 0x80, 0x0A,
    0x28, 0xA2, 0x80, 0x0A, 0x28, 0xA2, 0x80, 0x0A, 0x28, 0xA2, 0x80, 0x0A, 0x28, 0xA2, 0x80, 0x0A,
    0x28, 0xA2, 0x80, 0x0A, 0x28, 0xA2, 0x80, 0x0A, 0x28, 0xA2, 0x80, 0x0A, 0x28, 0xA2, 0x80, 0x0A,
    0x28, 0xA2, 0x80, 0x0A, 0x28, 0xA2, 0x80, 0x0A, 0x28, 0xA2, 0x80, 0x0A, 0x28, 0xA2, 0x80, 0x0A,
    0x28, 0xA2, 0x80, 0x0A, 0x28, 0xA2, 0x80, 0x0A, 0x28, 0xA2, 0x80, 0x0A, 0x28, 0xA9, 0x6C, 0xED,
    0xAE, 0x6F, 0x6F, 0x21, 0xB3, 0xB3, 0xB7, 0x96, 0xE6, 0xE6, 0x79, 0x16, 0x28, 0x61, 0x89, 0x0B,
    0xBC, 0x8E, 0xC7, 0x0A, 0xAA, 0xA3, 0x92, 0x49, 0x20, 0x00, 0x3A, 0xD2, 0x6D, 0x25, 0x76, 0x07,
    0xD4, 0x9F, 0xB0, 0x7F, 0x84, 0xFF, 0x00, 0xE4, 0x3B, 0xE3, 0xA9, 0x66, 0xF5, 0xD2, 0x6D, 0xE2,
    0x56, 0xFF, 0x00, 0xAE, 0x72, 0xCA, 0xCC, 0x36, 0xFF, 0x00, 0xD7, 0x10, 0xA4, 0x37, 0xF7, 0xF2,
    0x3A, 0x1A, 0xFA, 0xA6, 0xB9, 0xFF, 0x00, 0x87, 0x5E, 0x16, 0xB3, 0xF0, 0x57, 0x82, 0x34, 0x9F,
    0x0B, 0xD8, 0xB7, 0x99, 0x16, 0x9F, 0x6E, 0x23, 0x69, 0x30, 0x47, 0x9B, 0x21, 0x25, 0xA4, 0x93,
    0x04, 0xB6, 0xDD, 0xCE, 0xCC, 0xDB, 0x72, 0x40, 0xCE, 0x07, 0x00, 0x57, 0x41, 0x5F, 0x82, 0x67,
    0x79, 0x87, 0xF6, 0x8E, 0x3A, 0xA5, 0x75, 0xB3, 0x7A, 0x7A, 0x2D, 0x17, 0xF9, 0x9F, 0x55, 0x86,
    0xA3, 0xEC, 0x69, 0x28, 0x85, 0x7E, 0x56, 0xD7, 0xEA, 0x95, 0x7E, 0x56, 0xD7, 0xD9, 0xF8, 0x7B,
    0xFF, 0x00, 0x31, 0x1F, 0xF6, 0xE7, 0xFE, 0xDC, 0x79, 0xD9, 0xB7, 0xD8, 0xF9, 0xFE, 0x81, 0x45,
    0x14, 0x57, 0xE9, 0x27, 0x8C, 0x14, 0x51, 0x45, 0x00, 0x14, 0x51, 0x45, 0x00, 0x14, 0x51, 0x45,
    0x00, 0x14, 0x51, 0x45, 0x00, 0x14, 0x51, 0x45, 0x00, 0x14, 0x51, 0x45, 0x00, 0x14, 0x51, 0x45,
    0x00, 0x14, 0x51, 0x45, 0x00, 0x14, 0x51, 0x45, 0x00, 0x14, 0x51, 0x45, 0x00, 0x14, 0x51, 0x45,
    0x00, 0x14, 0x51, 0x45, 0x00, 0x14, 0x51, 0x45, 0x00, 0x14, 0x51, 0x45, 0x00, 0x14, 0x51, 0x45,
    0x00, 0x14, 0x51, 0x45, 0x00, 0x15, 0xED, 0xFF, 0x00, 0xB1, 0xAF, 0x83, 0x64, 0xF1, 0x17, 0xC5,
    0x35, 0xD7, 0xA7, 0x8A, 0x27, 0xD3, 0xFC, 0x3D, 0x1F, 0xDA, 0x24, 0x12, 0x46, 0xAE, 0x1A, 0x77,
    0x0C, 0xB0, 0xAE, 0x09, 0xC8, 0x20, 0x86, 0x90, 0x30, 0x07, 0x06, 0x21, 0xD0, 0x90, 0x6B, 0xC4,
    0x2B, 0xEF, 0x8F, 0xD9, 0x4F, 0xC1, 0x56, 0xDE, 0x11, 0xF8, 0x4B, 0xA7, 0xDE, 0x11, 0x13, 0xEA,
    0x1A, 0xEC, 0x69, 0xA9, 0x5C, 0xCC, 0x80, 0x13, 0xB1, 0xD4, 0x18, 0x63, 0x0D, 0xB4, 0x1C, 0x2A,
    0x10, 0x76, 0x9C, 0xE1, 0xDE, 0x4C, 0x1C, 0x1A, 0xF9, 0x8E, 0x2D, 0xCC, 0x7E, 0xA5, 0x97, 0x49,
    0x45, 0xFB, 0xD3, 0xF7, 0x57, 0xCF, 0x7F, 0xC2, 0xFF, 0x00, 0x3B, 0x1D, 0xB8, 0x0A, 0x3E, 0xD2,
    0xB2, 0xBE, 0xCB, 0x53, 0xD6, 0xA8, 0xA2, 0x8A, 0xFC, 0x50, 0xFA, 0x53, 0x9A, 0xF8, 0xAB, 0x73,
    0x73, 0x65, 0xF0, 0xBF, 0xC5, 0x77, 0x96, 0x77, 0x12, 0xDB, 0x5C, 0xC1, 0xA2, 0xDE, 0x4B, 0x0C,
    0xD1, 0x39, 0x47, 0x8D, 0xD6, 0x07, 0x2A, 0xCA, 0xC3, 0x90, 0x41, 0x00, 0x82, 0x3A, 0x57, 0xE6,
    0x95, 0x7E, 0x94, 0x7C, 0x62, 0xFF, 0x00, 0x92, 0x47, 0xE3, 0x2F, 0xFB, 0x00, 0xDF, 0x7F, 0xE9,
    0x3B, 0xD7, 0xE6, 0xBD, 0x7E, 0xA5, 0xE1, 0xFA, 0x5F, 0x57, 0xAC, 0xFC, 0xD7, 0xE4, 0x78, 0x79,
    0xB7, 0xC7, 0x10, 0xA2, 0x8A, 0x2B, 0xF4, 0x03, 0xC9, 0x0A, 0x28, 0xA2, 0x80, 0x0A, 0x28, 0xA2,
    0x80, 0x0A, 0x28, 0xA2, 0x80, 0x0A, 0x28, 0xA2, 0x80, 0x0A, 0x28, 0xA2, 0x80, 0x0A, 0x28, 0xA2,
    0x80, 0x0A, 0x28, 0xA2, 0x80, 0x0A, 0x28, 0xA2, 0x80, 0x0A, 0x28, 0xA2, 0x80, 0x0A, 0x28, 0xA2,
    0x80, 0x0A, 0x28, 0xA2, 0x80, 0x0A, 0x28, 0xA2, 0x80, 0x0A, 0x28, 0xA2, 0x80, 0x0A, 0x28, 0xA2,
    0x80, 0x0A, 0x28, 0xA2, 0x80, 0x0A, 0x28, 0xA2, 0x80, 0x2D, 0xE8, 0xF3, 0xD9, 0xDA, 0xEA, 0xF6,
    0x77, 0x3A, 0x8D, 0x8F, 0xF6, 0x85, 0x94, 0x57, 0x09, 0x25, 0xC5, 0xA7, 0x9A, 0x62, 0xF3, 0xE3,
    0x0C, 0x0B, 0x47, 0xBC, 0x72, 0xBB, 0x86, 0x46, 0xE1, 0xC8, 0xCE, 0x6B, 0xE9, 0xEF, 0xF8, 0x6B,
    0xFF, 0x00, 0xFA, 0xA7, 0x9F, 0xF9, 0x5A, 0xFF, 0x00, 0xED, 0x15, 0xF2, 0xB5, 0x15, 0xE6, 0x66,
    0x19, 0x36, 0x0F, 0x31, 0x71, 0x78, 0x98, 0x73, 0x72, 0xED, 0xAB, 0x5B, 0xFA, 0x34, 0x6F, 0x47,
    0x11, 0x52, 0x8D, 0xF9, 0x1D, 0xAE, 0x7D, 0x53, 0xFF, 0x00, 0x0D, 0x7F, 0xFF, 0x00, 0x54, 0xF3,
    0xFF, 0x00, 0x2B, 0x5F, 0xFD, 0xA2, 0x8F, 0xF8, 0x6B, 0xFF, 0x00, 0xFA, 0xA7, 0x9F, 0xF9, 0x5A,
    0xFF, 0x00, 0xED, 0x15, 0xF2, 0xB5, 0x15, 0xE7, 0x7F, 0xAA, 0x19, 0x3F, 0xFC, 0xF9, 0xFF, 0x00,
    0xC9, 0xA5, 0xFF, 0x00, 0xC9, 0x1A, 0xFF, 0x00, 0x68, 0x62, 0x3F, 0x9B, 0xF0, 0x5F, 0xE4, 0x7D,
    0x73, 0x7D, 0xF1, 0xE6, 0xE7, 0xC7, 0x5F, 0x07, 0x3E, 0x21, 0xDD, 0xAF, 0x84, 0x22, 0xB0, 0xB6,
    0xB0, 0xD3, 0x12, 0xD2, 0x42, 0x75, 0x43, 0x23, 0xB3, 0xDE, 0x39, 0x81, 0x48, 0x5F, 0x24, 0x0C,
    0x28, 0x2E, 0xC7, 0x9F, 0xE1, 0x51, 0x8F, 0x98, 0x95, 0xF9, 0x1A, 0xBE, 0xA9, 0xF8, 0x2D, 0xF0,
    0xD3, 0x51, 0xF1, 0x2F, 0xEC, 0x9F, 0xAD, 0xE9, 0xDA, 0x6B, 0x69, 0x50, 0xEA, 0x5E, 0x26, 0xBF,
    0x59, 0xA0, 0xB8, 0x98, 0xB2, 0xE2, 0x18, 0x27, 0x8D, 0x42, 0x4A, 0xCA, 0x85, 0xB8, 0x68, 0x66,
    0x2A, 0x06, 0xE0, 0x37, 0xF6, 0xDC, 0x71, 0xCA, 0xFF, 0x00, 0xC3, 0x27, 0x7C, 0x45, 0xFF, 0x00,
    0xA0, 0xD7, 0x85, 0x7F, 0xF0, 0x2A, 0xE3, 0xFF, 0x00, 0x8C, 0xD7, 0x9F, 0x95, 0x63, 0xF2, 0x9C,
    0xB2, 0xA6, 0x22, 0x8C, 0x64, 0xA1, 0x69, 0xDA, 0xCD, 0xB7, 0xB4, 0x52, 0xEB, 0x7F, 0xB5, 0xCC,
    0x6D, 0x5E, 0x96, 0x22, 0xBA, 0x84, 0x9A, 0xBE, 0x9F, 0xAF, 0xF9, 0x58, 0xF0, 0x0A, 0x2B, 0xDF,
    0xFF, 0x00, 0xE1, 0x93, 0xBE, 0x22, 0xFF, 0x00, 0xD0, 0x6B, 0xC2, 0xBF, 0xF8, 0x15, 0x71, 0xFF,
    0x00, 0xC6, 0x68, 0xFF, 0x00, 0x86, 0x4E, 0xF8, 0x8B, 0xFF, 0x00, 0x41, 0xAF, 0x0A, 0xFF, 0x00,
    0xE0, 0x55, 0xC7, 0xFF, 0x00, 0x19, 0xAF, 0x67, 0xFD, 0x64, 0xCA, 0xBF, 0xE7, 0xFC, 0x4E, 0x6F,
    0xA9, 0xD7, 0xFE, 0x56, 0x78, 0x05, 0x15, 0xDA, 0xFC, 0x5B, 0xF8, 0x71, 0xAB, 0x7C, 0x34, 0xD5,
    0xEC, 0xF4, 0x9D, 0x73, 0x53, 0xD2, 0xAE, 0xEF, 0x6E, 0xAD, 0xFE, 0xD0, 0x23, 0xB1, 0x79, 0x5B,
    0xCB, 0x8F, 0x71, 0x55, 0x66, 0x2F, 0x1A, 0x8E, 0x4A, 0xB8, 0x00, 0x12, 0x7E, 0x53, 0x9C, 0x64,
    0x67, 0x8A, 0xAF, 0x56, 0x85, 0x7A, 0x78, 0x8A, 0x6A, 0xAD, 0x27, 0x78, 0xBD, 0x99, 0x84, 0xE0,
    0xE0, 0xF9, 0x65, 0xB8, 0x51, 0x45, 0x15, 0xB1, 0x21, 0x45, 0x14, 0x50, 0x01, 0x45, 0x14, 0x50,
    0x01, 0x45, 0x14, 0x50, 0x01, 0x45, 0x14, 0x50, 0x01, 0x45, 0x14, 0x50, 0x01, 0x45, 0x14, 0x50,
    0x01, 0x45, 0x14, 0x50, 0x01, 0x45, 0x14, 0x50, 0x01, 0x45, 0x14, 0x50, 0x01, 0x45, 0x14, 0x50,
    0x01, 0x45, 0x14, 0x50, 0x01, 0x45, 0x14, 0x50, 0x01, 0x45, 0x14, 0x50, 0x01, 0x45, 0x14, 0x50,
    0x01, 0x45, 0x14, 0x50, 0x01, 0x45, 0x15, 0xDF, 0xFE, 0xCE, 0x9A, 0x3F, 0xF6, 0xE7, 0xC6, 0xFF,
    0x00, 0x09, 0xD9, 0x7D, 0xA3, 0xEC, 0xFE, 0x5D, 0xFA, 0xDE, 0x6F, 0xD9, 0xBB, 0x3F, 0x67, 0x53,
    0x3E, 0xDC, 0x64, 0x7D, 0xEF, 0x2F, 0x6E, 0x7B, 0x67, 0x38, 0x38, 0xC5, 0x61, 0x89, 0xAF, 0x1C,
    0x3D, 0x19, 0xD6, 0x96, 0xD1, 0x4D, 0xFD, 0xCA, 0xE5, 0x42, 0x2E, 0x72, 0x51, 0x5D, 0x4F, 0xBC,
    0xFE, 0x1C, 0x68, 0x1F, 0xF0, 0x8B, 0x78, 0x07, 0x41, 0xF0, 0xEB, 0x45, 0x69, 0x1C, 0xBA, 0x7D,
    0x84, 0x30, 0xCF, 0xF6, 0x55, 0xC4, 0x6F, 0x30, 0x51, 0xE6, 0x38, 0xE0, 0x67, 0x73, 0xEE, 0x6C,
    0x90, 0x09, 0x24, 0x93, 0xC9, 0x35, 0xD0, 0x51, 0x45, 0x7F, 0x3C, 0x55, 0xA9, 0x2A, 0xB3, 0x73,
    0x96, 0xED, 0xDF, 0xEF, 0x3E, 0xBA, 0x29, 0x45, 0x59, 0x05, 0x73, 0xFF, 0x00, 0x11, 0x7C, 0x53,
    0x67, 0xE0, 0xAF, 0x04, 0x6A, 0xDE, 0x28, 0xBE, 0x5F, 0x32, 0x2D, 0x3E, 0xDC, 0xC8, 0xB1, 0xE4,
    0x8F, 0x36, 0x42, 0x42, 0xC7, 0x1E, 0x40, 0x6D, 0xBB, 0x9D, 0x95, 0x77, 0x60, 0x81, 0x9C, 0x9E,
    0x01, 0xAE, 0x82, 0xBE, 0x1C, 0xFD, 0xAD, 0x3E, 0x28, 0xC7, 0xE3, 0x7F, 0x16, 0x27, 0x87, 0xB4,
    0x5B, 0xA8, 0xA7, 0xF0, 0xFE, 0x8D, 0x21, 0xF2, 0xE7, 0x82, 0x66, 0x64, 0xBC, 0x9C, 0xA8, 0x0D,
    0x21, 0x1C, 0x29, 0x09, 0xF3, 0x22, 0x10, 0x0F, 0x57, 0x60, 0xC4, 0x38, 0x03, 0xD8, 0xE1, 0xFC,
    0xA2, 0x59, 0xA6, 0x2D, 0x53, 0xFB, 0x0B, 0x59, 0x3F, 0x2E, 0xDE, 0xAF, 0x65, 0xF7, 0xF4, 0x39,
    0xF1, 0x78, 0x85, 0x42, 0x9D, 0xFA, 0xF4, 0x3C, 0x97, 0xC5, 0xFA, 0xFE, 0xA3, 0xE2, 0x9F, 0x13,
    0xEA, 0x3E, 0x22, 0xD5, 0xA5, 0xF3, 0x2F, 0x75, 0x0B, 0x86, 0x9A, 0x4C, 0x33, 0x15, 0x4C, 0x9E,
    0x11, 0x77, 0x12, 0x42, 0x28, 0xC2, 0xA8, 0xC9, 0xC2, 0x80, 0x3B, 0x56, 0x55, 0x14, 0x57, 0xEE,
    0x90, 0x84, 0x69, 0xC5, 0x46, 0x2A, 0xC9, 0x68, 0x7C, 0xC3, 0x6D, 0xBB, 0xB0, 0xA2, 0x8A, 0x2A,
    0x84, 0x14, 0x51, 0x45, 0x00, 0x14, 0x51, 0x45, 0x00, 0x14, 0x51, 0x45, 0x00, 0x14, 0x51, 0x45,
    0x00, 0x14, 0x51, 0x45, 0x00, 0x14, 0x51, 0x45, 0x00, 0x14, 0x51, 0x45, 0x00, 0x14, 0x51, 0x45,
    0x00, 0x14, 0x51, 0x45, 0x00, 0x14, 0x51, 0x45, 0x00, 0x14, 0x51, 0x45, 0x00, 0x14, 0x51, 0x45,
    0x00, 0x14, 0x51, 0x45, 0x00, 0x14, 0x51, 0x45, 0x00, 0x14, 0x51, 0x45, 0x00, 0x15, 0xF4, 0xA7,
    0xEC, 0x15, 0xA3, 0xF9, 0xFE, 0x2E, 0xF1, 0x2E, 0xBF, 0xF6, 0x8D, 0xBF, 0x62, 0xB0, 0x8A, 0xCF,
    0xC9, 0xD9, 0x9D, 0xFE, 0x7C, 0x9B, 0xF7, 0x6E, 0xCF, 0x1B, 0x7E, 0xCF, 0x8C, 0x60, 0xE7, 0x77,
    0x51, 0x8E, 0x7E, 0x6B, 0xAF, 0xBC, 0xFF, 0x00, 0x64, 0x0D, 0x03, 0xFB, 0x0F, 0xE0, 0x86, 0x9B,
    0x3B, 0xC5, 0x77, 0x14, 0xFA, 0xB5, 0xC4, 0xDA, 0x84, 0xA9, 0x3A, 0xED, 0xC6, 0xE6, 0xF2, 0xD0,
    0xA0, 0xC0, 0x3B, 0x1A, 0x38, 0xE3, 0x60, 0x4E, 0x73, 0xBB, 0x20, 0xE0, 0x8A, 0xF9, 0x5E, 0x32,
    0xC5, 0xFD, 0x5F, 0x2B, 0x94, 0x56, 0xF3, 0x6A, 0x3F, 0xAB, 0xFC, 0x15, 0xBE, 0x67, 0x76, 0x5D,
    0x4F, 0x9E, 0xBA, 0x7D, 0xB5, 0x3D, 0x7E, 0x8A, 0x2B, 0x2B, 0xC5, 0xFA, 0xFE, 0x9D, 0xE1, 0x6F,
    0x0C, 0x6A, 0x3E, 0x22, 0xD5, 0xA5, 0xF2, 0xEC, 0xB4, 0xFB, 0x76, 0x9A, 0x4C, 0x32, 0x86, 0x7C,
    0x0E, 0x11, 0x77, 0x10, 0x0B, 0xB1, 0xC2, 0xA8, 0xC8, 0xCB, 0x10, 0x3B, 0xD7, 0xE3, 0x50, 0x84,
    0xAA, 0x49, 0x46, 0x2A, 0xED, 0xE8, 0x7D, 0x1B, 0x69, 0x2B, 0xB3, 0xC9, 0x7F, 0x6B, 0x4F, 0x8A,
    0x32, 0x78, 0x23, 0xC2, 0x69, 0xE1, 0xED, 0x16, 0xEA, 0x58, 0x3C, 0x41, 0xAC, 0xC6, 0x7C, 0xB9,
    0xE0, 0x99, 0x55, 0xEC, 0xE0, 0x0C, 0x03, 0x48, 0x47, 0x2C, 0x0B, 0xFC, 0xC8, 0x84, 0x01, 0xD1,
    0xD8, 0x30, 0x28, 0x01, 0xF8, 0x72, 0xBA, 0x5F, 0x89, 0x9E, 0x32, 0xD5, 0x7C, 0x79, 0xE3, 0x3B,
    0xFF, 0x00, 0x11, 0xEA, 0xB2, 0xCA, 0x5A, 0x79, 0x08, 0xB6, 0x81, 0xE4, 0xDE, 0x2D, 0x60, 0x0C,
    0x4A, 0x42, 0xA4, 0x00, 0x30, 0xA0, 0xF5, 0x00, 0x64, 0xE5, 0x8F, 0x2C, 0x4D, 0x73, 0x55, 0xFB,
    0x9F, 0x0F, 0x65, 0x11, 0xCA, 0xF0, 0x6A, 0x9B, 0x5E, 0xFB, 0xD6, 0x4F, 0xCF, 0xB7, 0xA2, 0xDB,
    0xF1, 0xEA, 0x7C, 0xC6, 0x2F, 0x10, 0xEB, 0xD4, 0xBF, 0x4E, 0x81, 0x45, 0x14, 0x57, 0xB8, 0x72,
    0x85, 0x14, 0x51, 0x40, 0x05, 0x14, 0x51, 0x40, 0x05, 0x14, 0x51, 0x40, 0x05, 0x14, 0x51, 0x40,
    0x05, 0x14, 0x51, 0x40, 0x05, 0x14, 0x51, 0x40, 0x05, 0x14, 0x51, 0x40, 0x05, 0x14, 0x51, 0x40,
    0x05, 0x14, 0x51, 0x40, 0x05, 0x14, 0x51, 0x40, 0x05, 0x14, 0x51, 0x40, 0x05, 0x14, 0x51, 0x40,
    0x05, 0x14, 0x51, 0x40, 0x05, 0x14, 0x51, 0x40, 0x05, 0x14, 0x51, 0x40, 0x05, 0x14, 0x51, 0x40,
    0x12, 0xD9, 0xDB, 0x5C, 0xDE, 0xDE, 0x43, 0x67, 0x67, 0x6F, 0x2D, 0xCD, 0xCC, 0xF2, 0x2C, 0x50,
    0xC3, 0x12, 0x17, 0x79, 0x1D, 0x8E, 0x15, 0x55, 0x47, 0x24, 0x92, 0x40, 0x00, 0x75, 0xAF, 0xD3,
    0xDF, 0x0D, 0x69, 0x36, 0xDA, 0x07, 0x87, 0x74, 0xCD, 0x0A, 0xCD, 0xE5, 0x92, 0xDB, 0x4E, 0xB4,
    0x8A, 0xD2, 0x16, 0x94, 0x82, 0xEC, 0x91, 0xA0, 0x45, 0x2C, 0x40, 0x00, 0x9C, 0x01, 0x9C, 0x01,
    0xF4, 0xAF, 0x83, 0x3F, 0x65, 0xCF, 0x0C, 0x49, 0xE2, 0x7F, 0x8D, 0x5A, 0x1A, 0x14, 0x94, 0xDB,
    0x69, 0x72, 0x7F, 0x69, 0xDC, 0x3C, 0x6E, 0xAA, 0x50, 0x42, 0x43, 0x46, 0x7E, 0x6E, 0xA0, 0xCA,
    0x62, 0x52, 0x00, 0xCE, 0x18, 0xF4, 0xEA, 0x3F, 0x40, 0xEB, 0xF2, 0xFE, 0x3E, 0xC5, 0xA9, 0x56,
    0xA5, 0x87, 0x4F, 0xE1, 0x4D, 0xBF, 0x9E, 0x8B, 0xF2, 0xFC, 0x4F, 0x6F, 0x2A, 0xA7, 0x68, 0xCA,
    0x7D, 0xC2, 0xBE, 0x2C, 0xFD, 0xB1, 0x7E, 0x27, 0x7F, 0xC2, 0x4F, 0xE2, 0x7F, 0xF8, 0x42, 0x74,
    0x99, 0x77, 0x69, 0x1A, 0x2D, 0xC1, 0xFB, 0x51, 0x68, 0x36, 0xB4, 0x97, 0xC8, 0x5D, 0x1B, 0x0C,
    0x79, 0x28, 0x80, 0x95, 0x1C, 0x2E, 0x58, 0xB9, 0xF9, 0x86, 0xC3, 0x5E, 0xFD, 0xFB, 0x4B, 0x7C,
    0x4E, 0xFF, 0x00, 0x85, 0x71, 0xE0, 0x8F, 0xF8, 0x97, 0x4B, 0xB3, 0xC4, 0x3A, 0xA6, 0xE8, 0xB4,
    0xCC, 0xC1, 0xE6, 0x22, 0x6D, 0x2B, 0xE6, 0x4A, 0xD9, 0xF9, 0x7E, 0x55, 0x61, 0x80, 0x73, 0x96,
    0x65, 0xF9, 0x59, 0x43, 0x63, 0xE0, 0x2A, 0xBE, 0x08, 0xC9, 0x79, 0xE4, 0xF1, 0xF5, 0x56, 0x8B,
    0x48, 0xFA, 0xF5, 0x7F, 0x2D, 0x97, 0x9D, 0xFB, 0x0B, 0x33, 0xC4, 0xD9, 0x7B, 0x28, 0xFC, 0xC2,
    0x8A, 0x28, 0xAF, 0xD3, 0x4F, 0x14, 0x28, 0xA2, 0x8A, 0x00, 0x28, 0xA2, 0x8A, 0x00, 0x28, 0xA2,
    0x8A, 0x00, 0x28, 0xA2, 0x8A, 0x00, 0x28, 0xA2, 0x8A, 0x00, 0x28, 0xA2, 0x8A, 0x00, 0x28, 0xA2,
    0x8A, 0x00, 0x28, 0xA2, 0x8A, 0x00, 0x28, 0xA2, 0x8A, 0x00, 0x28, 0xA2, 0x8A, 0x00, 0x28, 0xA2,
    0x8A, 0x00, 0x28, 0xA2, 0x8A, 0x00, 0x28, 0xA2, 0x8A, 0x00, 0x28, 0xA2, 0x8A, 0x00, 0x28, 0xA2,
    0x8A, 0x00, 0x28, 0xA2, 0x8A, 0x00, 0x28, 0xA2, 0x8A, 0x00, 0xFA, 0xA7, 0xF6, 0x0A, 0xF0, 0xEF,
    0xFC, 0x8C, 0xBE, 0x2C, 0x9E, 0xCF, 0xFE, 0x79, 0x69, 0xD6, 0x97, 0x3E, 0x6F, 0xFD, 0xB4, 0x9D,
    0x36, 0x83, 0xFF, 0x00, 0x5E, 0xE7, 0x24, 0x7B, 0x03, 0xF7, 0xAB, 0xE9, 0x9F, 0x11, 0xEB, 0x5A,
    0x57, 0x87, 0x74, 0x3B, 0xBD, 0x6F, 0x5B, 0xBE, 0x8A, 0xC7, 0x4F, 0xB3, 0x8F, 0xCC, 0x9E, 0x79,
    0x0F, 0x0A, 0x3A, 0x0E, 0x07, 0x24, 0x92, 0x40, 0x0A, 0x32, 0x49, 0x20, 0x00, 0x49, 0x02, 0xBC,
    0xEB, 0xF6, 0x52, 0xF0, 0xEF, 0xFC, 0x23, 0xDF, 0x04, 0x34, 0x5F, 0x36, 0xCF, 0xEC, 0xD7, 0x7A,
    0x9E, 0xFD, 0x46, 0xE3, 0xF7, 0xBB, 0xFC, 0xCF, 0x31, 0xBF, 0x74, 0xFD, 0x48, 0x19, 0x85, 0x61,
    0xE0, 0x63, 0x1D, 0xC6, 0x73, 0x5E, 0x37, 0xFB, 0x67, 0xFC, 0x51, 0x8F, 0x51, 0xBC, 0x1F, 0x0E,
    0xB4, 0x2B, 0xA8, 0xA5, 0xB4, 0xB5, 0x91, 0x65, 0xD5, 0xA7, 0x86, 0x66, 0xCB, 0x4E, 0xA5, 0x80,
    0xB6, 0x20, 0x61, 0x48, 0x4E, 0x19, 0xBE, 0xF7, 0xCF, 0xB4, 0x7C, 0xAD, 0x19, 0x07, 0xF1, 0xEC,
    0x4E, 0x16, 0x79, 0xF6, 0x7D, 0x52, 0x11, 0xF8, 0x53, 0xB3, 0x7D, 0xA3, 0x1D, 0x2E, 0xB7, 0xDE,
    0xDA, 0x79, 0xB3, 0xE8, 0x61, 0x35, 0x85, 0xC2, 0xA6, 0xF7, 0xFD, 0x59, 0xE2, 0x1F, 0x15, 0xFC,
    0x6F, 0xA8, 0xFC, 0x42, 0xF1, 0xBD, 0xEF, 0x89, 0xB5, 0x18, 0xFC, 0x8F, 0x3B, 0x6C, 0x76, 0xF6,
    0xA2, 0x56, 0x74, 0xB6, 0x85, 0x46, 0x15, 0x14, 0x9F, 0xC5, 0x8E, 0x00, 0x05, 0x99, 0x8E, 0x06,
    0x71, 0x5C, 0xAD, 0x14, 0x57, 0xEB, 0x94, 0x68, 0xC2, 0x85, 0x38, 0xD3, 0xA6, 0xAD, 0x14, 0xAC,
    0x97, 0x91, 0xE0, 0x4A, 0x4E, 0x4D, 0xC9, 0xEE, 0x14, 0x51, 0x45, 0x6A, 0x48, 0x51, 0x45, 0x14,
    0x00, 0x51, 0x45, 0x14, 0x00, 0x51, 0x45, 0x14, 0x00, 0x51, 0x45, 0x14, 0x00, 0x51, 0x45, 0x14,
    0x00, 0x51, 0x45, 0x14, 0x00, 0x51, 0x45, 0x14, 0x00, 0x51, 0x45, 0x14, 0x00, 0x51, 0x45, 0x14,
    0x00, 0x51, 0x45, 0x14, 0x00, 0x51, 0x45, 0x14, 0x00, 0x51, 0x45, 0x14, 0x00, 0x51, 0x45, 0x14,
    0x00, 0x51, 0x45, 0x14, 0x00, 0x51, 0x45, 0x14, 0x00, 0x51, 0x45, 0x14, 0x00, 0x56, 0x87, 0x86,
    0xB4, 0x9B, 0x9D, 0x7F, 0xC4, 0x5A, 0x66, 0x85, 0x66, 0xF1, 0x47, 0x73, 0xA8, 0xDD, 0xC5, 0x69,
    0x0B, 0x4A, 0x48, 0x45, 0x79, 0x1C, 0x22, 0x96, 0x20, 0x12, 0x06, 0x48, 0xCE, 0x01, 0xFA, 0x56,
    0x7D, 0x7A, 0xD7, 0xEC, 0x9B, 0xA4, 0xDB, 0x5F, 0xFC, 0x63, 0xB4, 0xD4, 0xEF, 0xDF, 0x4F, 0x4D,
    0x3F, 0x42, 0xB4, 0x9F, 0x54, 0xBB, 0x6B, 0xD2, 0x02, 0x22, 0x22, 0x6C, 0x57, 0x04, 0x8C, 0x02,
    0x8F, 0x22, 0x3E, 0x49, 0x1B, 0x76, 0x13, 0x9C, 0x81, 0x5C, 0x98, 0xFC, 0x4F, 0xD5, 0x70, 0xB5,
    0x2B, 0x7F, 0x2A, 0x6F, 0xE7, 0xD3, 0xF1, 0x34, 0xA5, 0x0E, 0x79, 0xA8, 0xF7, 0x3E, 0xA9, 0xF8,
    0xFB, 0xE3, 0xFB, 0x1F, 0x85, 0x7F, 0x0D, 0x40, 0xD2, 0xE1, 0x8A, 0x0D, 0x42, 0xE6, 0x33, 0x61,
    0xA3, 0x5B, 0x41, 0xE5, 0xA0, 0x80, 0x84, 0x20, 0x4A, 0x10, 0x82, 0x3C, 0xB8, 0x86, 0xDE, 0x02,
    0x91, 0x92, 0x8A, 0x70, 0x1B, 0x23, 0xE0, 0x1B, 0xCB, 0x9B, 0x9B, 0xDB, 0xC9, 0xAF, 0x2F, 0x2E,
    0x25, 0xB9, 0xB9, 0x9E, 0x46, 0x96, 0x69, 0xA5, 0x72, 0xEF, 0x23, 0xB1, 0xCB, 0x33, 0x31, 0xE4,
    0x92, 0x49, 0x24, 0x9E, 0xB5, 0xDA, 0xFC, 0x74, 0xF1, 0xFC, 0x9F, 0x12, 0x3E, 0x21, 0xDD, 0xF8,
    0x85, 0x61, 0x96, 0xDE, 0xC5, 0x23, 0x5B, 0x6B, 0x08, 0x25, 0xDB, 0xBE, 0x38, 0x13, 0x24, 0x6E,
    0x2A, 0x3A, 0xB3, 0x33, 0xB9, 0x19, 0x6C, 0x6F, 0xDB, 0x92, 0x00, 0x35, 0xC2, 0xD7, 0x8F, 0xC3,
    0x59, 0x32, 0xCB, 0x70, 0xA9, 0xCD, 0x7E, 0xF2, 0x7A, 0xCB, 0xFC, 0xBE, 0x5F, 0x9D, 0xCE, 0x8C,
    0x6E, 0x27, 0xDB, 0x54, 0xD3, 0x65, 0xB0, 0x51, 0x45, 0x15, 0xF4, 0x67, 0x18, 0x51, 0x45, 0x14,
    0x00, 0x51, 0x45, 0x14, 0x00, 0x51, 0x45, 0x14, 0x00, 0x51, 0x45, 0x14, 0x00, 0x51, 0x45, 0x14,
    0x00, 0x51, 0x45, 0x14, 0x00, 0x51, 0x45, 0x14, 0x00, 0x51, 0x45, 0x14, 0x00, 0x51, 0x45, 0x14,
    0x00, 0x51, 0x45, 0x14, 0x00, 0x51, 0x45, 0x14, 0x00, 0x51, 0x45, 0x14, 0x00, 0x51, 0x45, 0x14,
    0x00, 0x51, 0x45, 0x14, 0x00, 0x51, 0x45, 0x14, 0x00, 0x51, 0x45, 0x14, 0x00, 0x51, 0x45, 0x14,
    0x00, 0x56, 0xDE, 0x9F, 0xE2, 0x3B, 0x9B, 0x0F, 0x09, 0xEA, 0x7E, 0x1E, 0xB4, 0xB1, 0xD3, 0xD1,
    0x75, 0x49, 0x23, 0x37, 0x77, 0xA6, 0x22, 0xD7, 0x2F, 0x12, 0x30, 0x75, 0x80, 0x31, 0x24, 0x24,
    0x7B, 0xD5, 0x5C, 0xED, 0x50, 0xCC, 0x55, 0x72, 0xC4, 0x00, 0x2B, 0x12, 0x8A, 0x89, 0xD3, 0x8C,
    0xD2, 0x52, 0x57, 0xD9, 0xFD, 0xDA, 0xA1, 0xA6, 0xD6, 0xC1, 0x45, 0x14, 0x55, 0x88, 0x28, 0xA2,
    0x8A, 0x00, 0x28, 0xA2, 0x8A, 0x00, 0x28, 0xA2, 0x8A, 0x00, 0x28, 0xA2, 0x8A, 0x00, 0x28, 0xA2,
    0x8A, 0x00, 0x28, 0xA2, 0x8A, 0x00, 0x28, 0xA2, 0x8A, 0x00, 0x28, 0xA2, 0x8A, 0x00, 0x28, 0xA2,
    0x8A, 0x00, 0x28, 0xA2, 0x8A, 0x00, 0x28, 0xA2, 0x8A, 0x00, 0x28, 0xA2, 0x8A, 0x00, 0x28, 0xA2,
    0x8A, 0x00, 0x28, 0xA2, 0x8A, 0x00, 0x28, 0xA2, 0x8A, 0x00, 0x28, 0xA2, 0x8A, 0x00, 0x28, 0xA2,
    0x8A, 0x00, 0x28, 0xA2, 0x8A, 0x00, 0x28, 0xA2, 0x8A, 0x00, 0x28, 0xA2, 0x8A, 0x00, 0x28, 0xA2,
    0x8A, 0x00, 0x28, 0xA2, 0x8A, 0x00, 0x28, 0xA2, 0x8A, 0x00, 0x28, 0xA2, 0x8A, 0x00, 0x28, 0xA2,
    0x8A, 0x00, 0x28, 0xA2, 0x8A, 0x00, 0x28, 0xA2, 0x8A, 0x00, 0x28, 0xA2, 0x8A, 0x00, 0x28, 0xA2,
    0x8A, 0x00, 0x28, 0xA2, 0x8A, 0x00, 0xFF, 0xD9,
};

}  // namespace mova

#endif  // MOVA_EMOJI_BITMAPS_H
